<COLLADA xmlns="http://www.collada.org/2005/11/COLLADASchema" version="1.4.1">
  <asset>
    <contributor/>
    <created>2026-04-24T20:14:46.590378</created>
    <modified>2026-04-24T20:14:46.590378</modified>
    <unit name="meter" meter="1.0"/>
    <up_axis>Z_UP</up_axis>
  </asset>
  <library_effects>
    <effect id="effect_Body002" name="effect_Body002">
      <profile_COMMON>
        <technique sid="common">
          <phong>
            <emission>
              <color>0.0 0.0 0.0 1.0</color>
            </emission>
            <ambient>
              <color>0.0 0.0 0.0 1.0</color>
            </ambient>
            <diffuse>
              <color>0.4470588266849518 0.4745098054409027 0.501960813999176 1.0</color>
            </diffuse>
            <specular>
              <color>1 1 1 1.0</color>
            </specular>
            <shininess>
              <float>0.0</float>
            </shininess>
            <reflective>
              <color>0.0 0.0 0.0 1.0</color>
            </reflective>
            <reflectivity>
              <float>0.0</float>
            </reflectivity>
            <transparent>
              <color>0.0 0.0 0.0 1.0</color>
            </transparent>
            <transparency>
              <float>1.0</float>
            </transparency>
          </phong>
        </technique>
        <extra>
          <technique profile="GOOGLEEARTH">
            <double_sided>0</double_sided>
          </technique>
        </extra>
      </profile_COMMON>
    </effect>
  </library_effects>
  <library_geometries>
    <geometry id="geometry0" name="Body002">
      <mesh>
        <source id="cubeverts-array0">
          <float_array count="8544" id="cubeverts-array0-array">0.02242471 0.05480387 0.01136396 0.02242471 0.05545829 0.01195709 0.02242471 0.0551238 0.01166856 0.02242471 0.05449927 0.01104403 0.02242471 0.05654091 0.01271956 0.02242471 0.05580654 0.01222887 0.02242471 0.0561677 0.01248323 0.02242471 0.05344828 0.009626925 0.02242471 0.05323054 0.009242571 0.02242471 0.0536846 0.01000013 0.02242471 0.05303193 0.008847996 0.02242471 0.05285292 0.008444151 0.02242471 0.05421074 0.01070954 0.02242471 0.05772368 0.01331492 0.02242471 0.05692526 0.01293729 0.02242471 0.05731984 0.0131359 0.02242471 0.05269394 0.008032009 0.02242471 0.05255537 0.007612562 0.02242471 0.05855527 0.01361246 0.02242471 0.05813583 0.0134739 0.02242471 0.05243755 0.007186821 0.02242471 0.05393896 0.01036129 0.02242471 0.05226524 0.006320574 0.02242471 0.05221117 0.005882154 0.02242471 0.05234077 0.006755813 0.02242471 0.05898101 0.01373028 0.02242471 0.06028568 0.01395666 0.02242471 0.05941202 0.01382707 0.02242471 0.05984726 0.01390259 0.02242471 0.05217867 0.005441609 0.02242471 0.05216783 0.005 0.02242471 0.06116783 0.014 0.02242471 0.06072622 0.01398916 0.02242471 0.05216783 0 0.02242471 0.1411678 0.014 0.02242471 0.14205 0.01395666 0.02242471 0.1416094 0.01398916 0.02242471 0.1429236 0.01382707 0.02242471 0.1424884 0.01390259 0.02242471 0.1441998 0.0134739 0.02242471 0.1433547 0.01373028 0.02242471 0.1437804 0.01361246 0.02242471 0.1450158 0.0131359 0.02242471 0.144612 0.01331492 0.02242471 0.1454104 0.01293729 0.02242471 0.1457948 0.01271956 0.02242471 0.1468774 0.01195709 0.02242471 0.146168 0.01248323 0.02242471 0.1465291 0.01222887 0.02242471 0.1478364 0.01104403 0.02242471 0.1472119 0.01166856 0.02242471 0.1475318 0.01136396 0.02242471 0.1481249 0.01070954 0.02242471 0.1483967 0.01036129 0.02242471 0.1486511 0.01000013 0.02242471 0.1488874 0.009626925 0.02242471 0.1493037 0.008847996 0.02242471 0.1491051 0.009242571 0.02242471 0.1496417 0.008032009 0.02242471 0.1494827 0.008444151 0.02242471 0.1498981 0.007186821 0.02242471 0.1497803 0.007612562 0.02242471 0.1500704 0.006320574 0.02242471 0.1499949 0.006755813 0.02242471 0.1501245 0.005882154 0.02242471 0.150157 0.005441609 0.02242471 0.1501678 0.005 0.02242471 0.1501678 0 -0.0173483 0.05153344 0 -0.01740676 0.05161226 0 -0.0172824 0.05146073 0 -0.01720969 0.05139482 0 -0.01704669 0.05128591 0 -0.01713086 0.05133636 0 -0.01745721 0.05169644 0 -0.01749917 0.05178515 0 -0.01695798 0.05124395 0 -0.01677038 0.05118705 0 -0.01686558 0.05121089 0 -0.01753223 0.05187755 0 -0.01757048 0.05206982 0 -0.01755608 0.05197274 0 -0.01657529 0.05116783 0 -0.01667331 0.05117265 0 -0.01757529 0.05216783 0 -0.01595124 0.05838396 0 -0.01595124 0.07016158 0 0.02142471 0.05116783 0 0.0216198 0.05118705 0 0.02152272 0.05117265 0 0.02180739 0.05124395 0 0.02171499 0.05121089 0 0.0218961 0.05128591 0 0.02198028 0.05133636 0 0.02213181 0.05146073 0 0.0220591 0.05139482 0 0.02219772 0.05153344 0 0.02225618 0.05161226 0 0.02230663 0.05169644 0 0.02234859 0.05178515 0 0.02240549 0.05197274 0 0.02238165 0.05187755 0 0.02241989 0.05206982 0 0.0205033 0.05838396 0 0.0205033 0.07016158 0 -0.0139883 0.1315734 0 -0.01757529 0.1501678 0 -0.0139883 0.1447531 0 -0.01755608 0.1503629 0 -0.01753223 0.1504581 0 -0.01757048 0.1502659 0 -0.01749917 0.1505505 0 -0.01745721 0.1506392 0 -0.01740676 0.1507234 0 -0.0173483 0.1508022 0 -0.0172824 0.1508749 0 -0.01713086 0.1509993 0 -0.01704669 0.1510498 0 -0.01720969 0.1509408 0 -0.01695798 0.1510917 0 -0.01686558 0.1511248 0 -0.01677038 0.1511486 0 -0.01667331 0.151163 0 -0.01657529 0.1511678 0 0.0193816 0.1315734 0 0.02142471 0.1511678 0 0.0193816 0.1447531 0 0.0216198 0.1511486 0 0.02171499 0.1511248 0 0.02152272 0.151163 0 0.02180739 0.1510917 0 0.02234859 0.1505505 0 0.02241989 0.1502659 0 0.02240549 0.1503629 0 0.02238165 0.1504581 0 0.0218961 0.1510498 0 0.02198028 0.1509993 0 0.02219772 0.1508022 0 0.02230663 0.1506392 0 0.02225618 0.1507234 0 0.0220591 0.1509408 0 0.02213181 0.1508749 0 0.02241989 0.05206982 0.005 0.02240549 0.05197274 0.005 0.02238165 0.05187755 0.005 0.02234859 0.05178515 0.005 0.02230663 0.05169644 0.005 0.02225618 0.05161226 0.005 0.02219772 0.05153344 0.005 0.02213181 0.05146073 0.005 0.0220591 0.05139482 0.005 0.02198028 0.05133636 0.005 0.0218961 0.05128591 0.005 0.02180739 0.05124395 0.005 0.02171499 0.05121089 0.005 0.0216198 0.05118705 0.005 0.02152272 0.05117265 0.005 0.02142471 0.05116783 0.005 0.02241989 0.1502659 0.005 0.02240549 0.1503629 0.005 0.02238165 0.1504581 0.005 0.02234859 0.1505505 0.005 0.02230663 0.1506392 0.005 0.02225618 0.1507234 0.005 0.02219772 0.1508022 0.005 0.02213181 0.1508749 0.005 0.0220591 0.1509408 0.005 0.02198028 0.1509993 0.005 0.0218961 0.1510498 0.005 0.02180739 0.1510917 0.005 0.02171499 0.1511248 0.005 0.0216198 0.1511486 0.005 0.02152272 0.151163 0.005 0.02142471 0.1511678 0.005 0.02142471 0.05117988 0.005490677 0.02241989 0.06116783 0.01409802 0.02241989 0.05208078 0.005446419 0.02240549 0.05198382 0.005451182 0.02238165 0.05188874 0.005455853 0.02234859 0.05179645 0.005460386 0.02230663 0.05170784 0.005464739 0.02241989 0.05211362 0.005891762 0.02225618 0.05162377 0.00546887 0.02240549 0.05201702 0.005901277 0.02219772 0.05154504 0.005472737 0.02238165 0.05192228 0.005910607 0.02213181 0.05147242 0.005476305 0.02234859 0.05183033 0.005919664 0.0220591 0.05140659 0.005479539 0.02230663 0.05174204 0.005928359 0.02198028 0.05134821 0.005482408 0.02241989 0.05216829 0.006334956 0.02225618 0.05165828 0.00593661 0.0218961 0.05129781 0.005484883 0.02240549 0.05207227 0.0063492 0.02219772 0.05157983 0.005944335 0.02180739 0.05125591 0.005486942 0.02238165 0.0519781 0.006363168 0.02213181 0.05150747 0.005951463 0.02171499 0.05122289 0.005488564 0.02234859 0.0518867 0.006376726 0.0220591 0.05144188 0.005957922 0.0216198 0.05119907 0.005489734 0.02230663 0.05179895 0.006389742 0.02198028 0.05138371 0.005963653 0.02152272 0.05118469 0.00549044 0.02241989 0.05224463 0.006774935 0.02225618 0.05171569 0.006402093 0.0218961 0.0513335 0.005968598 0.02240549 0.05214943 0.006793873 0.02219772 0.05163772 0.006413659 0.02180739 0.05129174 0.00597271 0.02238165 0.05205606 0.006812445 0.02213181 0.05156579 0.006424328 0.02171499 0.05125884 0.005975951 0.02234859 0.05196544 0.006830471 0.0220591 0.0515006 0.006433999 0.0216198 0.05123511 0.005978288 0.02230663 0.05187843 0.006847778 0.02198028 0.05144278 0.006442576 0.02152272 0.05122078 0.0059797 0.02142471 0.05121598 0.005980171 0.02241989 0.05234247 0.007210638 0.02225618 0.05179587 0.006864199 0.0218961 0.05139287 0.006449979 0.02240549 0.05224831 0.007234225 0.02219772 0.05171856 0.006879577 0.02180739 0.05135136 0.006456136 0.02238165 0.05215597 0.007257355 0.02213181 0.05164725 0.006893763 0.02171499 0.05131866 0.006460987 0.02234859 0.05206634 0.007279806 0.0220591 0.05158261 0.00690662 0.0216198 0.05129507 0.006464485 0.02230663 0.05198028 0.007301362 0.02198028 0.05152527 0.006918025 0.02152272 0.05128083 0.006466598 0.02142471 0.05127607 0.006467305 0.02142471 0.05135998 0.006950903 0.02241989 0.05246157 0.007641015 0.02225618 0.05189863 0.007321814 0.0218961 0.05147579 0.006927867 0.02240549 0.05236868 0.007669194 0.02219772 0.05182217 0.007340967 0.02180739 0.05143464 0.006936053 0.02238165 0.05227758 0.007696827 0.02213181 0.05175164 0.007358634 0.02171499 0.05140221 0.006942502 0.02234859 0.05218916 0.007723649 0.0220591 0.05168771 0.007374648 0.0216198 0.05137883 0.006947155 0.02230663 0.05210427 0.007749402 0.02198028 0.051631 0.007388852 0.02152272 0.0513647 0.006949964 0.02241989 0.05260165 0.00806503 0.02225618 0.05202372 0.007773836 0.0218961 0.05158206 0.007401111 0.02240549 0.05251025 0.008097733 0.02219772 0.05194829 0.007796717 0.02180739 0.05154136 0.007411306 0.02238165 0.05242062 0.008129803 0.02213181 0.05187871 0.007817824 0.02171499 0.05150929 0.007419339 0.02234859 0.05233362 0.008160931 0.0220591 0.05181564 0.007836955 0.0216198 0.05148616 0.007425133 0.02230663 0.0522501 0.008190818 0.02198028 0.0517597 0.007853925 0.02152272 0.05147219 0.007428632 0.02142471 0.05146752 0.007429802 0.02241989 0.05276236 0.008481661 0.02225618 0.05217084 0.008219174 0.0218961 0.05171143 0.00786857 0.02240549 0.05267268 0.008518808 0.02219772 0.05209663 0.008245729 0.02180739 0.05167127 0.00788075 0.02238165 0.05258473 0.008555238 0.02213181 0.05202816 0.008270226 0.02171499 0.05163964 0.007890347 0.02234859 0.05249936 0.008590597 0.0220591 0.05196611 0.008292428 0.0216198 0.05161682 0.007897269 0.02230663 0.0524174 0.008624547 0.02198028 0.05191107 0.008312122 0.02152272 0.05160304 0.007901449 0.02142471 0.05159843 0.007902847 0.02241989 0.05294332 0.008889904 0.02225618 0.05233964 0.008656758 0.0218961 0.05186357 0.008329119 0.02240549 0.05285557 0.008931408 0.02219772 0.05226682 0.008686923 0.02180739 0.05182406 0.008343254 0.02238165 0.05276952 0.008972109 0.02213181 0.05219963 0.008714749 0.02171499 0.05179293 0.008354392 0.02234859 0.05268599 0.009011614 0.0220591 0.05213875 0.008739969 0.0216198 0.05177048 0.008362425 0.02230663 0.05260579 0.009049544 0.02198028 0.05208474 0.008762341 0.02152272 0.05175693 0.008367276 0.02142471 0.05175239 0.008368898 0.02241989 0.0531441 0.009288775 0.02225618 0.0525297 0.009085533 0.0218961 0.05203813 0.008781648 0.02240549 0.05305849 0.009334536 0.02219772 0.05245845 0.009119234 0.02180739 0.05199936 0.008797705 0.02238165 0.05297453 0.00937941 0.02213181 0.05239271 0.009150323 0.02171499 0.05196882 0.008810356 0.02234859 0.05289304 0.009422966 0.0220591 0.05233314 0.0091785 0.0216198 0.05194679 0.008819481 0.02230663 0.05281481 0.009464786 0.02198028 0.05228029 0.009203495 0.02152272 0.05193349 0.008824991 0.02142471 0.05192904 0.008826835 0.02241989 0.0533642 0.009677316 0.02225618 0.05274057 0.009504465 0.0218961 0.05223468 0.009225066 0.02240549 0.05328094 0.009727221 0.02219772 0.05267105 0.009541621 0.02180739 0.05219675 0.009243005 0.02238165 0.05319929 0.009776161 0.02213181 0.05260693 0.009575898 0.02171499 0.05216687 0.00925714 0.02234859 0.05312004 0.009823664 0.0220591 0.05254881 0.009606965 0.0216198 0.05214531 0.009267336 0.02230663 0.05304395 0.009869271 0.02198028 0.05249725 0.009634522 0.02152272 0.05213229 0.009273492 0.02142471 0.05212794 0.009275551 0.02241989 0.05360311 0.01005459 0.02225618 0.05297175 0.009912545 0.0218961 0.05245275 0.009658305 0.02240549 0.0535224 0.01010852 0.02219772 0.05290414 0.009953068 0.02180739 0.05241575 0.009678084 0.02238165 0.05344324 0.01016141 0.02213181 0.05284177 0.00999045 0.02171499 0.0523866 0.009693669 0.02234859 0.05336642 0.01021274 0.0220591 0.05278524 0.01002433 0.0216198 0.05236557 0.009704909 0.02230663 0.05329266 0.01026203 0.02198028 0.0527351 0.01005439 0.02152272 0.05235287 0.009711698 0.02142471 0.05234862 0.009713967 0.02241989 0.05386024 0.01041968 0.02225618 0.05322267 0.01030879 0.0218961 0.05269183 0.01008032 0.02240549 0.05378227 0.01047751 0.02219772 0.05315713 0.01035258 0.02180739 0.05265584 0.01010189 0.02238165 0.05370581 0.01053422 0.02213181 0.05309667 0.01039298 0.02171499 0.05262748 0.01011889 0.02234859 0.05363159 0.01058926 0.0220591 0.05304187 0.01042959 0.0216198 0.05260703 0.01013115 0.02230663 0.05356034 0.0106421 0.02198028 0.05299326 0.01046207 0.02152272 0.05259468 0.01013855 0.02142471 0.05259055 0.01014103 0.02142471 0.05285314 0.0105557 0.02241989 0.05413497 0.01077172 0.02225618 0.05349273 0.01069225 0.0218961 0.05295132 0.0104901 0.02240549 0.05405993 0.0108333 0.02219772 0.05342942 0.0107392 0.02180739 0.05291643 0.01051341 0.02238165 0.05398635 0.01089369 0.02213181 0.05337101 0.01078252 0.02171499 0.05288894 0.01053178 0.02234859 0.05391492 0.01095231 0.0220591 0.05331808 0.01082178 0.0216198 0.05286911 0.01054503 0.02230663 0.05384634 0.01100859 0.02198028 0.05327112 0.0108566 0.02152272 0.05285714 0.01055303 0.02241989 0.05442665 0.01110985 0.02225618 0.05378128 0.01106199 0.0218961 0.0532306 0.01088665 0.02240549 0.05435472 0.01117505 0.02219772 0.05372034 0.01111199 0.02180739 0.0531969 0.01091165 0.02238165 0.05428419 0.01123897 0.02213181 0.05366414 0.01115812 0.02171499 0.05317035 0.01093134 0.02234859 0.05421572 0.01130103 0.0220591 0.05361319 0.01119993 0.0216198 0.05315119 0.01094555 0.02230663 0.05414999 0.0113606 0.02198028 0.053568 0.01123702 0.02152272 0.05313963 0.01095412 0.02142471 0.05313576 0.01095699 0.02142471 0.05343773 0.01134393 0.02241989 0.05473456 0.01143327 0.02225618 0.05408762 0.01141713 0.0218961 0.053529 0.01126902 0.02240549 0.05466592 0.01150191 0.02219772 0.05402922 0.01147006 0.02180739 0.05349657 0.01129564 0.02238165 0.05459861 0.01156922 0.02213181 0.05397534 0.01151889 0.02171499 0.05347102 0.01131662 0.02234859 0.05453328 0.01163456 0.0220591 0.05392651 0.01156315 0.0216198 0.05345258 0.01133174 0.02230663 0.05447054 0.01169729 0.02198028 0.05388319 0.01160241 0.02152272 0.05344145 0.01134088 0.02142471 0.05375832 0.01171559 0.02241989 0.05505798 0.01174119 0.02225618 0.05441103 0.01175681 0.0218961 0.05384581 0.01163629 0.02240549 0.05499279 0.01181311 0.02219772 0.05435529 0.01181254 0.02180739 0.05381472 0.01166447 0.02238165 0.05492886 0.01188365 0.02213181 0.05430387 0.01186396 0.02171499 0.05379023 0.01168667 0.02234859 0.05486681 0.01195211 0.0220591 0.05425727 0.01191056 0.0216198 0.05377256 0.01170269 0.02230663 0.05480723 0.01201784 0.02198028 0.05421593 0.0119519 0.02152272 0.05376189 0.01171236 0.02241989 0.05539611 0.01203286 0.02225618 0.05475071 0.01208021 0.0218961 0.05418026 0.01198757 0.02240549 0.05533453 0.0121079 0.02219772 0.05469777 0.01213861 0.02180739 0.05415059 0.01201724 0.02238165 0.05527414 0.01218149 0.02213181 0.05464894 0.01219249 0.02171499 0.05412721 0.01204062 0.02234859 0.05521552 0.01225291 0.0220591 0.05460468 0.01224132 0.0216198 0.05411035 0.01205748 0.02230663 0.05515924 0.01232149 0.02198028 0.05456542 0.01228464 0.02152272 0.05410017 0.01206766 0.02142471 0.05409676 0.01207107 0.02142471 0.05445224 0.01240951 0.02241989 0.05574815 0.0123076 0.02225618 0.05510584 0.01238656 0.0218961 0.05453154 0.01232202 0.02240549 0.05569032 0.01238557 0.02219772 0.05505584 0.01244749 0.02180739 0.05450336 0.01235311 0.02238165 0.05563362 0.01246203 0.02213181 0.05500971 0.0125037 0.02171499 0.05448116 0.01237761 0.02234859 0.05557858 0.01253624 0.0220591 0.0549679 0.01255464 0.0216198 0.05446515 0.01239527 0.02230663 0.05552573 0.0126075 0.02198028 0.05493081 0.01259983 0.02152272 0.05445548 0.01240594 0.02241989 0.05611325 0.01256472 0.02225618 0.05547559 0.01267511 0.0218961 0.05489881 0.01263883 0.02240549 0.05605931 0.01264544 0.02219772 0.05542863 0.01273842 0.02180739 0.05487219 0.01267126 0.02238165 0.05600643 0.01272459 0.02213181 0.05538531 0.01279682 0.02171499 0.05485122 0.01269682 0.02234859 0.05595509 0.01280142 0.0220591 0.05534606 0.01284976 0.0216198 0.05483609 0.01271525 0.02230663 0.05590581 0.01287518 0.02198028 0.05531123 0.01289671 0.02152272 0.05482695 0.01272638 0.02142471 0.0548239 0.0127301 0.02241989 0.05649052 0.01280363 0.02225618 0.05585904 0.01294517 0.0218961 0.05528118 0.01293723 0.02240549 0.05644061 0.01288689 0.02219772 0.05581525 0.0130107 0.02180739 0.05525618 0.01297093 0.02238165 0.05639167 0.01296854 0.02213181 0.05577485 0.01307116 0.02171499 0.05523649 0.01299749 0.02234859 0.05634417 0.0130478 0.0220591 0.05573824 0.01312596 0.0216198 0.05522229 0.01301664 0.02230663 0.05629856 0.01312389 0.02198028 0.05570576 0.01317457 0.02152272 0.05521371 0.01302821 0.02142471 0.05521084 0.01303207 0.02241989 0.05687906 0.01302374 0.02225618 0.05625529 0.01319609 0.0218961 0.05567773 0.01321652 0.02240549 0.0568333 0.01310935 0.02219772 0.05621476 0.01326369 0.02180739 0.05565442 0.0132514 0.02238165 0.05678842 0.0131933 0.02213181 0.05617738 0.01332606 0.02171499 0.05563605 0.01327889 0.02234859 0.05674487 0.01327479 0.0220591 0.0561435 0.01338259 0.0216198 0.05562281 0.01329872 0.02230663 0.05670305 0.01335303 0.02198028 0.05611345 0.01343273 0.02152272 0.05561481 0.01331069 0.02142471 0.05561213 0.0133147 0.02142471 0.05602681 0.01357729 0.02241989 0.05727793 0.01322451 0.02225618 0.05666337 0.01342726 0.0218961 0.05608751 0.01347601 0.02240549 0.05723642 0.01331226 0.02219772 0.05662621 0.01349678 0.02180739 0.05606594 0.013512 0.02238165 0.05719572 0.01339832 0.02213181 0.05659193 0.0135609 0.02171499 0.05604894 0.01354035 0.02234859 0.05715622 0.01348184 0.0220591 0.05656087 0.01361903 0.0216198 0.05603668 0.01356081 0.02230663 0.05711829 0.01356204 0.02198028 0.05653331 0.01367058 0.02152272 0.05602928 0.01357316 0.02142471 0.05645387 0.01381921 0.02241989 0.05768617 0.01340547 0.02225618 0.0570823 0.01363813 0.0218961 0.05650953 0.01371508 0.02240549 0.05764902 0.01349516 0.02219772 0.0570486 0.01370939 0.02180739 0.05648975 0.01375208 0.02238165 0.05761259 0.0135831 0.02213181 0.05701751 0.01377512 0.02171499 0.05647416 0.01378124 0.02234859 0.05757724 0.01366847 0.0220591 0.05698933 0.0138347 0.0216198 0.05646292 0.01380227 0.02230663 0.05754329 0.01375043 0.02198028 0.05696434 0.01388754 0.02152272 0.05645613 0.01381497 0.02241989 0.0581028 0.01356618 0.02225618 0.05751107 0.0138282 0.0218961 0.05694277 0.01393315 0.02240549 0.0580701 0.01365758 0.02219772 0.05748091 0.01390102 0.02180739 0.05692483 0.01397108 0.02238165 0.05803803 0.01374721 0.02213181 0.05745308 0.0139682 0.02171499 0.05691069 0.01400097 0.02234859 0.0580069 0.01383421 0.0220591 0.05742786 0.01402908 0.0216198 0.0569005 0.01402252 0.02230663 0.05797702 0.01391774 0.02198028 0.05740549 0.01408309 0.02152272 0.05689434 0.01403554 0.02142471 0.05689228 0.01403989 0.02241989 0.05852682 0.01370626 0.02225618 0.05794866 0.01399699 0.0218961 0.05738618 0.0141297 0.02240549 0.05849864 0.01379915 0.02219772 0.0579221 0.01407121 0.02180739 0.05737013 0.01416847 0.02238165 0.058471 0.01389025 0.02213181 0.05789761 0.01413967 0.02171499 0.05735748 0.01419901 0.02234859 0.05844418 0.01397867 0.0220591 0.0578754 0.01420172 0.0216198 0.05734835 0.01422104 0.02230663 0.05841843 0.01406356 0.02198028 0.05785571 0.01425676 0.02152272 0.05734284 0.01423435 0.02142471 0.057341 0.0142388 0.02241989 0.0589572 0.01382536 0.02225618 0.058394 0.01414411 0.0218961 0.05783871 0.01430426 0.02240549 0.05893361 0.01391953 0.02219772 0.05837112 0.01421954 0.02180739 0.05782458 0.01434377 0.02238165 0.05891048 0.01401187 0.02213181 0.05835001 0.01428912 0.02171499 0.05781344 0.0143749 0.02234859 0.05888803 0.0141015 0.0220591 0.05833088 0.01435219 0.0216198 0.05780541 0.01439735 0.02230663 0.05886647 0.01418755 0.02198028 0.05831391 0.01440813 0.02152272 0.05780056 0.01441091 0.02142471 0.05779893 0.01441544 0.02142471 0.05826499 0.0145694 0.02241989 0.0593929 0.0139232 0.02225618 0.05884602 0.0142692 0.0218961 0.05829926 0.01445641 0.02240549 0.05937396 0.01401841 0.02219772 0.05882687 0.01434566 0.02180739 0.05828708 0.01449656 0.02238165 0.05935539 0.01411177 0.02213181 0.0588092 0.0144162 0.02171499 0.05827748 0.0145282 0.02234859 0.05933736 0.0142024 0.0220591 0.05879319 0.01448013 0.0216198 0.05827057 0.01455102 0.02230663 0.05932006 0.01428941 0.02198028 0.05877898 0.01453683 0.02152272 0.05826638 0.0145648 0.02142471 0.05873803 0.01470031 0.02241989 0.05983288 0.01399955 0.02225618 0.05930363 0.01437196 0.0218961 0.05876672 0.01458577 0.02240549 0.05981863 0.01409557 0.02219772 0.05928826 0.01444927 0.02180739 0.05875653 0.01462647 0.02238165 0.05980466 0.01418973 0.02213181 0.05927407 0.01452059 0.02171499 0.05874849 0.01465854 0.02234859 0.05979111 0.01428113 0.0220591 0.05926121 0.01458523 0.0216198 0.0587427 0.01468167 0.02230663 0.05977809 0.01436888 0.02198028 0.05924981 0.01464256 0.02152272 0.0587392 0.01469564 0.02241989 0.06027607 0.01405421 0.02225618 0.05976574 0.01445215 0.0218961 0.05923997 0.01469204 0.02240549 0.06026656 0.01415081 0.02219772 0.05975417 0.01453012 0.02180739 0.05923178 0.0147332 0.02238165 0.06025723 0.01424555 0.02213181 0.0597435 0.01460204 0.02171499 0.05922533 0.01476562 0.02234859 0.06024817 0.0143375 0.0220591 0.05973383 0.01466723 0.0216198 0.05922068 0.01478901 0.02230663 0.06023948 0.01442579 0.02198028 0.05972526 0.01472506 0.02152272 0.05921787 0.01480313 0.02142471 0.05921693 0.01480785 0.02142471 0.05970053 0.01489176 0.02241989 0.06072141 0.01408706 0.02240549 0.06116783 0.01419509 0.02225618 0.06023122 0.01450956 0.0218961 0.05971785 0.01477496 0.02240549 0.06071665 0.01418401 0.02219772 0.0602235 0.014588 0.02180739 0.0597117 0.01481647 0.02238165 0.06071198 0.01427909 0.02238165 0.06116783 0.01429029 0.02234859 0.06116783 0.01438268 0.02213181 0.06021637 0.01466036 0.02171499 0.05970685 0.01484917 0.02234859 0.06070745 0.01437138 0.02230663 0.06116783 0.0144714 0.0220591 0.06020991 0.01472595 0.0216198 0.05970335 0.01487276 0.02230663 0.06070309 0.01445999 0.02198028 0.06020418 0.01478413 0.02152272 0.05970123 0.014887 0.02225618 0.06069896 0.01454406 0.02225618 0.06116783 0.01455557 0.02219772 0.06116783 0.01463439 0.0218961 0.06019923 0.01483434 0.02219772 0.0606951 0.01462279 0.02180739 0.06019512 0.01487609 0.02213181 0.06069153 0.01469541 0.02213181 0.06116783 0.01470711 0.02171499 0.06019188 0.01490899 0.0220591 0.06068829 0.01476124 0.0220591 0.06116783 0.01477301 0.02198028 0.06116783 0.01483147 0.0216198 0.06018954 0.01493272 0.02198028 0.06068542 0.01481963 0.0218961 0.06116783 0.01488192 0.02152272 0.06018813 0.01494705 0.02142471 0.06018766 0.01495185 0.02142471 0.06067715 0.01498795 0.0218961 0.06068295 0.01487002 0.02180739 0.06068089 0.01491193 0.02180739 0.06116783 0.01492388 0.02171499 0.06067927 0.01494495 0.02171499 0.06116783 0.01495694 0.0216198 0.06116783 0.01498079 0.0216198 0.0606781 0.01496876 0.02152272 0.06067739 0.01498314 0.02152272 0.06116783 0.01499518 0.02142471 0.06116783 0.015 0.02142471 0.1416585 0.01498795 0.02142471 0.1411678 0.015 0.02152272 0.1411678 0.01499518 0.02142471 0.1511558 0.005490677 0.02241989 0.1416143 0.01408706 0.02241989 0.1411678 0.01409802 0.02240549 0.141619 0.01418401 0.02240549 0.1411678 0.01419509 0.02238165 0.1416237 0.01427909 0.02238165 0.1411678 0.01429029 0.02234859 0.1416282 0.01437138 0.02234859 0.1411678 0.01438268 0.02230663 0.1416326 0.01445999 0.02230663 0.1411678 0.0144714 0.02241989 0.1420596 0.01405421 0.02225618 0.1416367 0.01454406 0.02225618 0.1411678 0.01455557 0.02240549 0.1420691 0.01415081 0.02219772 0.1416406 0.01462279 0.02219772 0.1411678 0.01463439 0.02238165 0.1420784 0.01424555 0.02213181 0.1416441 0.01469541 0.02213181 0.1411678 0.01470711 0.02234859 0.1420875 0.0143375 0.0220591 0.1416474 0.01476124 0.0220591 0.1411678 0.01477301 0.02230663 0.1420962 0.01442579 0.02198028 0.1416502 0.01481963 0.02198028 0.1411678 0.01483147 0.02241989 0.1425028 0.01399955 0.02225618 0.1421044 0.01450956 0.0218961 0.1416527 0.01487002 0.0218961 0.1411678 0.01488192 0.02240549 0.142517 0.01409557 0.02219772 0.1421122 0.014588 0.02180739 0.1416548 0.01491193 0.02180739 0.1411678 0.01492388 0.02238165 0.142531 0.01418973 0.02213181 0.1421193 0.01466036 0.02171499 0.1416564 0.01494495 0.02171499 0.1411678 0.01495694 0.02234859 0.1425446 0.01428113 0.0220591 0.1421258 0.01472595 0.0216198 0.1416576 0.01496876 0.0216198 0.1411678 0.01498079 0.02230663 0.1425576 0.01436888 0.02198028 0.1421315 0.01478413 0.02152272 0.1416583 0.01498314 0.02241989 0.1429428 0.0139232 0.02225618 0.1425699 0.01445215 0.0218961 0.1421364 0.01483434 0.02240549 0.1429617 0.01401841 0.02219772 0.1425815 0.01453012 0.02180739 0.1421405 0.01487609 0.02238165 0.1429803 0.01411177 0.02213181 0.1425922 0.01460204 0.02171499 0.1421438 0.01490899 0.02234859 0.1429983 0.0142024 0.0220591 0.1426018 0.01466723 0.0216198 0.1421461 0.01493272 0.02230663 0.1430156 0.01428941 0.02198028 0.1426104 0.01472506 0.02152272 0.1421475 0.01494705 0.02142471 0.142148 0.01495185 0.02241989 0.1433785 0.01382536 0.02225618 0.143032 0.01437196 0.0218961 0.1426178 0.01477496 0.02240549 0.1434021 0.01391953 0.02219772 0.1430474 0.01444927 0.02180739 0.142624 0.01481647 0.02238165 0.1434252 0.01401187 0.02213181 0.1430616 0.01452059 0.02171499 0.1426288 0.01484917 0.02234859 0.1434476 0.0141015 0.0220591 0.1430744 0.01458523 0.0216198 0.1426323 0.01487276 0.02230663 0.1434692 0.01418755 0.02198028 0.1430859 0.01464256 0.02152272 0.1426344 0.014887 0.02142471 0.1426351 0.01489176 0.02241989 0.1438089 0.01370626 0.02225618 0.1434897 0.0142692 0.0218961 0.1430957 0.01469204 0.02240549 0.143837 0.01379915 0.02219772 0.1435088 0.01434566 0.02180739 0.1431039 0.0147332 0.02238165 0.1438647 0.01389025 0.02213181 0.1435265 0.0144162 0.02171499 0.1431103 0.01476562 0.02234859 0.1438915 0.01397867 0.0220591 0.1435425 0.01448013 0.0216198 0.143115 0.01478901 0.02230663 0.1439172 0.01406356 0.02198028 0.1435567 0.01453683 0.02152272 0.1431178 0.01480313 0.02142471 0.1431187 0.01480785 0.02241989 0.1442329 0.01356618 0.02225618 0.1439417 0.01414411 0.0218961 0.1435689 0.01458577 0.02240549 0.1442656 0.01365758 0.02219772 0.1439646 0.01421954 0.02180739 0.1435791 0.01462647 0.02238165 0.1442976 0.01374721 0.02213181 0.1439857 0.01428912 0.02171499 0.1435872 0.01465854 0.02234859 0.1443288 0.01383421 0.0220591 0.1440048 0.01435219 0.0216198 0.143593 0.01468167 0.02230663 0.1443587 0.01391774 0.02198028 0.1440218 0.01440813 0.02152272 0.1435965 0.01469564 0.02142471 0.1435976 0.01470031 0.02142471 0.1440707 0.0145694 0.02241989 0.1446495 0.01340547 0.02225618 0.144387 0.01399699 0.0218961 0.1440364 0.01445641 0.02240549 0.1446866 0.01349516 0.02219772 0.1444136 0.01407121 0.02180739 0.1440486 0.01449656 0.02238165 0.1447231 0.0135831 0.02213181 0.1444381 0.01413967 0.02171499 0.1440582 0.0145282 0.02234859 0.1447584 0.01366847 0.0220591 0.1444603 0.01420172 0.0216198 0.1440651 0.01455102 0.02230663 0.1447924 0.01375043 0.02198028 0.1444799 0.01425676 0.02152272 0.1440693 0.0145648 0.02241989 0.1450577 0.01322451 0.02225618 0.1448246 0.0138282 0.0218961 0.1444969 0.01430426 0.02240549 0.1450992 0.01331226 0.02219772 0.1448548 0.01390102 0.02180739 0.1445111 0.01434377 0.02238165 0.1451399 0.01339832 0.02213181 0.1448826 0.0139682 0.02171499 0.1445222 0.0143749 0.02234859 0.1451794 0.01348184 0.0220591 0.1449078 0.01402908 0.0216198 0.1445303 0.01439735 0.02230663 0.1452174 0.01356204 0.02198028 0.1449302 0.01408309 0.02152272 0.1445351 0.01441091 0.02142471 0.1445367 0.01441544 0.02142471 0.1449947 0.0142388 0.02241989 0.1454566 0.01302374 0.02225618 0.1452534 0.01363813 0.0218961 0.1449495 0.0141297 0.02240549 0.1455024 0.01310935 0.02219772 0.1452871 0.01370939 0.02180739 0.1449655 0.01416847 0.02238165 0.1455472 0.0131933 0.02213181 0.1453182 0.01377512 0.02171499 0.1449782 0.01419901 0.02234859 0.1455908 0.01327479 0.0220591 0.1453463 0.0138347 0.0216198 0.1449873 0.01422104 0.02230663 0.1456326 0.01335303 0.02198028 0.1453713 0.01388754 0.02152272 0.1449928 0.01423435 0.02142471 0.1454434 0.01403989 0.02241989 0.1458452 0.01280363 0.02225618 0.1456723 0.01342726 0.0218961 0.1453929 0.01393315 0.02240549 0.1458951 0.01288689 0.02219772 0.1457095 0.01349678 0.02180739 0.1454108 0.01397108 0.02238165 0.145944 0.01296854 0.02213181 0.1457437 0.0135609 0.02171499 0.145425 0.01400097 0.02234859 0.1459915 0.0130478 0.0220591 0.1457748 0.01361903 0.0216198 0.1454352 0.01402252 0.02230663 0.1460371 0.01312389 0.02198028 0.1458024 0.01367058 0.02152272 0.1454413 0.01403554 0.02241989 0.1462224 0.01256472 0.02225618 0.1460804 0.01319609 0.0218961 0.1458261 0.01371508 0.02240549 0.1462764 0.01264544 0.02219772 0.1461209 0.01326369 0.02180739 0.1458459 0.01375208 0.02238165 0.1463292 0.01272459 0.02213181 0.1461583 0.01332606 0.02171499 0.1458615 0.01378124 0.02234859 0.1463806 0.01280142 0.0220591 0.1461922 0.01338259 0.0216198 0.1458727 0.01380227 0.02230663 0.1464299 0.01287518 0.02198028 0.1462222 0.01343273 0.02152272 0.1458795 0.01381497 0.02142471 0.1458818 0.01381921 0.02241989 0.1465875 0.0123076 0.02225618 0.1464766 0.01294517 0.0218961 0.1462482 0.01347601 0.02240549 0.1466453 0.01238557 0.02219772 0.1465204 0.0130107 0.02180739 0.1462697 0.013512 0.02238165 0.146702 0.01246203 0.02213181 0.1465608 0.01307116 0.02171499 0.1462867 0.01354035 0.02234859 0.1467571 0.01253624 0.0220591 0.1465974 0.01312596 0.0216198 0.146299 0.01356081 0.02230663 0.1468099 0.0126075 0.02198028 0.1466299 0.01317457 0.02152272 0.1463064 0.01357316 0.02142471 0.1463089 0.01357729 0.02241989 0.1469396 0.01203286 0.02225618 0.1468601 0.01267511 0.0218961 0.1466579 0.01321652 0.02240549 0.1470011 0.0121079 0.02219772 0.146907 0.01273842 0.02180739 0.1466812 0.0132514 0.02238165 0.1470615 0.01218149 0.02213181 0.1469503 0.01279682 0.02171499 0.1466996 0.01327889 0.02234859 0.1471201 0.01225291 0.0220591 0.1469896 0.01284976 0.0216198 0.1467129 0.01329872 0.02230663 0.1471764 0.01232149 0.02198028 0.1470244 0.01289671 0.02152272 0.1467209 0.01331069 0.02142471 0.1467235 0.0133147 0.02241989 0.1472777 0.01174119 0.02225618 0.1472298 0.01238656 0.0218961 0.1470545 0.01293723 0.02240549 0.1473429 0.01181311 0.02219772 0.1472798 0.01244749 0.02180739 0.1470795 0.01297093 0.02238165 0.1474068 0.01188365 0.02213181 0.147326 0.0125037 0.02171499 0.1470992 0.01299749 0.02234859 0.1474689 0.01195211 0.0220591 0.1473678 0.01255464 0.0216198 0.1471134 0.01301664 0.02230663 0.1475284 0.01201784 0.02198028 0.1474048 0.01259983 0.02152272 0.147122 0.01302821 0.02142471 0.1471248 0.01303207 0.02241989 0.1476011 0.01143327 0.02225618 0.147585 0.01208021 0.0218961 0.1474369 0.01263883 0.02240549 0.1476697 0.01150191 0.02219772 0.1476379 0.01213861 0.02180739 0.1474635 0.01267126 0.02238165 0.1477371 0.01156922 0.02213181 0.1476867 0.01219249 0.02171499 0.1474845 0.01269682 0.02234859 0.1478024 0.01163456 0.0220591 0.147731 0.01224132 0.0216198 0.1474996 0.01271525 0.02230663 0.1478651 0.01169729 0.02198028 0.1477702 0.01228464 0.02152272 0.1475087 0.01272638 0.02142471 0.1475118 0.0127301 0.02142471 0.1478834 0.01240951 0.02241989 0.147909 0.01110985 0.02225618 0.1479246 0.01175681 0.0218961 0.1478041 0.01232202 0.02240549 0.1479809 0.01117505 0.02219772 0.1479804 0.01181254 0.02180739 0.1478323 0.01235311 0.02238165 0.1480515 0.01123897 0.02213181 0.1480318 0.01186396 0.02171499 0.1478545 0.01237761 0.02234859 0.1481199 0.01130103 0.0220591 0.1480784 0.01191056 0.0216198 0.1478705 0.01239527 0.02230663 0.1481857 0.0113606 0.02198028 0.1481197 0.0119519 0.02152272 0.1478802 0.01240594 0.02241989 0.1482007 0.01077172 0.02225618 0.148248 0.01141713 0.0218961 0.1481554 0.01198757 0.02240549 0.1482757 0.0108333 0.02219772 0.1483064 0.01147006 0.02180739 0.1481851 0.01201724 0.02238165 0.1483493 0.01089369 0.02213181 0.1483603 0.01151889 0.02171499 0.1482085 0.01204062 0.02234859 0.1484207 0.01095231 0.0220591 0.1484091 0.01156315 0.0216198 0.1482253 0.01205748 0.02230663 0.1484893 0.01100859 0.02198028 0.1484525 0.01160241 0.02152272 0.1482355 0.01206766 0.02142471 0.1482389 0.01207107 0.02241989 0.1484754 0.01041968 0.02225618 0.1485544 0.01106199 0.0218961 0.1484899 0.01163629 0.02240549 0.1485534 0.01047751 0.02219772 0.1486153 0.01111199 0.02180739 0.148521 0.01166447 0.02238165 0.1486299 0.01053422 0.02213181 0.1486715 0.01115812 0.02171499 0.1485454 0.01168667 0.02234859 0.1487041 0.01058926 0.0220591 0.1487225 0.01119993 0.0216198 0.1485631 0.01170269 0.02230663 0.1487753 0.0106421 0.02198028 0.1487677 0.01123702 0.02152272 0.1485738 0.01171236 0.02142471 0.1485773 0.01171559 0.02241989 0.1487326 0.01005459 0.02225618 0.1488429 0.01069225 0.0218961 0.1488067 0.01126902 0.02240549 0.1488133 0.01010852 0.02219772 0.1489062 0.0107392 0.02180739 0.1488391 0.01129564 0.02238165 0.1488924 0.01016141 0.02213181 0.1489647 0.01078252 0.02171499 0.1488647 0.01131662 0.02234859 0.1489693 0.01021274 0.0220591 0.1490176 0.01082178 0.0216198 0.1488831 0.01133174 0.02230663 0.149043 0.01026203 0.02198028 0.1490645 0.0108566 0.02152272 0.1488942 0.01134088 0.02142471 0.1488979 0.01134393 0.02241989 0.1489715 0.009677316 0.02225618 0.149113 0.01030879 0.0218961 0.1491051 0.01088665 0.02240549 0.1490547 0.009727221 0.02219772 0.1491785 0.01035258 0.02180739 0.1491388 0.01091165 0.02238165 0.1491364 0.009776161 0.02213181 0.149239 0.01039298 0.02171499 0.1491653 0.01093134 0.02234859 0.1492156 0.009823664 0.0220591 0.1492938 0.01042959 0.0216198 0.1491845 0.01094555 0.02230663 0.1492917 0.009869271 0.02198028 0.1493424 0.01046207 0.02152272 0.149196 0.01095412 0.02142471 0.1491999 0.01095699 0.02241989 0.1491916 0.009288775 0.02225618 0.1493639 0.009912545 0.0218961 0.1493844 0.0104901 0.02240549 0.1492772 0.009334536 0.02219772 0.1494315 0.009953068 0.02180739 0.1494192 0.01051341 0.02238165 0.1493611 0.00937941 0.02213181 0.1494939 0.00999045 0.02171499 0.1494467 0.01053178 0.02234859 0.1494426 0.009422966 0.0220591 0.1495504 0.01002433 0.0216198 0.1494666 0.01054503 0.02230663 0.1495209 0.009464786 0.02198028 0.1496006 0.01005439 0.02152272 0.1494785 0.01055303 0.02142471 0.1494825 0.0105557 0.02241989 0.1493923 0.008889904 0.02225618 0.1495951 0.009504465 0.0218961 0.1496438 0.01008032 0.02240549 0.1494801 0.008931408 0.02219772 0.1496646 0.009541621 0.02180739 0.1496798 0.01010189 0.02238165 0.1495661 0.008972109 0.02213181 0.1497287 0.009575898 0.02171499 0.1497082 0.01011889 0.02234859 0.1496497 0.009011614 0.0220591 0.1497869 0.009606965 0.0216198 0.1497286 0.01013115 0.02230663 0.1497299 0.009049544 0.02198028 0.1498384 0.009634522 0.02152272 0.149741 0.01013855 0.02142471 0.1497451 0.01014103 0.02241989 0.1495733 0.008481661 0.02225618 0.149806 0.009085533 0.0218961 0.1498829 0.009658305 0.02240549 0.149663 0.008518808 0.02219772 0.1498772 0.009119234 0.02180739 0.1499199 0.009678084 0.02238165 0.1497509 0.008555238 0.02213181 0.1499429 0.009150323 0.02171499 0.1499491 0.009693669 0.02234859 0.1498363 0.008590597 0.0220591 0.1500025 0.0091785 0.0216198 0.1499701 0.009704909 0.02230663 0.1499183 0.008624547 0.02198028 0.1500554 0.009203495 0.02152272 0.1499828 0.009711698 0.02142471 0.149987 0.009713967 0.02241989 0.149734 0.00806503 0.02225618 0.149996 0.008656758 0.0218961 0.150101 0.009225066 0.02240549 0.1498254 0.008097733 0.02219772 0.1500688 0.008686923 0.02180739 0.1501389 0.009243005 0.02238165 0.149915 0.008129803 0.02213181 0.150136 0.008714749 0.02171499 0.1501688 0.00925714 0.02234859 0.150002 0.008160931 0.0220591 0.1501969 0.008739969 0.0216198 0.1501904 0.009267336 0.02230663 0.1500856 0.008190818 0.02198028 0.1502509 0.008762341 0.02152272 0.1502034 0.009273492 0.02142471 0.1502077 0.009275551 0.02142471 0.1504066 0.008826835 0.02241989 0.1498741 0.007641015 0.02225618 0.1501648 0.008219174 0.0218961 0.1502975 0.008781648 0.02240549 0.149967 0.007669194 0.02219772 0.150239 0.008245729 0.02180739 0.1503363 0.008797705 0.02238165 0.1500581 0.007696827 0.02213181 0.1503075 0.008270226 0.02171499 0.1503669 0.008810356 0.02234859 0.1501465 0.007723649 0.0220591 0.1503696 0.008292428 0.0216198 0.1503889 0.008819481 0.02230663 0.1502314 0.007749402 0.02198028 0.1504246 0.008312122 0.02152272 0.1504022 0.008824991 0.02241989 0.1499932 0.007210638 0.02225618 0.150312 0.007773836 0.0218961 0.1504721 0.008329119 0.02240549 0.1500874 0.007234225 0.02219772 0.1503874 0.007796717 0.02180739 0.1505116 0.008343254 0.02238165 0.1501797 0.007257355 0.02213181 0.150457 0.007817824 0.02171499 0.1505427 0.008354392 0.02234859 0.1502693 0.007279806 0.0220591 0.15052 0.007836955 0.0216198 0.1505652 0.008362425 0.02230663 0.1503554 0.007301362 0.02198028 0.150576 0.007853925 0.02152272 0.1505787 0.008367276 0.02142471 0.1505833 0.008368898 0.02142471 0.1507372 0.007902847 0.02241989 0.150091 0.006774935 0.02225618 0.150437 0.007321814 0.0218961 0.1506242 0.00786857 0.02240549 0.1501862 0.006793873 0.02219772 0.1505135 0.007340967 0.02180739 0.1506644 0.00788075 0.02238165 0.1502796 0.006812445 0.02213181 0.150584 0.007358634 0.02171499 0.150696 0.007890347 0.02234859 0.1503702 0.006830471 0.0220591 0.150648 0.007374648 0.0216198 0.1507188 0.007897269 0.02230663 0.1504572 0.006847778 0.02198028 0.1507047 0.007388852 0.02152272 0.1507326 0.007901449 0.02241989 0.1501674 0.006334956 0.02225618 0.1505398 0.006864199 0.0218961 0.1507536 0.007401111 0.02240549 0.1502634 0.0063492 0.02219772 0.1506171 0.006879577 0.02180739 0.1507943 0.007411306 0.02238165 0.1503576 0.006363168 0.02213181 0.1506884 0.006893763 0.02171499 0.1508264 0.007419339 0.02234859 0.150449 0.006376726 0.0220591 0.1507531 0.00690662 0.0216198 0.1508495 0.007425133 0.02230663 0.1505367 0.006389742 0.02198028 0.1508104 0.006918025 0.02152272 0.1508635 0.007428632 0.02142471 0.1508681 0.007429802 0.02142471 0.1509757 0.006950903 0.02241989 0.150222 0.005891762 0.02225618 0.15062 0.006402093 0.0218961 0.1508599 0.006927867 0.02240549 0.1503186 0.005901277 0.02219772 0.150698 0.006413659 0.02180739 0.150901 0.006936053 0.02238165 0.1504134 0.005910607 0.02213181 0.1507699 0.006424328 0.02171499 0.1509335 0.006942502 0.02234859 0.1505053 0.005919664 0.0220591 0.1508351 0.006433999 0.0216198 0.1509568 0.006947155 0.02230663 0.1505936 0.005928359 0.02198028 0.1508929 0.006442576 0.02152272 0.150971 0.006949964 0.02241989 0.1502549 0.005446419 0.02225618 0.1506774 0.00593661 0.0218961 0.1509428 0.006449979 0.02240549 0.1503519 0.005451182 0.02219772 0.1507558 0.005944335 0.02180739 0.1509843 0.006456136 0.02238165 0.1504469 0.005455853 0.02213181 0.1508282 0.005951463 0.02171499 0.151017 0.006460987 0.02234859 0.1505392 0.005460386 0.0220591 0.1508938 0.005957922 0.0216198 0.1510406 0.006464485 0.02230663 0.1506278 0.005464739 0.02198028 0.150952 0.005963653 0.02152272 0.1510548 0.006466598 0.02142471 0.1510596 0.006467305 0.02142471 0.1511197 0.005980171 0.02225618 0.1507119 0.00546887 0.0218961 0.1510022 0.005968598 0.02219772 0.1507906 0.005472737 0.02180739 0.1510439 0.00597271 0.02213181 0.1508633 0.005476305 0.02171499 0.1510768 0.005975951 0.0220591 0.1509291 0.005479539 0.0216198 0.1511006 0.005978288 0.02198028 0.1509875 0.005482408 0.02152272 0.1511149 0.0059797 0.0218961 0.1510379 0.005484883 0.02180739 0.1510798 0.005486942 0.02171499 0.1511128 0.005488564 0.0216198 0.1511366 0.005489734 0.02152272 0.151151 0.00549044 -0.01657529 0.05116783 0.005 -0.01667331 0.05117265 0.005 -0.01677038 0.05118705 0.005 -0.01686558 0.05121089 0.005 -0.01695798 0.05124395 0.005 -0.01704669 0.05128591 0.005 -0.01713086 0.05133636 0.005 -0.01720969 0.05139482 0.005 -0.0172824 0.05146073 0.005 -0.0173483 0.05153344 0.005 -0.01740676 0.05161226 0.005 -0.01745721 0.05169644 0.005 -0.01749917 0.05178515 0.005 -0.01753223 0.05187755 0.005 -0.01755608 0.05197274 0.005 -0.01757048 0.05206982 0.005 -0.01757529 0.05216783 0.005 -0.01757529 0.1481249 0.01070954 -0.01757529 0.1483967 0.01036129 -0.01757529 0.1478364 0.01104403 -0.01757529 0.1486511 0.01000013 -0.01757529 0.1475318 0.01136396 -0.01757529 0.1472119 0.01166856 -0.01757529 0.1468774 0.01195709 -0.01757529 0.1465291 0.01222887 -0.01757529 0.1457948 0.01271956 -0.01757529 0.146168 0.01248323 -0.01757529 0.1488874 0.009626925 -0.01757529 0.1491051 0.009242571 -0.01757529 0.144612 0.01331492 -0.01757529 0.1454104 0.01293729 -0.01757529 0.1450158 0.0131359 -0.01757529 0.1494827 0.008444151 -0.01757529 0.1496417 0.008032009 -0.01757529 0.1493037 0.008847996 -0.01757529 0.1433547 0.01373028 -0.01757529 0.1441998 0.0134739 -0.01757529 0.1437804 0.01361246 -0.01757529 0.1498981 0.007186821 -0.01757529 0.1499949 0.006755813 -0.01757529 0.1497803 0.007612562 -0.01757529 0.1500704 0.006320574 -0.01757529 0.1501245 0.005882154 -0.01757529 0.14205 0.01395666 -0.01757529 0.1429236 0.01382707 -0.01757529 0.1424884 0.01390259 -0.01757529 0.150157 0.005441609 -0.01757529 0.1501678 0.005 -0.01757529 0.1411678 0.014 -0.01757529 0.1416094 0.01398916 -0.01757529 0.06116783 0.014 -0.01757529 0.06028568 0.01395666 -0.01757529 0.06072622 0.01398916 -0.01757529 0.05941202 0.01382707 -0.01757529 0.05984726 0.01390259 -0.01757529 0.05898101 0.01373028 -0.01757529 0.05731984 0.0131359 -0.01757529 0.05855527 0.01361246 -0.01757529 0.05813583 0.0134739 -0.01757529 0.05772368 0.01331492 -0.01757529 0.05654091 0.01271956 -0.01757529 0.05692526 0.01293729 -0.01757529 0.0561677 0.01248323 -0.01757529 0.05580654 0.01222887 -0.01757529 0.05545829 0.01195709 -0.01757529 0.05480387 0.01136396 -0.01757529 0.0551238 0.01166856 -0.01757529 0.05449927 0.01104403 -0.01757529 0.05421074 0.01070954 -0.01757529 0.0536846 0.01000013 -0.01757529 0.05393896 0.01036129 -0.01757529 0.05344828 0.009626925 -0.01757529 0.05303193 0.008847996 -0.01757529 0.05323054 0.009242571 -0.01757529 0.05269394 0.008032009 -0.01757529 0.05285292 0.008444151 -0.01757529 0.05255537 0.007612562 -0.01757529 0.05234077 0.006755813 -0.01757529 0.05243755 0.007186821 -0.01757529 0.05221117 0.005882154 -0.01757529 0.05226524 0.006320574 -0.01757529 0.05217867 0.005441609 -0.01667331 0.151163 0.005 -0.01657529 0.1511678 0.005 -0.01677038 0.1511486 0.005 -0.01686558 0.1511248 0.005 -0.01695798 0.1510917 0.005 -0.01704669 0.1510498 0.005 -0.01713086 0.1509993 0.005 -0.01720969 0.1509408 0.005 -0.0172824 0.1508749 0.005 -0.0173483 0.1508022 0.005 -0.01740676 0.1507234 0.005 -0.01745721 0.1506392 0.005 -0.01749917 0.1505505 0.005 -0.01753223 0.1504581 0.005 -0.01755608 0.1503629 0.005 -0.01757048 0.1502659 0.005 0.0205033 0.05838396 -0.01 -0.01595124 0.05838396 -0.01 0.0205033 0.07016158 -0.01 0.0205033 0.06625237 -0.006956177 0.0205033 0.06615662 -0.007054336 0.0205033 0.06605611 -0.0071476 0.0205033 0.06634309 -0.006853368 0.0205033 0.06595107 -0.007235739 0.0205033 0.06642859 -0.006746164 0.0205033 0.06584177 -0.007318532 0.0205033 0.06650863 -0.006634832 0.0205033 0.06572848 -0.007395773 0.0205033 0.06658302 -0.006519649 0.0205033 0.06561147 -0.007467272 0.0205033 0.06665158 -0.0064009 0.0205033 0.06549105 -0.007532849 0.0205033 0.06671413 -0.006278883 0.0205033 0.06536752 -0.007592343 0.0205033 0.06677053 -0.006153898 0.0205033 0.06524116 -0.007645605 0.0205033 0.06682063 -0.006026258 0.0205033 0.06511231 -0.007692502 0.0205033 0.0668643 -0.005896279 0.0205033 0.06498129 -0.007732919 0.0205033 0.06690144 -0.005764285 0.0205033 0.0648484 -0.007766754 0.0205033 0.06693195 -0.005630604 0.0205033 0.064714 -0.007793923 0.0205033 0.06695576 -0.005495568 0.0205033 0.06457841 -0.00781436 0.0205033 0.06697281 -0.005359514 0.0205033 0.06444198 -0.007828012 0.0205033 0.06698306 -0.005222778 0.0205033 0.06430503 -0.007834847 0.0205033 0.06698647 -0.005085702 0.0205033 0.06665158 -0.003770504 0.0205033 0.06658302 -0.003651755 0.0205033 0.06671413 -0.003892522 0.0205033 0.06677053 -0.004017506 0.0205033 0.06682063 -0.004145146 0.0205033 0.0668643 -0.004275126 0.0205033 0.06690144 -0.004407119 0.0205033 0.06693195 -0.0045408 0.0205033 0.06695576 -0.004675836 0.0205033 0.06697281 -0.004811891 0.0205033 0.06698306 -0.004948626 0.0205033 0.06650863 -0.003536572 0.0205033 0.06642859 -0.00342524 0.0205033 0.06634309 -0.003318036 0.0205033 0.06625237 -0.003215227 0.0205033 0.06615662 -0.003117068 0.0205033 0.06605611 -0.003023804 0.0205033 0.06595107 -0.002935665 0.0205033 0.06584177 -0.002852872 0.0205033 0.06572848 -0.002775631 0.0205033 0.06389453 -0.00781436 0.0205033 0.06403097 -0.007828012 0.0205033 0.06375894 -0.007793923 0.0205033 0.06362454 -0.007766754 0.0205033 0.06349166 -0.007732919 0.0205033 0.06336063 -0.007692502 0.0205033 0.06323178 -0.007645605 0.0205033 0.06310543 -0.007592343 0.0205033 0.0629819 -0.007532849 0.0205033 0.06286147 -0.007467272 0.0205033 0.06274447 -0.007395773 0.0205033 0.06263118 -0.007318532 0.0205033 0.06252188 -0.007235739 0.0205033 0.06241684 -0.0071476 0.0205033 0.06231632 -0.007054336 0.0205033 0.06222058 -0.006956177 0.0205033 0.06212985 -0.006853368 0.0205033 0.06204436 -0.006746164 0.0205033 0.06196432 -0.006634832 0.0205033 0.06188992 -0.006519649 0.0205033 0.06416792 -0.007834847 0.0205033 0.06561147 -0.002704132 0.0205033 0.06182137 -0.0064009 0.0205033 0.06549105 -0.002638555 0.0205033 0.06175881 -0.006278883 0.0205033 0.06536752 -0.002579061 0.0205033 0.06170241 -0.006153898 0.0205033 0.06524116 -0.002525799 0.0205033 0.06165232 -0.006026258 0.0205033 0.06511231 -0.002478902 0.0205033 0.06160865 -0.005896279 0.0205033 0.06498129 -0.002438485 0.0205033 0.06157151 -0.005764285 0.0205033 0.0648484 -0.00240465 0.0205033 0.061541 -0.005630604 0.0205033 0.064714 -0.002377481 0.0205033 0.06151719 -0.005495568 0.0205033 0.06457841 -0.002357044 0.0205033 0.06150014 -0.005359514 0.0205033 0.06444198 -0.002343392 0.0205033 0.06148989 -0.005222778 0.0205033 0.06148647 -0.005085702 0.0205033 0.06148989 -0.004948626 0.0205033 0.06150014 -0.004811891 0.0205033 0.06151719 -0.004675836 0.0205033 0.061541 -0.0045408 0.0205033 0.06157151 -0.004407119 0.0205033 0.06160865 -0.004275126 0.0205033 0.06165232 -0.004145146 0.0205033 0.06170241 -0.004017506 0.0205033 0.06175881 -0.003892522 0.0205033 0.06182137 -0.003770504 0.0205033 0.06188992 -0.003651755 0.0205033 0.06196432 -0.003536572 0.0205033 0.06204436 -0.00342524 0.0205033 0.06212985 -0.003318036 0.0205033 0.06222058 -0.003215227 0.0205033 0.06231632 -0.003117068 0.0205033 0.06241684 -0.003023804 0.0205033 0.06252188 -0.002935665 0.0205033 0.06263118 -0.002852872 0.0205033 0.06274447 -0.002775631 0.0205033 0.06286147 -0.002704132 0.0205033 0.0629819 -0.002638555 0.0205033 0.06310543 -0.002579061 0.0205033 0.06323178 -0.002525799 0.0205033 0.06336063 -0.002478902 0.0205033 0.06349166 -0.002438485 0.0205033 0.06362454 -0.00240465 0.0205033 0.06375894 -0.002377481 0.0205033 0.06389453 -0.002357044 0.0205033 0.06403097 -0.002343392 0.0205033 0.06430503 -0.002336557 0.0205033 0.06416792 -0.002336557 -0.01595124 0.07016158 -0.01 -0.01595124 0.06222058 -0.006956177 -0.01595124 0.06231632 -0.007054336 -0.01595124 0.06241684 -0.0071476 -0.01595124 0.06212985 -0.006853368 -0.01595124 0.06252188 -0.007235739 -0.01595124 0.06204436 -0.006746164 -0.01595124 0.06263118 -0.007318532 -0.01595124 0.06196432 -0.006634832 -0.01595124 0.06274447 -0.007395773 -0.01595124 0.06188992 -0.006519649 -0.01595124 0.06286147 -0.007467272 -0.01595124 0.06182137 -0.0064009 -0.01595124 0.0629819 -0.007532849 -0.01595124 0.06175881 -0.006278883 -0.01595124 0.06310543 -0.007592343 -0.01595124 0.06170241 -0.006153898 -0.01595124 0.06323178 -0.007645605 -0.01595124 0.06165232 -0.006026258 -0.01595124 0.06336063 -0.007692502 -0.01595124 0.06160865 -0.005896279 -0.01595124 0.06349166 -0.007732919 -0.01595124 0.06157151 -0.005764285 -0.01595124 0.06362454 -0.007766754 -0.01595124 0.061541 -0.005630604 -0.01595124 0.06375894 -0.007793923 -0.01595124 0.06151719 -0.005495568 -0.01595124 0.06389453 -0.00781436 -0.01595124 0.06150014 -0.005359514 -0.01595124 0.06403097 -0.007828012 -0.01595124 0.06148989 -0.005222778 -0.01595124 0.06416792 -0.007834847 -0.01595124 0.06148647 -0.005085702 -0.01595124 0.06430503 -0.007834847 -0.01595124 0.06148989 -0.004948626 -0.01595124 0.06150014 -0.004811891 -0.01595124 0.06151719 -0.004675836 -0.01595124 0.061541 -0.0045408 -0.01595124 0.06157151 -0.004407119 -0.01595124 0.06160865 -0.004275126 -0.01595124 0.06165232 -0.004145146 -0.01595124 0.06170241 -0.004017506 -0.01595124 0.06175881 -0.003892522 -0.01595124 0.06182137 -0.003770504 -0.01595124 0.06188992 -0.003651755 -0.01595124 0.06196432 -0.003536572 -0.01595124 0.06204436 -0.00342524 -0.01595124 0.06212985 -0.003318036 -0.01595124 0.06222058 -0.003215227 -0.01595124 0.06231632 -0.003117068 -0.01595124 0.06241684 -0.003023804 -0.01595124 0.06252188 -0.002935665 -0.01595124 0.06263118 -0.002852872 -0.01595124 0.06274447 -0.002775631 -0.01595124 0.06286147 -0.002704132 -0.01595124 0.06658302 -0.006519649 -0.01595124 0.06650863 -0.006634832 -0.01595124 0.06642859 -0.006746164 -0.01595124 0.06634309 -0.006853368 -0.01595124 0.06625237 -0.006956177 -0.01595124 0.06615662 -0.007054336 -0.01595124 0.06605611 -0.0071476 -0.01595124 0.06595107 -0.007235739 -0.01595124 0.06584177 -0.007318532 -0.01595124 0.06572848 -0.007395773 -0.01595124 0.06561147 -0.007467272 -0.01595124 0.06549105 -0.007532849 -0.01595124 0.06536752 -0.007592343 -0.01595124 0.06524116 -0.007645605 -0.01595124 0.06511231 -0.007692502 -0.01595124 0.06498129 -0.007732919 -0.01595124 0.0648484 -0.007766754 -0.01595124 0.064714 -0.007793923 -0.01595124 0.06457841 -0.00781436 -0.01595124 0.06444198 -0.007828012 -0.01595124 0.06665158 -0.0064009 -0.01595124 0.0629819 -0.002638555 -0.01595124 0.06671413 -0.006278883 -0.01595124 0.06310543 -0.002579061 -0.01595124 0.06677053 -0.006153898 -0.01595124 0.06323178 -0.002525799 -0.01595124 0.06682063 -0.006026258 -0.01595124 0.06336063 -0.002478902 -0.01595124 0.0668643 -0.005896279 -0.01595124 0.06349166 -0.002438485 -0.01595124 0.06690144 -0.005764285 -0.01595124 0.06362454 -0.00240465 -0.01595124 0.06693195 -0.005630604 -0.01595124 0.06375894 -0.002377481 -0.01595124 0.06695576 -0.005495568 -0.01595124 0.06389453 -0.002357044 -0.01595124 0.06697281 -0.005359514 -0.01595124 0.06403097 -0.002343392 -0.01595124 0.06698306 -0.005222778 -0.01595124 0.06698647 -0.005085702 -0.01595124 0.06444198 -0.002343392 -0.01595124 0.06457841 -0.002357044 -0.01595124 0.064714 -0.002377481 -0.01595124 0.0648484 -0.00240465 -0.01595124 0.06498129 -0.002438485 -0.01595124 0.06511231 -0.002478902 -0.01595124 0.06524116 -0.002525799 -0.01595124 0.06536752 -0.002579061 -0.01595124 0.06549105 -0.002638555 -0.01595124 0.06561147 -0.002704132 -0.01595124 0.06572848 -0.002775631 -0.01595124 0.06584177 -0.002852872 -0.01595124 0.06595107 -0.002935665 -0.01595124 0.06605611 -0.003023804 -0.01595124 0.06615662 -0.003117068 -0.01595124 0.06625237 -0.003215227 -0.01595124 0.06634309 -0.003318036 -0.01595124 0.06642859 -0.00342524 -0.01595124 0.06650863 -0.003536572 -0.01595124 0.06658302 -0.003651755 -0.01595124 0.06665158 -0.003770504 -0.01595124 0.06671413 -0.003892522 -0.01595124 0.06677053 -0.004017506 -0.01595124 0.06682063 -0.004145146 -0.01595124 0.0668643 -0.004275126 -0.01595124 0.06690144 -0.004407119 -0.01595124 0.06693195 -0.0045408 -0.01595124 0.06695576 -0.004675836 -0.01595124 0.06697281 -0.004811891 -0.01595124 0.06698306 -0.004948626 -0.01595124 0.06416792 -0.002336557 -0.01595124 0.06430503 -0.002336557 0.0193816 0.1315734 -0.01 -0.0139883 0.1315734 -0.01 0.0193816 0.1447531 -0.01 0.0193816 0.1403063 -0.007001044 0.0193816 0.1402106 -0.007099203 0.0193816 0.1401101 -0.007192467 0.0193816 0.1403971 -0.006898235 0.0193816 0.140005 -0.007280606 0.0193816 0.1404826 -0.006791031 0.0193816 0.1398957 -0.007363399 0.0193816 0.1405626 -0.006679699 0.0193816 0.1397824 -0.00744064 0.0193816 0.140637 -0.006564516 0.0193816 0.1396654 -0.007512139 0.0193816 0.1407056 -0.006445767 0.0193816 0.139545 -0.007577716 0.0193816 0.1407681 -0.006323749 0.0193816 0.1394215 -0.00763721 0.0193816 0.1408245 -0.006198765 0.0193816 0.1392951 -0.007690472 0.0193816 0.1408746 -0.006071125 0.0193816 0.1391663 -0.007737369 0.0193816 0.1409183 -0.005941146 0.0193816 0.1390352 -0.007777786 0.0193816 0.1409554 -0.005809152 0.0193816 0.1389024 -0.007811621 0.0193816 0.1409859 -0.005675471 0.0193816 0.138768 -0.00783879 0.0193816 0.1410097 -0.005540435 0.0193816 0.1386324 -0.007859227 0.0193816 0.1410268 -0.005404381 0.0193816 0.1384959 -0.00787288 0.0193816 0.141037 -0.005267645 0.0193816 0.138359 -0.007879714 0.0193816 0.1410404 -0.005130569 0.0193816 0.1382219 -0.007879714 0.0193816 0.1408746 -0.004190013 0.0193816 0.1408245 -0.004062373 0.0193816 0.1409183 -0.004319992 0.0193816 0.1409554 -0.004451986 0.0193816 0.1409859 -0.004585667 0.0193816 0.1410097 -0.004720703 0.0193816 0.1410268 -0.004856758 0.0193816 0.141037 -0.004993493 0.0193816 0.1407681 -0.003937389 0.0193816 0.1407056 -0.003815371 0.0193816 0.140637 -0.003696622 0.0193816 0.1405626 -0.003581439 0.0193816 0.1404826 -0.003470107 0.0193816 0.1403971 -0.003362903 0.0193816 0.1403063 -0.003260094 0.0193816 0.1402106 -0.003161935 0.0193816 0.1401101 -0.003068671 0.0193816 0.140005 -0.002980532 0.0193816 0.1398957 -0.002897739 0.0193816 0.1397824 -0.002820498 0.0193816 0.1396654 -0.002748999 0.0193816 0.139545 -0.002683422 0.0193816 0.1394215 -0.002623928 0.0193816 0.1392951 -0.002570666 0.0193816 0.1391663 -0.002523769 0.0193816 0.1379485 -0.007859227 0.0193816 0.1380849 -0.00787288 0.0193816 0.1378129 -0.00783879 0.0193816 0.1376785 -0.007811621 0.0193816 0.1375456 -0.007777786 0.0193816 0.1374146 -0.007737369 0.0193816 0.1372858 -0.007690472 0.0193816 0.1371594 -0.00763721 0.0193816 0.1370359 -0.007577716 0.0193816 0.1369154 -0.007512139 0.0193816 0.1367984 -0.00744064 0.0193816 0.1366852 -0.007363399 0.0193816 0.1365758 -0.007280606 0.0193816 0.1364708 -0.007192467 0.0193816 0.1363703 -0.007099203 0.0193816 0.1362746 -0.007001044 0.0193816 0.1361838 -0.006898235 0.0193816 0.1360983 -0.006791031 0.0193816 0.1360183 -0.006679699 0.0193816 0.1359439 -0.006564516 0.0193816 0.1358753 -0.006445767 0.0193816 0.1358128 -0.006323749 0.0193816 0.1357564 -0.006198765 0.0193816 0.1357063 -0.006071125 0.0193816 0.1356626 -0.005941146 0.0193816 0.1390352 -0.002483352 0.0193816 0.1356255 -0.005809152 0.0193816 0.1389024 -0.002449517 0.0193816 0.135595 -0.005675471 0.0193816 0.138768 -0.002422348 0.0193816 0.1355712 -0.005540435 0.0193816 0.1386324 -0.002401911 0.0193816 0.1355541 -0.005404381 0.0193816 0.1384959 -0.002388258 0.0193816 0.1355439 -0.005267645 0.0193816 0.1355404 -0.005130569 0.0193816 0.1355439 -0.004993493 0.0193816 0.1355541 -0.004856758 0.0193816 0.1355712 -0.004720703 0.0193816 0.135595 -0.004585667 0.0193816 0.1356255 -0.004451986 0.0193816 0.1356626 -0.004319992 0.0193816 0.1357063 -0.004190013 0.0193816 0.1357564 -0.004062373 0.0193816 0.1358128 -0.003937389 0.0193816 0.1358753 -0.003815371 0.0193816 0.1359439 -0.003696622 0.0193816 0.1360183 -0.003581439 0.0193816 0.1360983 -0.003470107 0.0193816 0.1361838 -0.003362903 0.0193816 0.1362746 -0.003260094 0.0193816 0.1363703 -0.003161935 0.0193816 0.1364708 -0.003068671 0.0193816 0.1365758 -0.002980532 0.0193816 0.1366852 -0.002897739 0.0193816 0.1367984 -0.002820498 0.0193816 0.1369154 -0.002748999 0.0193816 0.1370359 -0.002683422 0.0193816 0.1371594 -0.002623928 0.0193816 0.1372858 -0.002570666 0.0193816 0.1374146 -0.002523769 0.0193816 0.1375456 -0.002483352 0.0193816 0.1376785 -0.002449517 0.0193816 0.1378129 -0.002422348 0.0193816 0.1379485 -0.002401911 0.0193816 0.1380849 -0.002388258 0.0193816 0.138359 -0.002381424 0.0193816 0.1382219 -0.002381424 -0.0139883 0.1447531 -0.01 -0.0139883 0.1362746 -0.007001044 -0.0139883 0.1363703 -0.007099203 -0.0139883 0.1364708 -0.007192467 -0.0139883 0.1361838 -0.006898235 -0.0139883 0.1365758 -0.007280606 -0.0139883 0.1360983 -0.006791031 -0.0139883 0.1366852 -0.007363399 -0.0139883 0.1360183 -0.006679699 -0.0139883 0.1367984 -0.00744064 -0.0139883 0.1359439 -0.006564516 -0.0139883 0.1369154 -0.007512139 -0.0139883 0.1358753 -0.006445767 -0.0139883 0.1370359 -0.007577716 -0.0139883 0.1358128 -0.006323749 -0.0139883 0.1371594 -0.00763721 -0.0139883 0.1357564 -0.006198765 -0.0139883 0.1372858 -0.007690472 -0.0139883 0.1357063 -0.006071125 -0.0139883 0.1374146 -0.007737369 -0.0139883 0.1356626 -0.005941146 -0.0139883 0.1375456 -0.007777786 -0.0139883 0.1356255 -0.005809152 -0.0139883 0.1376785 -0.007811621 -0.0139883 0.135595 -0.005675471 -0.0139883 0.1378129 -0.00783879 -0.0139883 0.1355712 -0.005540435 -0.0139883 0.1379485 -0.007859227 -0.0139883 0.1355541 -0.005404381 -0.0139883 0.1380849 -0.00787288 -0.0139883 0.1355439 -0.005267645 -0.0139883 0.1382219 -0.007879714 -0.0139883 0.1355404 -0.005130569 -0.0139883 0.1355439 -0.004993493 -0.0139883 0.1355541 -0.004856758 -0.0139883 0.1355712 -0.004720703 -0.0139883 0.135595 -0.004585667 -0.0139883 0.1356255 -0.004451986 -0.0139883 0.1356626 -0.004319992 -0.0139883 0.1357063 -0.004190013 -0.0139883 0.1357564 -0.004062373 -0.0139883 0.1358128 -0.003937389 -0.0139883 0.1358753 -0.003815371 -0.0139883 0.1359439 -0.003696622 -0.0139883 0.1360183 -0.003581439 -0.0139883 0.1360983 -0.003470107 -0.0139883 0.1361838 -0.003362903 -0.0139883 0.1362746 -0.003260094 -0.0139883 0.1363703 -0.003161935 -0.0139883 0.1364708 -0.003068671 -0.0139883 0.1365758 -0.002980532 -0.0139883 0.1366852 -0.002897739 -0.0139883 0.1367984 -0.002820498 -0.0139883 0.1369154 -0.002748999 -0.0139883 0.1370359 -0.002683422 -0.0139883 0.1371594 -0.002623928 -0.0139883 0.1372858 -0.002570666 -0.0139883 0.1408245 -0.006198765 -0.0139883 0.1407681 -0.006323749 -0.0139883 0.1407056 -0.006445767 -0.0139883 0.140637 -0.006564516 -0.0139883 0.1405626 -0.006679699 -0.0139883 0.1404826 -0.006791031 -0.0139883 0.1403971 -0.006898235 -0.0139883 0.1403063 -0.007001044 -0.0139883 0.1402106 -0.007099203 -0.0139883 0.1401101 -0.007192467 -0.0139883 0.140005 -0.007280606 -0.0139883 0.1398957 -0.007363399 -0.0139883 0.1397824 -0.00744064 -0.0139883 0.1396654 -0.007512139 -0.0139883 0.139545 -0.007577716 -0.0139883 0.1394215 -0.00763721 -0.0139883 0.1392951 -0.007690472 -0.0139883 0.1391663 -0.007737369 -0.0139883 0.1390352 -0.007777786 -0.0139883 0.1389024 -0.007811621 -0.0139883 0.138768 -0.00783879 -0.0139883 0.1386324 -0.007859227 -0.0139883 0.1384959 -0.00787288 -0.0139883 0.138359 -0.007879714 -0.0139883 0.1408746 -0.006071125 -0.0139883 0.1374146 -0.002523769 -0.0139883 0.1409183 -0.005941146 -0.0139883 0.1375456 -0.002483352 -0.0139883 0.1409554 -0.005809152 -0.0139883 0.1376785 -0.002449517 -0.0139883 0.1409859 -0.005675471 -0.0139883 0.1378129 -0.002422348 -0.0139883 0.1410097 -0.005540435 -0.0139883 0.1379485 -0.002401911 -0.0139883 0.1410268 -0.005404381 -0.0139883 0.1380849 -0.002388258 -0.0139883 0.141037 -0.005267645 -0.0139883 0.1410404 -0.005130569 -0.0139883 0.1384959 -0.002388258 -0.0139883 0.1386324 -0.002401911 -0.0139883 0.138768 -0.002422348 -0.0139883 0.1389024 -0.002449517 -0.0139883 0.1390352 -0.002483352 -0.0139883 0.1391663 -0.002523769 -0.0139883 0.1392951 -0.002570666 -0.0139883 0.1394215 -0.002623928 -0.0139883 0.139545 -0.002683422 -0.0139883 0.1396654 -0.002748999 -0.0139883 0.1397824 -0.002820498 -0.0139883 0.1398957 -0.002897739 -0.0139883 0.140005 -0.002980532 -0.0139883 0.1401101 -0.003068671 -0.0139883 0.1402106 -0.003161935 -0.0139883 0.1403063 -0.003260094 -0.0139883 0.1403971 -0.003362903 -0.0139883 0.1404826 -0.003470107 -0.0139883 0.1405626 -0.003581439 -0.0139883 0.140637 -0.003696622 -0.0139883 0.1407056 -0.003815371 -0.0139883 0.1407681 -0.003937389 -0.0139883 0.1408245 -0.004062373 -0.0139883 0.1408746 -0.004190013 -0.0139883 0.1409183 -0.004319992 -0.0139883 0.1409554 -0.004451986 -0.0139883 0.1409859 -0.004585667 -0.0139883 0.1410097 -0.004720703 -0.0139883 0.1410268 -0.004856758 -0.0139883 0.141037 -0.004993493 -0.0139883 0.1382219 -0.002381424 -0.0139883 0.138359 -0.002381424 -0.01657529 0.06116783 0.015 -0.01657529 0.06067715 0.01498795 -0.01657529 0.06018766 0.01495185 -0.01657529 0.05970053 0.01489176 -0.01657529 0.05921693 0.01480785 -0.01657529 0.05873803 0.01470031 -0.01657529 0.05826499 0.0145694 -0.01657529 0.05779893 0.01441544 -0.01657529 0.057341 0.0142388 -0.01657529 0.05689228 0.01403989 -0.01657529 0.05645387 0.01381921 -0.01657529 0.05602681 0.01357729 -0.01657529 0.05561213 0.0133147 -0.01657529 0.05521084 0.01303207 -0.01657529 0.0548239 0.0127301 -0.01657529 0.05445224 0.01240951 -0.01657529 0.05409676 0.01207107 -0.01657529 0.05375832 0.01171559 -0.01657529 0.05343773 0.01134393 -0.01657529 0.05313576 0.01095699 -0.01657529 0.05285314 0.0105557 -0.01657529 0.05259055 0.01014103 -0.01657529 0.05234862 0.009713967 -0.01657529 0.05212794 0.009275551 -0.01657529 0.05192904 0.008826835 -0.01657529 0.05175239 0.008368898 -0.01657529 0.05159843 0.007902847 -0.01657529 0.05146752 0.007429802 -0.01657529 0.05135998 0.006950903 -0.01657529 0.05127607 0.006467305 -0.01657529 0.05121598 0.005980171 -0.01657529 0.05117988 0.005490677 -0.01657529 0.1511558 0.005490677 -0.01657529 0.1511197 0.005980171 -0.01657529 0.1510596 0.006467305 -0.01657529 0.1509757 0.006950903 -0.01657529 0.1508681 0.007429802 -0.01657529 0.1507372 0.007902847 -0.01657529 0.1505833 0.008368898 -0.01657529 0.1504066 0.008826835 -0.01657529 0.1502077 0.009275551 -0.01657529 0.149987 0.009713967 -0.01657529 0.1497451 0.01014103 -0.01657529 0.1494825 0.0105557 -0.01657529 0.1491999 0.01095699 -0.01657529 0.1488979 0.01134393 -0.01657529 0.1485773 0.01171559 -0.01657529 0.1482389 0.01207107 -0.01657529 0.1478834 0.01240951 -0.01657529 0.1475118 0.0127301 -0.01657529 0.1471248 0.01303207 -0.01657529 0.1467235 0.0133147 -0.01657529 0.1463089 0.01357729 -0.01657529 0.1458818 0.01381921 -0.01657529 0.1454434 0.01403989 -0.01657529 0.1449947 0.0142388 -0.01657529 0.1445367 0.01441544 -0.01657529 0.1440707 0.0145694 -0.01657529 0.1435976 0.01470031 -0.01657529 0.1431187 0.01480785 -0.01657529 0.1426351 0.01489176 -0.01657529 0.142148 0.01495185 -0.01657529 0.1416585 0.01498795 -0.01657529 0.1411678 0.015 -0.01476045 0.08061455 0.015 0.01967769 0.08061455 0.015 -0.01476045 0.1370773 0.015 0.01967769 0.1370773 0.015 -0.01667331 0.06116783 0.01499518 -0.01667331 0.06067739 0.01498314 -0.01677038 0.06116783 0.01498079 -0.01677038 0.0606781 0.01496876 -0.01686558 0.06116783 0.01495694 -0.01686558 0.06067927 0.01494495 -0.01695798 0.06116783 0.01492388 -0.01695798 0.06068089 0.01491193 -0.01704669 0.06116783 0.01488192 -0.01704669 0.06068295 0.01487002 -0.01667331 0.06018813 0.01494705 -0.01713086 0.06116783 0.01483147 -0.01713086 0.06068542 0.01481963 -0.01677038 0.06018954 0.01493272 -0.01720969 0.06116783 0.01477301 -0.01720969 0.06068829 0.01476124 -0.01686558 0.06019188 0.01490899 -0.0172824 0.06116783 0.01470711 -0.0172824 0.06069153 0.01469541 -0.01695798 0.06019512 0.01487609 -0.0173483 0.06116783 0.01463439 -0.0173483 0.0606951 0.01462279 -0.01704669 0.06019923 0.01483434 -0.01740676 0.06116783 0.01455557 -0.01740676 0.06069896 0.01454406 -0.01667331 0.05970123 0.014887 -0.01713086 0.06020418 0.01478413 -0.01745721 0.06116783 0.0144714 -0.01745721 0.06070309 0.01445999 -0.01677038 0.05970335 0.01487276 -0.01720969 0.06020991 0.01472595 -0.01749917 0.06116783 0.01438268 -0.01749917 0.06070745 0.01437138 -0.01686558 0.05970685 0.01484917 -0.0172824 0.06021637 0.01466036 -0.01753223 0.06116783 0.01429029 -0.01753223 0.06071198 0.01427909 -0.01695798 0.0597117 0.01481647 -0.0173483 0.0602235 0.014588 -0.01755608 0.06116783 0.01419509 -0.01755608 0.06071665 0.01418401 -0.01757048 0.06116783 0.01409802 -0.01704669 0.05971785 0.01477496 -0.01740676 0.06023122 0.01450956 -0.01757048 0.06072141 0.01408706 -0.01667331 0.05921787 0.01480313 -0.01713086 0.05972526 0.01472506 -0.01745721 0.06023948 0.01442579 -0.01677038 0.05922068 0.01478901 -0.01720969 0.05973383 0.01466723 -0.01749917 0.06024817 0.0143375 -0.01686558 0.05922533 0.01476562 -0.0172824 0.0597435 0.01460204 -0.01753223 0.06025723 0.01424555 -0.01695798 0.05923178 0.0147332 -0.0173483 0.05975417 0.01453012 -0.01755608 0.06026656 0.01415081 -0.01704669 0.05923997 0.01469204 -0.01740676 0.05976574 0.01445215 -0.01757048 0.06027607 0.01405421 -0.01667331 0.0587392 0.01469564 -0.01713086 0.05924981 0.01464256 -0.01745721 0.05977809 0.01436888 -0.01677038 0.0587427 0.01468167 -0.01720969 0.05926121 0.01458523 -0.01749917 0.05979111 0.01428113 -0.01686558 0.05874849 0.01465854 -0.0172824 0.05927407 0.01452059 -0.01753223 0.05980466 0.01418973 -0.01695798 0.05875653 0.01462647 -0.0173483 0.05928826 0.01444927 -0.01755608 0.05981863 0.01409557 -0.01704669 0.05876672 0.01458577 -0.01740676 0.05930363 0.01437196 -0.01757048 0.05983288 0.01399955 -0.01667331 0.05826638 0.0145648 -0.01713086 0.05877898 0.01453683 -0.01745721 0.05932006 0.01428941 -0.01677038 0.05827057 0.01455102 -0.01720969 0.05879319 0.01448013 -0.01749917 0.05933736 0.0142024 -0.01686558 0.05827748 0.0145282 -0.0172824 0.0588092 0.0144162 -0.01753223 0.05935539 0.01411177 -0.01695798 0.05828708 0.01449656 -0.0173483 0.05882687 0.01434566 -0.01755608 0.05937396 0.01401841 -0.01704669 0.05829926 0.01445641 -0.01740676 0.05884602 0.0142692 -0.01757048 0.0593929 0.0139232 -0.01667331 0.05780056 0.01441091 -0.01713086 0.05831391 0.01440813 -0.01745721 0.05886647 0.01418755 -0.01677038 0.05780541 0.01439735 -0.01720969 0.05833088 0.01435219 -0.01749917 0.05888803 0.0141015 -0.01686558 0.05781344 0.0143749 -0.0172824 0.05835001 0.01428912 -0.01753223 0.05891048 0.01401187 -0.01695798 0.05782458 0.01434377 -0.0173483 0.05837112 0.01421954 -0.01755608 0.05893361 0.01391953 -0.01704669 0.05783871 0.01430426 -0.01740676 0.058394 0.01414411 -0.01757048 0.0589572 0.01382536 -0.01667331 0.05734284 0.01423435 -0.01713086 0.05785571 0.01425676 -0.01745721 0.05841843 0.01406356 -0.01677038 0.05734835 0.01422104 -0.01720969 0.0578754 0.01420172 -0.01749917 0.05844418 0.01397867 -0.01686558 0.05735748 0.01419901 -0.0172824 0.05789761 0.01413967 -0.01753223 0.058471 0.01389025 -0.01695798 0.05737013 0.01416847 -0.0173483 0.0579221 0.01407121 -0.01755608 0.05849864 0.01379915 -0.01704669 0.05738618 0.0141297 -0.01740676 0.05794866 0.01399699 -0.01757048 0.05852682 0.01370626 -0.01667331 0.05689434 0.01403554 -0.01713086 0.05740549 0.01408309 -0.01745721 0.05797702 0.01391774 -0.01677038 0.0569005 0.01402252 -0.01720969 0.05742786 0.01402908 -0.01749917 0.0580069 0.01383421 -0.01686558 0.05691069 0.01400097 -0.0172824 0.05745308 0.0139682 -0.01753223 0.05803803 0.01374721 -0.01695798 0.05692483 0.01397108 -0.0173483 0.05748091 0.01390102 -0.01755608 0.0580701 0.01365758 -0.01704669 0.05694277 0.01393315 -0.01740676 0.05751107 0.0138282 -0.01757048 0.0581028 0.01356618 -0.01667331 0.05645613 0.01381497 -0.01713086 0.05696434 0.01388754 -0.01745721 0.05754329 0.01375043 -0.01677038 0.05646292 0.01380227 -0.01720969 0.05698933 0.0138347 -0.01749917 0.05757724 0.01366847 -0.01686558 0.05647416 0.01378124 -0.0172824 0.05701751 0.01377512 -0.01753223 0.05761259 0.0135831 -0.01695798 0.05648975 0.01375208 -0.0173483 0.0570486 0.01370939 -0.01755608 0.05764902 0.01349516 -0.01704669 0.05650953 0.01371508 -0.01740676 0.0570823 0.01363813 -0.01757048 0.05768617 0.01340547 -0.01667331 0.05602928 0.01357316 -0.01713086 0.05653331 0.01367058 -0.01745721 0.05711829 0.01356204 -0.01677038 0.05603668 0.01356081 -0.01720969 0.05656087 0.01361903 -0.01749917 0.05715622 0.01348184 -0.01686558 0.05604894 0.01354035 -0.0172824 0.05659193 0.0135609 -0.01753223 0.05719572 0.01339832 -0.01695798 0.05606594 0.013512 -0.0173483 0.05662621 0.01349678 -0.01755608 0.05723642 0.01331226 -0.01704669 0.05608751 0.01347601 -0.01740676 0.05666337 0.01342726 -0.01757048 0.05727793 0.01322451 -0.01667331 0.05561481 0.01331069 -0.01713086 0.05611345 0.01343273 -0.01745721 0.05670305 0.01335303 -0.01677038 0.05562281 0.01329872 -0.01720969 0.0561435 0.01338259 -0.01749917 0.05674487 0.01327479 -0.01686558 0.05563605 0.01327889 -0.0172824 0.05617738 0.01332606 -0.01753223 0.05678842 0.0131933 -0.01695798 0.05565442 0.0132514 -0.0173483 0.05621476 0.01326369 -0.01755608 0.0568333 0.01310935 -0.01704669 0.05567773 0.01321652 -0.01740676 0.05625529 0.01319609 -0.01757048 0.05687906 0.01302374 -0.01667331 0.05521371 0.01302821 -0.01713086 0.05570576 0.01317457 -0.01745721 0.05629856 0.01312389 -0.01677038 0.05522229 0.01301664 -0.01720969 0.05573824 0.01312596 -0.01749917 0.05634417 0.0130478 -0.01686558 0.05523649 0.01299749 -0.0172824 0.05577485 0.01307116 -0.01753223 0.05639167 0.01296854 -0.01695798 0.05525618 0.01297093 -0.0173483 0.05581525 0.0130107 -0.01755608 0.05644061 0.01288689 -0.01704669 0.05528118 0.01293723 -0.01740676 0.05585904 0.01294517 -0.01757048 0.05649052 0.01280363 -0.01667331 0.05482695 0.01272638 -0.01713086 0.05531123 0.01289671 -0.01745721 0.05590581 0.01287518 -0.01677038 0.05483609 0.01271525 -0.01720969 0.05534606 0.01284976 -0.01749917 0.05595509 0.01280142 -0.01686558 0.05485122 0.01269682 -0.0172824 0.05538531 0.01279682 -0.01753223 0.05600643 0.01272459 -0.01695798 0.05487219 0.01267126 -0.0173483 0.05542863 0.01273842 -0.01755608 0.05605931 0.01264544 -0.01704669 0.05489881 0.01263883 -0.01740676 0.05547559 0.01267511 -0.01757048 0.05611325 0.01256472 -0.01667331 0.05445548 0.01240594 -0.01713086 0.05493081 0.01259983 -0.01745721 0.05552573 0.0126075 -0.01677038 0.05446515 0.01239527 -0.01720969 0.0549679 0.01255464 -0.01749917 0.05557858 0.01253624 -0.01686558 0.05448116 0.01237761 -0.0172824 0.05500971 0.0125037 -0.01753223 0.05563362 0.01246203 -0.01695798 0.05450336 0.01235311 -0.0173483 0.05505584 0.01244749 -0.01755608 0.05569032 0.01238557 -0.01704669 0.05453154 0.01232202 -0.01740676 0.05510584 0.01238656 -0.01757048 0.05574815 0.0123076 -0.01667331 0.05410017 0.01206766 -0.01713086 0.05456542 0.01228464 -0.01745721 0.05515924 0.01232149 -0.01677038 0.05411035 0.01205748 -0.01720969 0.05460468 0.01224132 -0.01749917 0.05521552 0.01225291 -0.01686558 0.05412721 0.01204062 -0.0172824 0.05464894 0.01219249 -0.01753223 0.05527414 0.01218149 -0.01695798 0.05415059 0.01201724 -0.0173483 0.05469777 0.01213861 -0.01755608 0.05533453 0.0121079 -0.01704669 0.05418026 0.01198757 -0.01740676 0.05475071 0.01208021 -0.01757048 0.05539611 0.01203286 -0.01667331 0.05376189 0.01171236 -0.01713086 0.05421593 0.0119519 -0.01745721 0.05480723 0.01201784 -0.01677038 0.05377256 0.01170269 -0.01720969 0.05425727 0.01191056 -0.01749917 0.05486681 0.01195211 -0.01686558 0.05379023 0.01168667 -0.0172824 0.05430387 0.01186396 -0.01753223 0.05492886 0.01188365 -0.01695798 0.05381472 0.01166447 -0.0173483 0.05435529 0.01181254 -0.01755608 0.05499279 0.01181311 -0.01704669 0.05384581 0.01163629 -0.01740676 0.05441103 0.01175681 -0.01757048 0.05505798 0.01174119 -0.01667331 0.05344145 0.01134088 -0.01713086 0.05388319 0.01160241 -0.01745721 0.05447054 0.01169729 -0.01677038 0.05345258 0.01133174 -0.01720969 0.05392651 0.01156315 -0.01749917 0.05453328 0.01163456 -0.01686558 0.05347102 0.01131662 -0.0172824 0.05397534 0.01151889 -0.01753223 0.05459861 0.01156922 -0.01695798 0.05349657 0.01129564 -0.0173483 0.05402922 0.01147006 -0.01755608 0.05466592 0.01150191 -0.01704669 0.053529 0.01126902 -0.01740676 0.05408762 0.01141713 -0.01757048 0.05473456 0.01143327 -0.01667331 0.05313963 0.01095412 -0.01713086 0.053568 0.01123702 -0.01745721 0.05414999 0.0113606 -0.01677038 0.05315119 0.01094555 -0.01720969 0.05361319 0.01119993 -0.01749917 0.05421572 0.01130103 -0.01686558 0.05317035 0.01093134 -0.0172824 0.05366414 0.01115812 -0.01753223 0.05428419 0.01123897 -0.01695798 0.0531969 0.01091165 -0.0173483 0.05372034 0.01111199 -0.01755608 0.05435472 0.01117505 -0.01704669 0.0532306 0.01088665 -0.01740676 0.05378128 0.01106199 -0.01757048 0.05442665 0.01110985 -0.01667331 0.05285714 0.01055303 -0.01713086 0.05327112 0.0108566 -0.01745721 0.05384634 0.01100859 -0.01677038 0.05286911 0.01054503 -0.01720969 0.05331808 0.01082178 -0.01749917 0.05391492 0.01095231 -0.01686558 0.05288894 0.01053178 -0.0172824 0.05337101 0.01078252 -0.01753223 0.05398635 0.01089369 -0.01695798 0.05291643 0.01051341 -0.0173483 0.05342942 0.0107392 -0.01755608 0.05405993 0.0108333 -0.01704669 0.05295132 0.0104901 -0.01740676 0.05349273 0.01069225 -0.01757048 0.05413497 0.01077172 -0.01667331 0.05259468 0.01013855 -0.01713086 0.05299326 0.01046207 -0.01745721 0.05356034 0.0106421 -0.01677038 0.05260703 0.01013115 -0.01720969 0.05304187 0.01042959 -0.01749917 0.05363159 0.01058926 -0.01686558 0.05262748 0.01011889 -0.0172824 0.05309667 0.01039298 -0.01753223 0.05370581 0.01053422 -0.01695798 0.05265584 0.01010189 -0.0173483 0.05315713 0.01035258 -0.01755608 0.05378227 0.01047751 -0.01704669 0.05269183 0.01008032 -0.01740676 0.05322267 0.01030879 -0.01757048 0.05386024 0.01041968 -0.01667331 0.05235287 0.009711698 -0.01713086 0.0527351 0.01005439 -0.01745721 0.05329266 0.01026203 -0.01677038 0.05236557 0.009704909 -0.01720969 0.05278524 0.01002433 -0.01749917 0.05336642 0.01021274 -0.01686558 0.0523866 0.009693669 -0.0172824 0.05284177 0.00999045 -0.01753223 0.05344324 0.01016141 -0.01695798 0.05241575 0.009678084 -0.0173483 0.05290414 0.009953068 -0.01755608 0.0535224 0.01010852 -0.01704669 0.05245275 0.009658305 -0.01740676 0.05297175 0.009912545 -0.01757048 0.05360311 0.01005459 -0.01667331 0.05213229 0.009273492 -0.01713086 0.05249725 0.009634522 -0.01745721 0.05304395 0.009869271 -0.01677038 0.05214531 0.009267336 -0.01720969 0.05254881 0.009606965 -0.01749917 0.05312004 0.009823664 -0.01686558 0.05216687 0.00925714 -0.0172824 0.05260693 0.009575898 -0.01753223 0.05319929 0.009776161 -0.01695798 0.05219675 0.009243005 -0.0173483 0.05267105 0.009541621 -0.01755608 0.05328094 0.009727221 -0.01704669 0.05223468 0.009225066 -0.01740676 0.05274057 0.009504465 -0.01757048 0.0533642 0.009677316 -0.01667331 0.05193349 0.008824991 -0.01713086 0.05228029 0.009203495 -0.01745721 0.05281481 0.009464786 -0.01677038 0.05194679 0.008819481 -0.01720969 0.05233314 0.0091785 -0.01749917 0.05289304 0.009422966 -0.01686558 0.05196882 0.008810356 -0.0172824 0.05239271 0.009150323 -0.01753223 0.05297453 0.00937941 -0.01695798 0.05199936 0.008797705 -0.0173483 0.05245845 0.009119234 -0.01755608 0.05305849 0.009334536 -0.01704669 0.05203813 0.008781648 -0.01740676 0.0525297 0.009085533 -0.01757048 0.0531441 0.009288775 -0.01667331 0.05175693 0.008367276 -0.01713086 0.05208474 0.008762341 -0.01745721 0.05260579 0.009049544 -0.01677038 0.05177048 0.008362425 -0.01720969 0.05213875 0.008739969 -0.01749917 0.05268599 0.009011614 -0.01686558 0.05179293 0.008354392 -0.0172824 0.05219963 0.008714749 -0.01753223 0.05276952 0.008972109 -0.01695798 0.05182406 0.008343254 -0.0173483 0.05226682 0.008686923 -0.01755608 0.05285557 0.008931408 -0.01704669 0.05186357 0.008329119 -0.01740676 0.05233964 0.008656758 -0.01757048 0.05294332 0.008889904 -0.01667331 0.05160304 0.007901449 -0.01713086 0.05191107 0.008312122 -0.01745721 0.0524174 0.008624547 -0.01677038 0.05161682 0.007897269 -0.01720969 0.05196611 0.008292428 -0.01749917 0.05249936 0.008590597 -0.01686558 0.05163964 0.007890347 -0.0172824 0.05202816 0.008270226 -0.01753223 0.05258473 0.008555238 -0.01695798 0.05167127 0.00788075 -0.0173483 0.05209663 0.008245729 -0.01755608 0.05267268 0.008518808 -0.01704669 0.05171143 0.00786857 -0.01740676 0.05217084 0.008219174 -0.01757048 0.05276236 0.008481661 -0.01667331 0.05147219 0.007428632 -0.01713086 0.0517597 0.007853925 -0.01745721 0.0522501 0.008190818 -0.01677038 0.05148616 0.007425133 -0.01720969 0.05181564 0.007836955 -0.01749917 0.05233362 0.008160931 -0.01686558 0.05150929 0.007419339 -0.0172824 0.05187871 0.007817824 -0.01753223 0.05242062 0.008129803 -0.01695798 0.05154136 0.007411306 -0.0173483 0.05194829 0.007796717 -0.01755608 0.05251025 0.008097733 -0.01704669 0.05158206 0.007401111 -0.01740676 0.05202372 0.007773836 -0.01757048 0.05260165 0.00806503 -0.01667331 0.0513647 0.006949964 -0.01713086 0.051631 0.007388852 -0.01745721 0.05210427 0.007749402 -0.01677038 0.05137883 0.006947155 -0.01720969 0.05168771 0.007374648 -0.01749917 0.05218916 0.007723649 -0.01686558 0.05140221 0.006942502 -0.0172824 0.05175164 0.007358634 -0.01753223 0.05227758 0.007696827 -0.01695798 0.05143464 0.006936053 -0.0173483 0.05182217 0.007340967 -0.01755608 0.05236868 0.007669194 -0.01704669 0.05147579 0.006927867 -0.01740676 0.05189863 0.007321814 -0.01757048 0.05246157 0.007641015 -0.01667331 0.05128083 0.006466598 -0.01713086 0.05152527 0.006918025 -0.01745721 0.05198028 0.007301362 -0.01677038 0.05129507 0.006464485 -0.01720969 0.05158261 0.00690662 -0.01749917 0.05206634 0.007279806 -0.01686558 0.05131866 0.006460987 -0.0172824 0.05164725 0.006893763 -0.01753223 0.05215597 0.007257355 -0.01695798 0.05135136 0.006456136 -0.0173483 0.05171856 0.006879577 -0.01755608 0.05224831 0.007234225 -0.01704669 0.05139287 0.006449979 -0.01740676 0.05179587 0.006864199 -0.01757048 0.05234247 0.007210638 -0.01667331 0.05122078 0.0059797 -0.01713086 0.05144278 0.006442576 -0.01745721 0.05187843 0.006847778 -0.01677038 0.05123511 0.005978288 -0.01720969 0.0515006 0.006433999 -0.01749917 0.05196544 0.006830471 -0.01686558 0.05125884 0.005975951 -0.0172824 0.05156579 0.006424328 -0.01753223 0.05205606 0.006812445 -0.01695798 0.05129174 0.00597271 -0.0173483 0.05163772 0.006413659 -0.01755608 0.05214943 0.006793873 -0.01704669 0.0513335 0.005968598 -0.01740676 0.05171569 0.006402093 -0.01757048 0.05224463 0.006774935 -0.01667331 0.05118469 0.00549044 -0.01713086 0.05138371 0.005963653 -0.01745721 0.05179895 0.006389742 -0.01677038 0.05119907 0.005489734 -0.01720969 0.05144188 0.005957922 -0.01749917 0.0518867 0.006376726 -0.01686558 0.05122289 0.005488564 -0.0172824 0.05150747 0.005951463 -0.01753223 0.0519781 0.006363168 -0.01695798 0.05125591 0.005486942 -0.0173483 0.05157983 0.005944335 -0.01755608 0.05207227 0.0063492 -0.01704669 0.05129781 0.005484883 -0.01740676 0.05165828 0.00593661 -0.01757048 0.05216829 0.006334956 -0.01713086 0.05134821 0.005482408 -0.01745721 0.05174204 0.005928359 -0.01720969 0.05140659 0.005479539 -0.01749917 0.05183033 0.005919664 -0.0172824 0.05147242 0.005476305 -0.01753223 0.05192228 0.005910607 -0.0173483 0.05154504 0.005472737 -0.01755608 0.05201702 0.005901277 -0.01740676 0.05162377 0.00546887 -0.01757048 0.05211362 0.005891762 -0.01745721 0.05170784 0.005464739 -0.01749917 0.05179645 0.005460386 -0.01753223 0.05188874 0.005455853 -0.01755608 0.05198382 0.005451182 -0.01757048 0.05208078 0.005446419 -0.01667331 0.1411678 0.01499518 -0.01667331 0.151151 0.00549044 -0.01677038 0.1511366 0.005489734 -0.01686558 0.1511128 0.005488564 -0.01695798 0.1510798 0.005486942 -0.01704669 0.1510379 0.005484883 -0.01667331 0.1511149 0.0059797 -0.01713086 0.1509875 0.005482408 -0.01677038 0.1511006 0.005978288 -0.01720969 0.1509291 0.005479539 -0.01686558 0.1510768 0.005975951 -0.0172824 0.1508633 0.005476305 -0.01695798 0.1510439 0.00597271 -0.0173483 0.1507906 0.005472737 -0.01704669 0.1510022 0.005968598 -0.01740676 0.1507119 0.00546887 -0.01667331 0.1510548 0.006466598 -0.01713086 0.150952 0.005963653 -0.01745721 0.1506278 0.005464739 -0.01677038 0.1510406 0.006464485 -0.01720969 0.1508938 0.005957922 -0.01749917 0.1505392 0.005460386 -0.01686558 0.151017 0.006460987 -0.0172824 0.1508282 0.005951463 -0.01753223 0.1504469 0.005455853 -0.01695798 0.1509843 0.006456136 -0.0173483 0.1507558 0.005944335 -0.01755608 0.1503519 0.005451182 -0.01704669 0.1509428 0.006449979 -0.01740676 0.1506774 0.00593661 -0.01757048 0.1502549 0.005446419 -0.01667331 0.150971 0.006949964 -0.01713086 0.1508929 0.006442576 -0.01745721 0.1505936 0.005928359 -0.01677038 0.1509568 0.006947155 -0.01720969 0.1508351 0.006433999 -0.01749917 0.1505053 0.005919664 -0.01686558 0.1509335 0.006942502 -0.0172824 0.1507699 0.006424328 -0.01753223 0.1504134 0.005910607 -0.01695798 0.150901 0.006936053 -0.0173483 0.150698 0.006413659 -0.01755608 0.1503186 0.005901277 -0.01704669 0.1508599 0.006927867 -0.01740676 0.15062 0.006402093 -0.01757048 0.150222 0.005891762 -0.01667331 0.1508635 0.007428632 -0.01713086 0.1508104 0.006918025 -0.01745721 0.1505367 0.006389742 -0.01677038 0.1508495 0.007425133 -0.01720969 0.1507531 0.00690662 -0.01749917 0.150449 0.006376726 -0.01686558 0.1508264 0.007419339 -0.0172824 0.1506884 0.006893763 -0.01753223 0.1503576 0.006363168 -0.01695798 0.1507943 0.007411306 -0.0173483 0.1506171 0.006879577 -0.01755608 0.1502634 0.0063492 -0.01704669 0.1507536 0.007401111 -0.01740676 0.1505398 0.006864199 -0.01757048 0.1501674 0.006334956 -0.01667331 0.1507326 0.007901449 -0.01713086 0.1507047 0.007388852 -0.01745721 0.1504572 0.006847778 -0.01677038 0.1507188 0.007897269 -0.01720969 0.150648 0.007374648 -0.01749917 0.1503702 0.006830471 -0.01686558 0.150696 0.007890347 -0.0172824 0.150584 0.007358634 -0.01753223 0.1502796 0.006812445 -0.01695798 0.1506644 0.00788075 -0.0173483 0.1505135 0.007340967 -0.01755608 0.1501862 0.006793873 -0.01704669 0.1506242 0.00786857 -0.01740676 0.150437 0.007321814 -0.01757048 0.150091 0.006774935 -0.01667331 0.1505787 0.008367276 -0.01713086 0.150576 0.007853925 -0.01745721 0.1503554 0.007301362 -0.01677038 0.1505652 0.008362425 -0.01720969 0.15052 0.007836955 -0.01749917 0.1502693 0.007279806 -0.01686558 0.1505427 0.008354392 -0.0172824 0.150457 0.007817824 -0.01753223 0.1501797 0.007257355 -0.01695798 0.1505116 0.008343254 -0.0173483 0.1503874 0.007796717 -0.01755608 0.1500874 0.007234225 -0.01704669 0.1504721 0.008329119 -0.01740676 0.150312 0.007773836 -0.01757048 0.1499932 0.007210638 -0.01667331 0.1504022 0.008824991 -0.01713086 0.1504246 0.008312122 -0.01745721 0.1502314 0.007749402 -0.01677038 0.1503889 0.008819481 -0.01720969 0.1503696 0.008292428 -0.01749917 0.1501465 0.007723649 -0.01686558 0.1503669 0.008810356 -0.0172824 0.1503075 0.008270226 -0.01753223 0.1500581 0.007696827 -0.01695798 0.1503363 0.008797705 -0.0173483 0.150239 0.008245729 -0.01755608 0.149967 0.007669194 -0.01704669 0.1502975 0.008781648 -0.01740676 0.1501648 0.008219174 -0.01757048 0.1498741 0.007641015 -0.01667331 0.1502034 0.009273492 -0.01713086 0.1502509 0.008762341 -0.01745721 0.1500856 0.008190818 -0.01677038 0.1501904 0.009267336 -0.01720969 0.1501969 0.008739969 -0.01749917 0.150002 0.008160931 -0.01686558 0.1501688 0.00925714 -0.0172824 0.150136 0.008714749 -0.01753223 0.149915 0.008129803 -0.01695798 0.1501389 0.009243005 -0.0173483 0.1500688 0.008686923 -0.01755608 0.1498254 0.008097733 -0.01704669 0.150101 0.009225066 -0.01740676 0.149996 0.008656758 -0.01757048 0.149734 0.00806503 -0.01667331 0.1499828 0.009711698 -0.01713086 0.1500554 0.009203495 -0.01745721 0.1499183 0.008624547 -0.01677038 0.1499701 0.009704909 -0.01720969 0.1500025 0.0091785 -0.01749917 0.1498363 0.008590597 -0.01686558 0.1499491 0.009693669 -0.0172824 0.1499429 0.009150323 -0.01753223 0.1497509 0.008555238 -0.01695798 0.1499199 0.009678084 -0.0173483 0.1498772 0.009119234 -0.01755608 0.149663 0.008518808 -0.01704669 0.1498829 0.009658305 -0.01740676 0.149806 0.009085533 -0.01757048 0.1495733 0.008481661 -0.01667331 0.149741 0.01013855 -0.01713086 0.1498384 0.009634522 -0.01745721 0.1497299 0.009049544 -0.01677038 0.1497286 0.01013115 -0.01720969 0.1497869 0.009606965 -0.01749917 0.1496497 0.009011614 -0.01686558 0.1497082 0.01011889 -0.0172824 0.1497287 0.009575898 -0.01753223 0.1495661 0.008972109 -0.01695798 0.1496798 0.01010189 -0.0173483 0.1496646 0.009541621 -0.01755608 0.1494801 0.008931408 -0.01704669 0.1496438 0.01008032 -0.01740676 0.1495951 0.009504465 -0.01757048 0.1493923 0.008889904 -0.01667331 0.1494785 0.01055303 -0.01713086 0.1496006 0.01005439 -0.01745721 0.1495209 0.009464786 -0.01677038 0.1494666 0.01054503 -0.01720969 0.1495504 0.01002433 -0.01749917 0.1494426 0.009422966 -0.01686558 0.1494467 0.01053178 -0.0172824 0.1494939 0.00999045 -0.01753223 0.1493611 0.00937941 -0.01695798 0.1494192 0.01051341 -0.0173483 0.1494315 0.009953068 -0.01755608 0.1492772 0.009334536 -0.01704669 0.1493844 0.0104901 -0.01740676 0.1493639 0.009912545 -0.01757048 0.1491916 0.009288775 -0.01667331 0.149196 0.01095412 -0.01713086 0.1493424 0.01046207 -0.01745721 0.1492917 0.009869271 -0.01677038 0.1491845 0.01094555 -0.01720969 0.1492938 0.01042959 -0.01749917 0.1492156 0.009823664 -0.01686558 0.1491653 0.01093134 -0.0172824 0.149239 0.01039298 -0.01753223 0.1491364 0.009776161 -0.01695798 0.1491388 0.01091165 -0.0173483 0.1491785 0.01035258 -0.01755608 0.1490547 0.009727221 -0.01704669 0.1491051 0.01088665 -0.01740676 0.149113 0.01030879 -0.01757048 0.1489715 0.009677316 -0.01667331 0.1488942 0.01134088 -0.01713086 0.1490645 0.0108566 -0.01745721 0.149043 0.01026203 -0.01677038 0.1488831 0.01133174 -0.01720969 0.1490176 0.01082178 -0.01749917 0.1489693 0.01021274 -0.01686558 0.1488647 0.01131662 -0.0172824 0.1489647 0.01078252 -0.01753223 0.1488924 0.01016141 -0.01695798 0.1488391 0.01129564 -0.0173483 0.1489062 0.0107392 -0.01755608 0.1488133 0.01010852 -0.01704669 0.1488067 0.01126902 -0.01740676 0.1488429 0.01069225 -0.01757048 0.1487326 0.01005459 -0.01667331 0.1485738 0.01171236 -0.01713086 0.1487677 0.01123702 -0.01745721 0.1487753 0.0106421 -0.01677038 0.1485631 0.01170269 -0.01720969 0.1487225 0.01119993 -0.01749917 0.1487041 0.01058926 -0.01686558 0.1485454 0.01168667 -0.0172824 0.1486715 0.01115812 -0.01753223 0.1486299 0.01053422 -0.01695798 0.148521 0.01166447 -0.0173483 0.1486153 0.01111199 -0.01755608 0.1485534 0.01047751 -0.01704669 0.1484899 0.01163629 -0.01740676 0.1485544 0.01106199 -0.01757048 0.1484754 0.01041968 -0.01667331 0.1482355 0.01206766 -0.01713086 0.1484525 0.01160241 -0.01745721 0.1484893 0.01100859 -0.01677038 0.1482253 0.01205748 -0.01720969 0.1484091 0.01156315 -0.01749917 0.1484207 0.01095231 -0.01686558 0.1482085 0.01204062 -0.0172824 0.1483603 0.01151889 -0.01753223 0.1483493 0.01089369 -0.01695798 0.1481851 0.01201724 -0.0173483 0.1483064 0.01147006 -0.01755608 0.1482757 0.0108333 -0.01704669 0.1481554 0.01198757 -0.01740676 0.148248 0.01141713 -0.01757048 0.1482007 0.01077172 -0.01667331 0.1478802 0.01240594 -0.01713086 0.1481197 0.0119519 -0.01745721 0.1481857 0.0113606 -0.01677038 0.1478705 0.01239527 -0.01720969 0.1480784 0.01191056 -0.01749917 0.1481199 0.01130103 -0.01686558 0.1478545 0.01237761 -0.0172824 0.1480318 0.01186396 -0.01753223 0.1480515 0.01123897 -0.01695798 0.1478323 0.01235311 -0.0173483 0.1479804 0.01181254 -0.01755608 0.1479809 0.01117505 -0.01704669 0.1478041 0.01232202 -0.01740676 0.1479246 0.01175681 -0.01757048 0.147909 0.01110985 -0.01667331 0.1475087 0.01272638 -0.01713086 0.1477702 0.01228464 -0.01745721 0.1478651 0.01169729 -0.01677038 0.1474996 0.01271525 -0.01720969 0.147731 0.01224132 -0.01749917 0.1478024 0.01163456 -0.01686558 0.1474845 0.01269682 -0.0172824 0.1476867 0.01219249 -0.01753223 0.1477371 0.01156922 -0.01695798 0.1474635 0.01267126 -0.0173483 0.1476379 0.01213861 -0.01755608 0.1476697 0.01150191 -0.01704669 0.1474369 0.01263883 -0.01740676 0.147585 0.01208021 -0.01757048 0.1476011 0.01143327 -0.01667331 0.147122 0.01302821 -0.01713086 0.1474048 0.01259983 -0.01745721 0.1475284 0.01201784 -0.01677038 0.1471134 0.01301664 -0.01720969 0.1473678 0.01255464 -0.01749917 0.1474689 0.01195211 -0.01686558 0.1470992 0.01299749 -0.0172824 0.147326 0.0125037 -0.01753223 0.1474068 0.01188365 -0.01695798 0.1470795 0.01297093 -0.0173483 0.1472798 0.01244749 -0.01755608 0.1473429 0.01181311 -0.01704669 0.1470545 0.01293723 -0.01740676 0.1472298 0.01238656 -0.01757048 0.1472777 0.01174119 -0.01667331 0.1467209 0.01331069 -0.01713086 0.1470244 0.01289671 -0.01745721 0.1471764 0.01232149 -0.01677038 0.1467129 0.01329872 -0.01720969 0.1469896 0.01284976 -0.01749917 0.1471201 0.01225291 -0.01686558 0.1466996 0.01327889 -0.0172824 0.1469503 0.01279682 -0.01753223 0.1470615 0.01218149 -0.01695798 0.1466812 0.0132514 -0.0173483 0.146907 0.01273842 -0.01755608 0.1470011 0.0121079 -0.01704669 0.1466579 0.01321652 -0.01740676 0.1468601 0.01267511 -0.01757048 0.1469396 0.01203286 -0.01667331 0.1463064 0.01357316 -0.01713086 0.1466299 0.01317457 -0.01745721 0.1468099 0.0126075 -0.01677038 0.146299 0.01356081 -0.01720969 0.1465974 0.01312596 -0.01749917 0.1467571 0.01253624 -0.01686558 0.1462867 0.01354035 -0.0172824 0.1465608 0.01307116 -0.01753223 0.146702 0.01246203 -0.01695798 0.1462697 0.013512 -0.0173483 0.1465204 0.0130107 -0.01755608 0.1466453 0.01238557 -0.01704669 0.1462482 0.01347601 -0.01740676 0.1464766 0.01294517 -0.01757048 0.1465875 0.0123076 -0.01667331 0.1458795 0.01381497 -0.01713086 0.1462222 0.01343273 -0.01745721 0.1464299 0.01287518 -0.01677038 0.1458727 0.01380227 -0.01720969 0.1461922 0.01338259 -0.01749917 0.1463806 0.01280142 -0.01686558 0.1458615 0.01378124 -0.0172824 0.1461583 0.01332606 -0.01753223 0.1463292 0.01272459 -0.01695798 0.1458459 0.01375208 -0.0173483 0.1461209 0.01326369 -0.01755608 0.1462764 0.01264544 -0.01704669 0.1458261 0.01371508 -0.01740676 0.1460804 0.01319609 -0.01757048 0.1462224 0.01256472 -0.01667331 0.1454413 0.01403554 -0.01713086 0.1458024 0.01367058 -0.01745721 0.1460371 0.01312389 -0.01677038 0.1454352 0.01402252 -0.01720969 0.1457748 0.01361903 -0.01749917 0.1459915 0.0130478 -0.01686558 0.145425 0.01400097 -0.0172824 0.1457437 0.0135609 -0.01753223 0.145944 0.01296854 -0.01695798 0.1454108 0.01397108 -0.0173483 0.1457095 0.01349678 -0.01755608 0.1458951 0.01288689 -0.01704669 0.1453929 0.01393315 -0.01740676 0.1456723 0.01342726 -0.01757048 0.1458452 0.01280363 -0.01667331 0.1449928 0.01423435 -0.01713086 0.1453713 0.01388754 -0.01745721 0.1456326 0.01335303 -0.01677038 0.1449873 0.01422104 -0.01720969 0.1453463 0.0138347 -0.01749917 0.1455908 0.01327479 -0.01686558 0.1449782 0.01419901 -0.0172824 0.1453182 0.01377512 -0.01753223 0.1455472 0.0131933 -0.01695798 0.1449655 0.01416847 -0.0173483 0.1452871 0.01370939 -0.01755608 0.1455024 0.01310935 -0.01704669 0.1449495 0.0141297 -0.01740676 0.1452534 0.01363813 -0.01757048 0.1454566 0.01302374 -0.01667331 0.1445351 0.01441091 -0.01713086 0.1449302 0.01408309 -0.01745721 0.1452174 0.01356204 -0.01677038 0.1445303 0.01439735 -0.01720969 0.1449078 0.01402908 -0.01749917 0.1451794 0.01348184 -0.01686558 0.1445222 0.0143749 -0.0172824 0.1448826 0.0139682 -0.01753223 0.1451399 0.01339832 -0.01695798 0.1445111 0.01434377 -0.0173483 0.1448548 0.01390102 -0.01755608 0.1450992 0.01331226 -0.01704669 0.1444969 0.01430426 -0.01740676 0.1448246 0.0138282 -0.01757048 0.1450577 0.01322451 -0.01667331 0.1440693 0.0145648 -0.01713086 0.1444799 0.01425676 -0.01745721 0.1447924 0.01375043 -0.01677038 0.1440651 0.01455102 -0.01720969 0.1444603 0.01420172 -0.01749917 0.1447584 0.01366847 -0.01686558 0.1440582 0.0145282 -0.0172824 0.1444381 0.01413967 -0.01753223 0.1447231 0.0135831 -0.01695798 0.1440486 0.01449656 -0.0173483 0.1444136 0.01407121 -0.01755608 0.1446866 0.01349516 -0.01704669 0.1440364 0.01445641 -0.01740676 0.144387 0.01399699 -0.01757048 0.1446495 0.01340547 -0.01667331 0.1435965 0.01469564 -0.01713086 0.1440218 0.01440813 -0.01745721 0.1443587 0.01391774 -0.01677038 0.143593 0.01468167 -0.01720969 0.1440048 0.01435219 -0.01749917 0.1443288 0.01383421 -0.01686558 0.1435872 0.01465854 -0.0172824 0.1439857 0.01428912 -0.01753223 0.1442976 0.01374721 -0.01695798 0.1435791 0.01462647 -0.0173483 0.1439646 0.01421954 -0.01755608 0.1442656 0.01365758 -0.01704669 0.1435689 0.01458577 -0.01740676 0.1439417 0.01414411 -0.01757048 0.1442329 0.01356618 -0.01667331 0.1431178 0.01480313 -0.01713086 0.1435567 0.01453683 -0.01745721 0.1439172 0.01406356 -0.01677038 0.143115 0.01478901 -0.01720969 0.1435425 0.01448013 -0.01749917 0.1438915 0.01397867 -0.01686558 0.1431103 0.01476562 -0.0172824 0.1435265 0.0144162 -0.01753223 0.1438647 0.01389025 -0.01695798 0.1431039 0.0147332 -0.0173483 0.1435088 0.01434566 -0.01755608 0.143837 0.01379915 -0.01704669 0.1430957 0.01469204 -0.01740676 0.1434897 0.0142692 -0.01757048 0.1438089 0.01370626 -0.01667331 0.1426344 0.014887 -0.01713086 0.1430859 0.01464256 -0.01745721 0.1434692 0.01418755 -0.01677038 0.1426323 0.01487276 -0.01720969 0.1430744 0.01458523 -0.01749917 0.1434476 0.0141015 -0.01686558 0.1426288 0.01484917 -0.0172824 0.1430616 0.01452059 -0.01753223 0.1434252 0.01401187 -0.01695798 0.142624 0.01481647 -0.0173483 0.1430474 0.01444927 -0.01755608 0.1434021 0.01391953 -0.01704669 0.1426178 0.01477496 -0.01740676 0.143032 0.01437196 -0.01757048 0.1433785 0.01382536 -0.01667331 0.1421475 0.01494705 -0.01713086 0.1426104 0.01472506 -0.01745721 0.1430156 0.01428941 -0.01677038 0.1421461 0.01493272 -0.01720969 0.1426018 0.01466723 -0.01749917 0.1429983 0.0142024 -0.01686558 0.1421438 0.01490899 -0.0172824 0.1425922 0.01460204 -0.01753223 0.1429803 0.01411177 -0.01695798 0.1421405 0.01487609 -0.0173483 0.1425815 0.01453012 -0.01755608 0.1429617 0.01401841 -0.01704669 0.1421364 0.01483434 -0.01740676 0.1425699 0.01445215 -0.01757048 0.1429428 0.0139232 -0.01667331 0.1416583 0.01498314 -0.01677038 0.1411678 0.01498079 -0.01713086 0.1421315 0.01478413 -0.01745721 0.1425576 0.01436888 -0.01677038 0.1416576 0.01496876 -0.01720969 0.1421258 0.01472595 -0.01749917 0.1425446 0.01428113 -0.01686558 0.1416564 0.01494495 -0.01686558 0.1411678 0.01495694 -0.0172824 0.1421193 0.01466036 -0.01753223 0.142531 0.01418973 -0.01695798 0.1416548 0.01491193 -0.01695798 0.1411678 0.01492388 -0.0173483 0.1421122 0.014588 -0.01755608 0.142517 0.01409557 -0.01704669 0.1416527 0.01487002 -0.01704669 0.1411678 0.01488192 -0.01740676 0.1421044 0.01450956 -0.01757048 0.1425028 0.01399955 -0.01713086 0.1416502 0.01481963 -0.01713086 0.1411678 0.01483147 -0.01720969 0.1411678 0.01477301 -0.01745721 0.1420962 0.01442579 -0.01720969 0.1416474 0.01476124 -0.01749917 0.1420875 0.0143375 -0.0172824 0.1416441 0.01469541 -0.0172824 0.1411678 0.01470711 -0.01753223 0.1420784 0.01424555 -0.0173483 0.1416406 0.01462279 -0.0173483 0.1411678 0.01463439 -0.01755608 0.1420691 0.01415081 -0.01740676 0.1416367 0.01454406 -0.01740676 0.1411678 0.01455557 -0.01757048 0.1420596 0.01405421 -0.01745721 0.1416326 0.01445999 -0.01745721 0.1411678 0.0144714 -0.01749917 0.1411678 0.01438268 -0.01749917 0.1416282 0.01437138 -0.01753223 0.1416237 0.01427909 -0.01753223 0.1411678 0.01429029 -0.01755608 0.141619 0.01418401 -0.01755608 0.1411678 0.01419509 -0.01757048 0.1411678 0.01409802 -0.01757048 0.1416143 0.01408706 -0.01476045 0.1370773 0.025 -0.01476045 0.08061455 0.025 0.01967769 0.08061455 0.025 0.01967769 0.1370773 0.025 -0.01295565 0.08278928 0.025 0.0178954 0.08278928 0.025 -0.01295565 0.1353461 0.025 0.0178954 0.1353461 0.025 -0.01295565 0.08278928 0.015 -0.01295565 0.1353461 0.015 0.0178954 0.08278928 0.015 0.0178954 0.1353461 0.015</float_array>
          <technique_common>
            <accessor count="2848" source="#cubeverts-array0-array" stride="3">
              <param type="float" name="X"/>
              <param type="float" name="Y"/>
              <param type="float" name="Z"/>
            </accessor>
          </technique_common>
        </source>
        <source id="cubenormals-array0">
          <float_array count="17100" id="cubenormals-array0-array">1 0 0 1 0 0 1 0 0 1 0 0 1 0 0 1 -0 0 1 -0 0 1 0 0 1 0 0 1 0 0 1 0 0 1 -0 0 1 0 0 1 -0 0 1 -0 0 1 -0 0 1 -0 0 1 -0 0 1 -0 0 1 0 0 1 0 0 1 -0 0 1 0 0 1 0 0 1 0 0 1 0 0 1 0 0 1 0 0 1 0 0 1 0 0 1 0 0 1 -0 0 1 0 0 1 0 0 1 0 0 1 0 0 1 0 0 1 0 0 1 0 0 1 0 0 1 0 0 1 0 0 1 0 0 1 0 0 1 0 0 1 0 0 1 0 0 1 0 0 1 0 0 1 0 0 1 0 0 1 0 0 1 0 0 1 0 0 1 0 0 1 0 0 1 0 0 1 0 0 1 0 0 1 0 0 1 0 0 1 0 0 1 0 0 1 -0 0 1 0 0 1 0 0 0 0 -1 0 0 -1 0 0 -1 0 0 -1 0 0 -1 0 0 -1 0 0 -1 0 0 -1 0 0 -1 0 0 -1 0 0 -1 0 0 -1 0 0 -1 0 0 -1 0 0 -1 0 0 -1 0 0 -1 0 0 -1 0 0 -1 0 0 -1 0 0 -1 0 0 -1 0 0 -1 0 0 -1 0 0 -1 0 0 -1 0 0 -1 0 0 -1 0 0 -1 0 0 -1 0 0 -1 0 0 -1 0 0 -1 0 -0 -1 0 0 -1 0 0 -1 0 0 -1 0 0 -1 0 -0 -1 0 -0 -1 0 -0 -1 0 -0 -1 0 -0 -1 0 -0 -1 0 -0 -1 0 -0 -1 0 -0 -1 0 -0 -1 0 -0 -1 0 -0 -1 0 -0 -1 0 -0 -1 0 0 -1 0 -0 -1 0 0 -1 0 0 -1 0 0 -1 0 0 -1 0 -0 -1 -0 -0 -1 0 0 -1 -0 -0 -1 -0 -0 -1 0 0 -1 0 0 -1 0 0 -1 -0 -0 -1 0 0 -1 0 0 -1 -0 -0 -1 0 0 -1 0 0 -1 0 0 -1 -0 -0 -1 0 -0 -1 0 0 -1 0 0 -1 0 0 -1 0.998795 -0.04907678 0 0.998795 -0.04907678 0 0.9891776 -0.1467226 0 0.9891776 -0.1467226 0 0.9700304 -0.2429838 0 0.9700304 -0.2429838 0 0.9415474 -0.3368805 0 0.9415474 -0.3368805 0 0.9039862 -0.4275616 0 0.9039862 -0.4275616 0 0.857726 -0.514107 0 0.857726 -0.514107 0 0.8032117 -0.5956936 0 0.8032117 -0.5956936 0 0.7409392 -0.6715721 0 0.7409392 -0.6715721 0 0.6715828 -0.7409295 0 0.6715828 -0.7409295 0 0.5956811 -0.803221 0 0.5956811 -0.803221 0 0.514107 -0.857726 0 0.514107 -0.857726 0 0.4275541 -0.9039898 0 0.4275541 -0.9039898 0 0.336904 -0.941539 0 0.336904 -0.941539 0 0.2429838 -0.9700304 0 0.2429838 -0.9700304 0 0.1467036 -0.9891804 0 0.1467036 -0.9891804 0 0.04909521 -0.9987941 0 0.04909521 -0.9987941 0 0.9987952 0.04907297 0 0.9987952 0.04907297 -0 0.9891785 0.146717 0 0.9891785 0.146717 -0 0.9700235 0.2430113 0 0.9700235 0.2430113 -0 0.9415562 0.3368559 0 0.9039934 0.4275466 0 0.9415562 0.3368559 -0 0.9039934 0.4275466 0 0.8577055 0.5141413 0 0.8577055 0.5141413 -0 0.8032255 0.5956751 0 0.8032255 0.5956751 -0 0.7409217 0.6715915 0 0.7409217 0.6715915 -0 0.6715614 0.7409489 0 0.6715614 0.7409489 -0 0.5956811 0.803221 0 0.5956811 0.803221 -0 0.5141642 0.8576918 0 0.4274588 0.9040349 0 0.5141642 0.8576918 -0 0.4274588 0.9040349 0 0.3369384 0.9415267 0 0.3369384 0.9415267 -0 0.2430203 0.9700212 0 0.2430203 0.9700212 -0 0.1467797 0.9891692 0 0.1467797 0.9891692 -0 0.04897888 0.9987998 -0 0.04897888 0.9987998 0 0.9987943 -0.04907674 0.00120482 0.04908046 -0.9984939 0.02451444 0.9987943 -0.001204798 0.04907579 0.9987943 -0.04907683 0.001204841 0.9891713 -0.1467217 0.003601221 0.9891718 -0.146718 0.003601941 0.9700131 -0.2429794 0.005965754 0.970011 -0.2429881 0.005964041 0.9415151 -0.336869 0.008270474 0.941516 -0.3368668 0.008270928 0.9039437 -0.4275228 0.01049611 0.9039364 -0.4275381 0.01049293 0.9987943 -0.0489586 0.003611171 0.9987943 -0.04895712 0.003611385 0.8576578 -0.514066 0.01261834 0.8576534 -0.5140734 0.01261673 0.9891717 -0.1463645 0.01079719 0.9891708 -0.1463709 0.01079627 0.8031259 -0.59563 0.01462096 0.8031244 -0.5956321 0.01462047 0.9700135 -0.2423925 0.0178811 0.9700109 -0.2424028 0.01787958 0.7408385 -0.6714809 0.01648311 0.7408378 -0.6714818 0.01648291 0.9415135 -0.3360621 0.02478788 0.9415159 -0.3360553 0.02478891 0.6714677 -0.7408107 0.01818497 0.6714718 -0.740807 0.018186 0.9039437 -0.4264928 0.03146011 0.9039434 -0.4264934 0.03146002 0.5955654 -0.8030649 0.01971144 0.5955769 -0.8030563 0.01971415 0.9987943 -0.04872216 0.006009239 0.9987943 -0.04872094 0.006009352 0.8576534 -0.5128347 0.03783045 0.8576502 -0.5128403 0.0378295 0.5139931 -0.8575361 0.02104894 0.513991 -0.8575373 0.02104848 0.9891716 -0.1456597 0.017966 0.9891708 -0.1456648 0.01796551 0.8031327 -0.5941858 0.0438315 0.8031243 -0.5941972 0.04382942 0.4274488 -0.9037672 0.02218904 0.427425 -0.9037786 0.022184 0.9700135 -0.2412234 0.02975135 0.9700133 -0.241224 0.02975128 0.7408378 -0.669864 0.04941171 0.7408348 -0.6698674 0.04941105 0.3368291 -0.9412822 0.0231101 0.336814 -0.9412876 0.023107 0.9415115 -0.3344465 0.04124905 0.9415136 -0.3344408 0.04124963 0.6714545 -0.739038 0.05451425 0.6714677 -0.7390258 0.05451702 0.2429149 -0.9697554 0.0238094 0.2428976 -0.9697598 0.02380594 0.9039433 -0.424436 0.05235052 0.9039415 -0.4244401 0.05235007 0.5955853 -0.8011152 0.05909729 0.595577 -0.8011215 0.05909562 0.1466604 -0.988889 0.02427495 0.04906193 -0.9984949 0.02451076 0.1466812 -0.9888858 0.02427909 0.9987943 -0.0483674 0.008392792 0.9987943 -0.04836859 0.008392738 0.8576503 -0.5103664 0.06294688 0.857656 -0.5103563 0.06294806 0.5139909 -0.8554712 0.06310637 0.5139841 -0.8554754 0.06310508 0.9891717 -0.1446027 0.02509151 0.9891713 -0.1446054 0.02509138 0.803121 -0.5913353 0.0729333 0.8031325 -0.5913194 0.07293542 0.4274251 -0.9016013 0.0665043 0.4274474 -0.9015904 0.06650849 0.9700142 -0.2394698 0.04155288 0.9700134 -0.2394735 0.04155271 0.740844 -0.6666253 0.08222392 0.7408349 -0.6666357 0.08222238 0.3368048 -0.9390234 0.06926465 0.336829 -0.9390144 0.06926917 0.9415116 -0.3320195 0.05761036 0.9415125 -0.3320166 0.0576105 0.6714545 -0.7354733 0.090708 0.6714715 -0.7354574 0.0907108 0.2429187 -0.967418 0.07136445 0.2428975 -0.9674236 0.07136047 0.9039414 -0.4213605 0.07311179 0.9039425 -0.421358 0.07311193 0.5955853 -0.7972507 0.09833312 0.5955622 -0.7972685 0.09832938 0.1466672 -0.9865057 0.07276803 0.1466813 -0.9865034 0.07277072 0.04908314 -0.9960886 0.07347355 0.04906201 -0.9960893 0.07347783 0.9987944 -0.04789675 0.01075561 0.9987943 -0.04789741 0.01075561 0.857656 -0.5066529 0.08791479 0.8576473 -0.5066677 0.08791377 0.5139968 -0.8513408 0.1050046 0.5139842 -0.8513488 0.1050026 0.9891717 -0.1431966 0.03215554 0.9891712 -0.1432002 0.03215555 0.9700142 -0.2371431 0.0532504 0.803121 -0.5870441 0.1018624 0.8031263 -0.5870367 0.101863 0.4274508 -0.89724 0.1106626 0.4274473 -0.8972417 0.1106621 0.9700105 -0.2371566 0.05325676 0.7408434 -0.6617891 0.114832 0.740844 -0.6617884 0.1148321 0.336807 -0.9344928 0.1152565 0.3368048 -0.9344937 0.1152561 0.9415147 -0.3287838 0.07383288 0.9415126 -0.3287898 0.07383286 0.6714715 -0.7301205 0.1266892 0.6714704 -0.7301214 0.1266891 0.2429188 -0.9627514 0.1187448 0.2429021 -0.9627559 0.1187419 0.8576474 -0.5017431 0.1126709 0.9039425 -0.4172628 0.09370004 0.9039431 -0.4172617 0.09370006 0.5955625 -0.7914828 0.1373329 0.5955772 -0.7914714 0.1373347 0.1466673 -0.9817473 0.1210825 0.0490828 -0.9912839 0.1222587 0.1466929 -0.9817429 0.1210871 0.04902896 -0.9912852 0.1222697 0.04902918 -0.9840928 0.1707554 0.9987943 -0.04731253 0.01309299 0.9987944 -0.04731129 0.01309292 0.8576504 -0.5017385 0.1126686 0.5139685 -0.8451805 0.1466502 0.5139965 -0.8451628 0.1466538 0.9891717 -0.1414462 0.03914364 0.9891719 -0.1414455 0.03914361 0.8031293 -0.5813282 0.1305409 0.7408434 -0.6553579 0.1471635 0.8031263 -0.5813324 0.1305408 0.4274509 -0.8907285 0.1545585 0.4274593 -0.8907244 0.1545597 0.9700106 -0.2342584 0.06482697 0.9415147 -0.3247659 0.08987335 0.9700121 -0.2342521 0.06482665 0.7408428 -0.6553586 0.1471639 0.3368068 -0.9277108 0.1609777 0.3367976 -0.9277144 0.1609763 0.941515 -0.3247651 0.08987298 0.6714702 -0.7230262 0.1623602 0.6714659 -0.7230303 0.1623599 0.242902 -0.9557692 0.1658429 0.2429189 -0.9557644 0.1658456 0.9039431 -0.4121618 0.1140603 0.9039394 -0.4121695 0.1140606 0.5955773 -0.7837794 0.176004 0.5955724 -0.7837834 0.1760036 0.1466929 -0.9746183 0.1691161 0.04905235 -0.9840909 0.1707598 0.1466804 -0.9746206 0.1691139 0.9987943 -0.04661379 0.01539895 0.9987943 -0.04580195 0.01766784 0.9987943 -0.04661304 0.01539887 0.8576504 -0.4956054 0.1371529 0.857649 -0.4956081 0.1371529 0.5139688 -0.8369662 0.187946 0.5139752 -0.8369622 0.1879466 0.4274591 -0.8820688 0.1980741 0.9891716 -0.1393558 0.04603695 0.9891719 -0.1393545 0.04603682 0.8031356 -0.5742141 0.1589068 0.8031293 -0.5742229 0.158907 0.4274679 -0.8820652 0.1980712 0.9700121 -0.2307891 0.07624252 0.9700125 -0.2307874 0.07624235 0.7408351 -0.6473564 0.1791455 0.7408427 -0.6473476 0.1791455 0.3368049 -0.9186969 0.206297 0.3367976 -0.9186997 0.2062961 0.941515 -0.3199636 0.105702 0.9415146 -0.3199644 0.1057021 0.6714691 -0.7141893 0.1976432 0.6714658 -0.7141925 0.1976431 0.1466804 -0.9651487 0.2167322 0.2428912 -0.9464843 0.2125352 0.2429188 -0.9464763 0.2125392 0.9039395 -0.4060755 0.1341494 0.90394 -0.4060746 0.1341493 0.5955628 -0.7742099 0.2142521 0.5955724 -0.7742023 0.2142525 0.04905257 -0.9745284 0.218834 0.1467023 -0.9651465 0.2167272 0.04903584 -0.9745284 0.2188374 0.9987944 -0.04580055 0.01766691 0.857649 -0.488282 0.1613039 0.8576558 -0.4882705 0.161303 0.4274676 -0.8712828 0.2411176 0.513979 -0.8267292 0.2287888 0.5139754 -0.8267316 0.2287886 0.9891712 -0.1369319 0.05281955 0.9891717 -0.1369292 0.05281913 0.8031354 -0.5657253 0.1868913 0.8031246 -0.5657403 0.1868923 0.4274679 -0.8712827 0.2411175 0.9415147 -0.3143926 0.1212745 0.9700121 -0.2267702 0.08747444 0.9700125 -0.2267685 0.08747419 0.7408425 -0.6377775 0.2106943 0.7408352 -0.6377859 0.2106947 0.336805 -0.9074655 0.2511349 0.336786 -0.9074731 0.2511328 0.9415142 -0.3143937 0.1212753 0.5955631 -0.7627628 0.2519875 0.6714689 -0.7036303 0.2324524 0.6714489 -0.703649 0.2324528 0.2428915 -0.9349146 0.2587248 0.2429214 -0.9349057 0.2587288 0.8576556 -0.4797675 0.1850679 0.9039388 -0.3990054 0.1539136 0.90394 -0.3990028 0.1539133 0.5955858 -0.7627485 0.2519766 0.1467019 -0.9533479 0.2638304 0.04903619 -0.9626157 0.2663952 0.04905482 -0.9626158 0.2663913 0.1466812 -0.9533519 0.2638271 0.9987943 -0.04487823 0.01989317 0.9987943 -0.04487839 0.0198932 0.8576536 -0.4797702 0.1850698 0.5139793 -0.8145093 0.2690721 0.513995 -0.8144993 0.2690727 0.9891712 -0.1341751 0.0594754 0.9891714 -0.134174 0.05947517 0.8031247 -0.5558865 0.2144313 0.8031248 -0.5558864 0.2144313 0.4274676 -0.8584029 0.2835769 0.427448 -0.8584132 0.2835757 0.9700108 -0.2222098 0.09849833 0.9700122 -0.2222044 0.09849725 0.7408549 -0.6266578 0.2417311 0.7408425 -0.626672 0.2417325 0.3368013 -0.894053 0.2953541 0.3367861 -0.8940592 0.2953527 0.941513 -0.3080668 0.1365577 0.9415141 -0.3080637 0.1365571 0.6714516 -0.6913934 0.2666982 0.6714492 -0.6913958 0.2666983 0.2428926 -0.9210942 0.3042838 0.2429212 -0.9210855 0.3042871 0.9039425 -0.3909646 0.173305 0.9039389 -0.3909722 0.1733065 0.5955786 -0.7494712 0.2891003 0.5955859 -0.7494656 0.2891001 0.1466864 -0.9392567 0.3102901 0.04907125 -0.9483851 0.3133012 0.04905483 -0.9483849 0.3133046 0.1466813 -0.9392577 0.3102894 0.9987944 -0.04384806 0.02207128 0.9987944 -0.04384823 0.02207132 0.9987943 -0.04271235 0.02419643 0.857653 -0.4701129 0.2083872 0.8576534 -0.470112 0.208387 0.5139856 -0.8003203 0.3087169 0.5139946 -0.8003146 0.3087169 0.9891714 -0.1310938 0.0659876 0.9700108 -0.2171084 0.1092841 0.9891711 -0.1310957 0.06598809 0.8031249 -0.5446955 0.2414482 0.8031238 -0.544697 0.2414484 0.4274481 -0.8434629 0.3253589 0.4274575 -0.8434579 0.3253593 0.9700122 -0.217104 0.1092805 0.7408547 -0.6140427 0.2721873 0.7408564 -0.6140408 0.272187 0.3368014 -0.8784837 0.3388676 0.2428927 -0.9050529 0.3491164 0.3368028 -0.8784832 0.3388677 0.9415131 -0.3009965 0.1515066 0.9415153 -0.3009904 0.1515051 0.6714515 -0.6774727 0.300306 0.6714447 -0.6774791 0.3003068 0.242907 -0.9050507 0.3491124 0.9039373 -0.3820021 0.1922808 0.9039425 -0.3819908 0.1922781 0.5955788 -0.7343827 0.3255273 0.5955985 -0.7343673 0.3255259 0.1466866 -0.9229012 0.3560008 0.0490709 -0.9318693 0.3594602 0.04904826 -0.9318687 0.3594648 0.1466737 -0.9229039 0.3559991 0.9987943 -0.04271269 0.02419673 0.857653 -0.4593218 0.2312032 0.857653 -0.4593218 0.2312032 0.8031237 -0.5321939 0.2678839 0.5139877 -0.7842078 0.347613 0.4274575 -0.8264791 0.36635 0.5139858 -0.7842091 0.3476131 0.9891711 -0.1276999 0.07234116 0.9891716 -0.1276968 0.07234021 0.7408562 -0.5999483 0.3019837 0.803135 -0.5321822 0.2678736 0.4274472 -0.8264827 0.3663541 0.9700122 -0.2114799 0.1198025 0.9415152 -0.2931933 0.1660928 0.9700117 -0.2114819 0.1198032 0.7408355 -0.5999658 0.3019996 0.3367848 -0.8608033 0.3815674 0.3368026 -0.8607959 0.3815683 0.2429069 -0.8868275 0.3931074 0.9415154 -0.2931929 0.1660925 0.6714505 -0.6619224 0.3331861 0.6714449 -0.6619276 0.333187 0.2429219 -0.8868252 0.3931029 0.9039375 -0.3721059 0.2107946 0.9039407 -0.3720991 0.2107926 0.5955982 -0.7175115 0.3611648 0.5956011 -0.7175092 0.3611645 0.5139877 -0.7662057 0.3856754 0.1466748 -0.9043221 0.4008589 0.04905032 -0.9131094 0.4047534 0.0490486 -0.9131094 0.4047537 0.1466741 -0.9043224 0.4008587 0.9987943 -0.04147487 0.02626331 0.9987944 -0.04147418 0.02626306 0.8576531 -0.4474238 0.2534624 0.857651 -0.4474271 0.2534633 0.5139832 -0.7662076 0.3856776 0.989171 -0.1239972 0.07851982 0.9891716 -0.1239936 0.07851855 0.8031347 -0.5183955 0.2936677 0.8031338 -0.5183967 0.293668 0.4274432 -0.807512 0.4064686 0.4274468 -0.8075101 0.4064685 0.9700121 -0.2053467 0.1300351 0.9700117 -0.2053486 0.1300358 0.7408357 -0.5844256 0.3310727 0.7408377 -0.5844235 0.3310722 0.3367852 -0.8410434 0.4233458 0.2429218 -0.8664685 0.4361437 0.3367937 -0.8410398 0.4233461 0.9415153 -0.2846904 0.1802782 0.9415157 -0.2846895 0.1802779 0.6714507 -0.6447774 0.3652619 0.6714493 -0.6447785 0.3652622 0.2429152 -0.8664694 0.4361458 0.9039382 -0.3613124 0.2287987 0.9039407 -0.3613077 0.228797 0.5956006 -0.6989235 0.3959367 0.5955957 -0.6989273 0.3959374 0.5139831 -0.7463602 0.4228094 0.1466747 -0.8835645 0.4447474 0.04905046 -0.8921498 0.4490688 0.1466894 -0.8835613 0.4447491 0.04904392 -0.8921494 0.4490701 0.9987943 -0.04013601 0.02826704 0.9987943 -0.04013558 0.02826686 0.8031335 -0.503363 0.318751 0.8576549 -0.4344448 0.2751109 0.8576512 -0.4344507 0.2751128 0.5139849 -0.7463595 0.4228086 0.989171 -0.1199946 0.08450989 0.9891711 -0.1199943 0.08450976 0.8031299 -0.5033665 0.3187548 0.336794 -0.8192545 0.4641033 0.4274435 -0.7865947 0.4456017 0.4274427 -0.7865951 0.4456017 0.9700122 -0.1987194 0.1399536 0.9700128 -0.1987171 0.1399526 0.7408379 -0.5674752 0.3593482 0.7408465 -0.5674658 0.3593454 0.3368163 -0.8192499 0.4640953 0.9415157 -0.2755007 0.19403 0.941514 -0.2755048 0.1940317 0.6714495 -0.6260816 0.396456 0.6714624 -0.6260698 0.3964527 0.242891 -0.8440328 0.4781346 0.2429147 -0.8440253 0.4781359 0.1466895 -0.8606743 0.4875675 0.9039383 -0.3496507 0.2462516 0.9039399 -0.3496476 0.2462503 0.5955954 -0.6786586 0.4297542 0.5955797 -0.6786705 0.429757 0.1466964 -0.8606741 0.4875658 0.049064 -0.8690411 0.492301 0.04906379 -0.8438338 0.5343568 0.04904402 -0.86904 0.492305 0.9987943 -0.0387004 0.03020217 0.9987944 -0.03870029 0.03020212 0.8576548 -0.4204247 0.2960936 0.8576601 -0.4204161 0.2960902 0.5139651 -0.7247256 0.4589257 0.5139849 -0.724713 0.4589232 0.9891714 -0.1157012 0.09029447 0.9700128 -0.1916109 0.1495342 0.9891711 -0.1157033 0.09029546 0.8031187 -0.4871342 0.3430752 0.8031297 -0.4871199 0.3430699 0.4274715 -0.7637702 0.4836561 0.4274427 -0.7637851 0.483658 0.9415141 -0.2656516 0.2073173 0.9700118 -0.1916134 0.1495371 0.6714624 -0.6058628 0.4266949 0.740855 -0.5491424 0.3867512 0.7408464 -0.5491516 0.3867545 0.2428914 -0.8195526 0.5189771 0.3368163 -0.7954887 0.5037388 0.3367969 -0.7954967 0.5037389 0.9415156 -0.2656488 0.2073139 0.6714491 -0.6058705 0.4267048 0.2428966 -0.8195521 0.5189755 0.9039419 -0.3371408 0.2631067 0.9039399 -0.3371447 0.2631085 0.5955796 -0.6567624 0.4625451 0.595586 -0.6567577 0.4625438 0.04903388 -0.8438383 0.5343525 0.1467043 -0.8357126 0.529209 0.146696 -0.8357146 0.5292083 0.9987943 -0.03717218 0.03206478 0.9987943 -0.0371719 0.03206463 0.8576599 -0.405381 0.3163633 0.8576541 -0.4053902 0.3163675 0.5139843 -0.7013235 0.4939287 0.5139657 -0.7013351 0.4939314 0.9891715 -0.1111315 0.09586274 0.9700118 -0.1840454 0.1587587 0.9891714 -0.1111323 0.09586312 0.8031191 -0.4697131 0.3665642 0.7408546 -0.5295069 0.4132273 0.8031293 -0.4697002 0.3665586 0.4274712 -0.7391179 0.5205508 0.3367967 -0.7698168 0.5421717 0.4274346 -0.7391368 0.5205541 0.970012 -0.1840451 0.1587583 0.7408345 -0.5295206 0.4132458 0.3367993 -0.7698163 0.5421706 0.9415141 -0.2551594 0.2201019 0.9415156 -0.2551557 0.2200999 0.5955858 -0.6332721 0.4942105 0.6714494 -0.5842043 0.4559177 0.6714613 -0.5841939 0.4559137 0.2428969 -0.7931003 0.5585634 0.146704 -0.8087393 0.5695776 0.2429201 -0.7930928 0.5585639 0.9039419 -0.3238246 0.2793325 0.9039447 -0.3238193 0.2793298 0.5139841 -0.6762425 0.5277465 0.5955817 -0.6332738 0.4942133 0.04903451 -0.8166 0.5751175 0.04905793 -0.8166018 0.5751128 0.04905789 -0.7873967 0.6144915 0.1466893 -0.8087394 0.5695813 0.9987943 -0.03555404 0.03385007 0.9987943 -0.03555346 0.03384972 0.9987944 -0.03384968 0.03555353 0.857654 -0.3893763 0.3358806 0.8576488 -0.3893841 0.3358846 0.5139926 -0.6762398 0.5277418 0.9891713 -0.1062944 0.1012008 0.9891709 -0.1062966 0.1012022 0.8031291 -0.4511487 0.3891638 0.8031342 -0.4511424 0.3891608 0.4274414 -0.7126996 0.5561953 0.427435 -0.7127029 0.556196 0.9700128 -0.1760309 0.1675956 0.970012 -0.1760338 0.1675974 0.7408368 -0.5086057 0.4387266 0.7408348 -0.5086079 0.4387276 0.3367894 -0.7422926 0.579288 0.3367994 -0.7422885 0.5792874 0.9415142 -0.2440518 0.232357 0.9415126 -0.2440557 0.2323594 0.6714578 -0.5611245 0.4840288 0.671461 -0.5611216 0.4840275 0.2429198 -0.7647314 0.5968046 0.2429103 -0.7647346 0.5968046 0.9039444 -0.3097241 0.2948819 0.9039451 -0.3097229 0.2948812 0.5955867 -0.6082587 0.5246884 0.5955818 -0.6082622 0.5246898 0.146689 -0.779818 0.6085773 0.146693 -0.779817 0.6085776 0.04905926 -0.7873965 0.6144916 0.04905892 -0.7562991 0.652384 0.9987943 -0.03385 0.03555407 0.8576483 -0.3724344 0.3545871 0.857649 -0.3724334 0.3545865 0.5139699 -0.6495404 0.5602965 0.5139922 -0.6495269 0.5602918 0.9700128 -0.1675962 0.1760305 0.9891717 -0.1011983 0.1062928 0.989171 -0.1012027 0.1062957 0.8031338 -0.4315035 0.4108294 0.8031269 -0.431512 0.4108341 0.4274561 -0.684541 0.5904955 0.4274419 -0.6845482 0.5904974 0.9415126 -0.2323597 0.2440553 0.9700116 -0.1675987 0.1760346 0.7408533 -0.4864506 0.4631438 0.7408372 -0.4864669 0.4631525 0.3368152 -0.7129647 0.6150097 0.3367898 -0.7129751 0.6150115 0.9415165 -0.232354 0.2440458 0.6714576 -0.5366983 0.5109791 0.5955865 -0.5817813 0.5539017 0.671451 -0.5367039 0.5109818 0.242892 -0.7345355 0.6336096 0.2429102 -0.7345296 0.6336095 0.903945 -0.2948808 0.3097238 0.9039382 -0.2948932 0.3097319 0.5955802 -0.5817837 0.5539061 0.1466925 -0.7490175 0.6461068 0.146693 -0.7490174 0.6461069 0.04907485 -0.7562965 0.6523858 0.9987943 -0.032064 0.03717114 0.9987944 -0.03020162 0.03869961 0.9987944 -0.03206498 0.03717187 0.8576485 -0.354587 0.3724339 0.8576509 -0.3545836 0.3724317 0.5139704 -0.6212662 0.5914919 0.5139853 -0.6212574 0.5914884 0.9891717 -0.09586114 0.1111303 0.9700116 -0.1587587 0.1840465 0.989171 -0.09586515 0.1111333 0.7408531 -0.4631433 0.4864516 0.8031269 -0.4108351 0.4315109 0.8031311 -0.4108301 0.4315078 0.4274618 -0.654745 0.6233662 0.4274559 -0.654748 0.6233672 0.3368148 -0.6819324 0.6492488 0.9700123 -0.1587575 0.1840441 0.9415164 -0.2200977 0.2551546 0.7408465 -0.4631468 0.4864582 0.3367958 -0.6819345 0.6492564 0.9415141 -0.2201009 0.2551605 0.6714576 -0.5109792 0.5366981 0.6714512 -0.5109847 0.5367012 0.5955803 -0.5539064 0.5817831 0.2429085 -0.7025549 0.6688887 0.2428926 -0.7025601 0.668889 0.1466924 -0.7164142 0.6820792 0.9039441 -0.2793283 0.3238222 0.9039382 -0.2793384 0.3238297 0.5955734 -0.5539088 0.5817881 0.5139852 -0.5914875 0.6212583 0.1466873 -0.716414 0.6820804 0.04906294 -0.7233745 0.6887105 0.04906226 -0.6887085 0.7233764 0.04907396 -0.7233757 0.6887085 0.9987943 -0.03020195 0.03870031 0.8576523 -0.3358818 0.3893789 0.8576511 -0.3358836 0.3893801 0.5139857 -0.5914873 0.621258 0.9700122 -0.1495362 0.1916118 0.9891713 -0.09029428 0.1157017 0.989171 -0.09029631 0.1157034 0.8031219 -0.3891713 0.451155 0.8031307 -0.3891612 0.451148 0.4274613 -0.6233646 0.6547469 0.427439 -0.6233755 0.654751 0.9700116 -0.1495374 0.1916143 0.7408463 -0.43872 0.5085974 0.7408534 -0.4387134 0.5085931 0.3368264 -0.6492451 0.6819302 0.3367963 -0.6492572 0.6819336 0.9415141 -0.2073169 0.2656519 0.9415141 -0.2073169 0.2656519 0.5955738 -0.5246936 0.6082667 0.671453 -0.4840324 0.561127 0.6714577 -0.4840286 0.5611246 0.2429084 -0.6688864 0.7025571 0.2428869 -0.6688933 0.702558 0.9039438 -0.2631033 0.3371384 0.8576524 -0.3163688 0.4053925 0.9039401 -0.2631094 0.3371433 0.5955866 -0.5246899 0.6082575 0.1466876 -0.6820794 0.7164149 0.04906666 -0.6887078 0.7233769 0.1466855 -0.68208 0.7164148 0.9987943 -0.02826668 0.04013579 0.9987943 -0.02626336 0.04147435 0.9987943 -0.02826655 0.04013567 0.8031223 -0.3665636 0.4697081 0.857657 -0.3163656 0.4053853 0.5139856 -0.5602915 0.6495324 0.5139767 -0.5602964 0.6495351 0.9891715 -0.08450764 0.1199924 0.9700116 -0.1399547 0.1987211 0.9891713 -0.08450828 0.119993 0.8031272 -0.3665609 0.4697019 0.4274397 -0.5905008 0.6845467 0.427459 -0.5904915 0.6845426 0.9700122 -0.1399539 0.1987192 0.7408529 -0.4132309 0.5295066 0.7408469 -0.4132364 0.5295106 0.6714528 -0.4559156 0.5842021 0.3368254 -0.6150063 0.7129627 0.3368028 -0.6150154 0.7129657 0.9415147 -0.1940311 0.2755029 0.9415141 -0.1940326 0.2755043 0.5955866 -0.4942086 0.6332729 0.671447 -0.4559176 0.5842072 0.2428914 -0.6336129 0.7345328 0.2428879 -0.633614 0.734533 0.9039398 -0.2462505 0.3496478 0.9039403 -0.2462496 0.349647 0.5955859 -0.4942088 0.6332733 0.1466992 -0.6461072 0.749016 0.0490579 -0.6523882 0.7562956 0.04906653 -0.6523891 0.7562941 0.1466854 -0.6461107 0.7490157 0.9987943 -0.02626317 0.04147381 0.8576547 -0.2960958 0.4204231 0.8576568 -0.2960933 0.4204208 0.513993 -0.5277405 0.6762404 0.513977 -0.5277494 0.6762457 0.9891711 -0.07852004 0.1239959 0.9891716 -0.07851847 0.1239943 0.8031261 -0.3430714 0.4871247 0.8031272 -0.3430702 0.4871238 0.3368029 -0.5792861 0.7422879 0.4274474 -0.5561954 0.7126958 0.4274586 -0.5561902 0.7126932 0.9700118 -0.1300352 0.2053481 0.9700121 -0.1300343 0.2053473 0.7408465 -0.3867548 0.5491514 0.7408468 -0.3867545 0.5491511 0.3367903 -0.5792868 0.7422932 0.9415148 -0.1802791 0.2846918 0.9039398 -0.228797 0.3613099 0.9415156 -0.1802774 0.2846901 0.6714549 -0.426699 0.6058682 0.6714473 -0.4267047 0.6058726 0.2428917 -0.5968078 0.7647379 0.1466988 -0.6085758 0.7798172 0.2429112 -0.5968016 0.7647365 0.9039416 -0.2287957 0.3613061 0.5955859 -0.4625421 0.6567588 0.5955832 -0.4625438 0.6567601 0.1467007 -0.6085759 0.7798168 0.04905759 -0.6144914 0.7873967 0.04905025 -0.6144905 0.787398 0.9987943 -0.02419659 0.04271301 0.9987944 -0.0241963 0.04271268 0.8576548 -0.2751101 0.4344454 0.8031259 -0.3187571 0.5033714 0.8576533 -0.2751119 0.434447 0.5139925 -0.4939245 0.7013205 0.5139873 -0.4939272 0.7013223 0.4274477 -0.5205529 0.73913 0.9700118 -0.1198025 0.2114812 0.9891713 -0.07234081 0.1276995 0.9891714 -0.07233982 0.1276984 0.8031266 -0.3187568 0.5033705 0.4274336 -0.5205542 0.7391373 0.9700128 -0.1198015 0.2114778 0.7408465 -0.3593435 0.567467 0.6714551 -0.3964567 0.6260753 0.7408406 -0.3593485 0.5674715 0.3367915 -0.5421687 0.7698212 0.2429103 -0.5585615 0.7930974 0.3368087 -0.542162 0.7698183 0.9415142 -0.1660943 0.2931955 0.9415155 -0.1660919 0.2931929 0.6714569 -0.3964562 0.6260736 0.2429097 -0.5585616 0.7930977 0.9039415 -0.2107902 0.3720983 0.9039395 -0.2107933 0.3721017 0.595578 -0.4297618 0.678669 0.5955831 -0.4297588 0.6786665 0.1466908 -0.5695787 0.8087409 0.04905008 -0.5751129 0.8166022 0.04906701 -0.5751153 0.8165996 0.04906582 -0.5343508 0.8438375 0.1467002 -0.5695764 0.8087409 0.9987943 -0.02207191 0.04384919 0.9987943 -0.02207159 0.0438488 0.8576543 -0.2534605 0.4474224 0.8576533 -0.2534617 0.4474237 0.5139927 -0.4589165 0.7247118 0.5139869 -0.4589194 0.724714 0.4274344 -0.4836622 0.7637872 0.9891718 -0.06598596 0.1310918 0.9891714 -0.0659876 0.1310938 0.803124 -0.2936741 0.5184085 0.8031265 -0.2936716 0.518406 0.4274409 -0.4836617 0.7637838 0.9700118 -0.1092822 0.2171048 0.9700127 -0.1092799 0.217102 0.7408478 -0.3310649 0.5844148 0.7408409 -0.3310704 0.5844203 0.3368089 -0.5037409 0.7954903 0.3368136 -0.5037392 0.7954894 0.9415131 -0.1515085 0.3009956 0.9415143 -0.1515062 0.3009929 0.5955785 -0.3959449 0.6989377 0.6714599 -0.365258 0.6447698 0.6714565 -0.3652603 0.6447721 0.2429092 -0.5189769 0.8195475 0.1466913 -0.5292132 0.8357123 0.2429166 -0.5189746 0.8195468 0.9039396 -0.1922808 0.3819964 0.9039418 -0.1922779 0.3819929 0.5955788 -0.3959448 0.6989375 0.1466778 -0.529212 0.8357154 0.04904741 -0.5343544 0.8438362 0.04904713 -0.4923067 0.8690388 0.9987944 -0.01989371 0.04487932 0.9987943 -0.01989333 0.0448788 0.8576518 -0.231204 0.4593234 0.8576542 -0.2312015 0.4593205 0.5139918 -0.4228038 0.7463574 0.513976 -0.4228117 0.7463638 0.9891712 -0.05947585 0.1341749 0.9700118 -0.09849616 0.222206 0.9891718 -0.0594738 0.1341721 0.8031242 -0.2678844 0.5321929 0.80313 -0.2678792 0.532187 0.4274417 -0.4456008 0.7865962 0.4274504 -0.4455971 0.7865934 0.9700128 -0.09849533 0.2222019 0.7408472 -0.3019927 0.5999548 0.7408463 -0.3019934 0.5999555 0.242916 -0.4781351 0.8440253 0.3368131 -0.4640994 0.8192489 0.3368175 -0.4640978 0.819248 0.941513 -0.1365572 0.3080671 0.9415137 -0.1365561 0.3080655 0.67146 -0.3331785 0.6619166 0.6714496 -0.3331853 0.6619237 0.2428978 -0.4781341 0.844031 0.9039417 -0.173304 0.3909667 0.9039412 -0.1733046 0.3909677 0.5955788 -0.3611732 0.7175233 0.5955955 -0.3611639 0.7175142 0.146699 -0.4875628 0.8606752 0.1466787 -0.4875679 0.8606759 0.04905251 -0.4923056 0.8690392 0.9987943 -0.01766726 0.04580066 0.9987944 -0.01766738 0.04580084 0.8576534 -0.2083868 0.4701122 0.8576519 -0.2083884 0.4701142 0.5139767 -0.3856793 0.7662111 0.5139717 -0.3856818 0.7662132 0.9891713 -0.05282058 0.1369315 0.9891713 -0.05282025 0.136931 0.8031253 -0.2414479 0.544695 0.8031298 -0.2414441 0.5446901 0.427454 -0.4064662 0.8075075 0.4274503 -0.4064678 0.8075086 0.9700125 -0.08747464 0.2267683 0.9700128 -0.08747388 0.2267672 0.7408462 -0.2721899 0.6140517 0.7408462 -0.2721899 0.6140518 0.3367928 -0.4233462 0.8410402 0.3368168 -0.4233378 0.8410348 0.9415137 -0.1212758 0.3143952 0.9039411 -0.1539117 0.3990009 0.9415137 -0.1212755 0.3143948 0.6714543 -0.300302 0.6774716 0.6714501 -0.3003046 0.6774746 0.2429179 -0.4361411 0.8664709 0.2428988 -0.4361468 0.8664734 0.9039397 -0.1539121 0.3990037 0.5955946 -0.3255238 0.7343714 0.5955896 -0.3255265 0.7343742 0.146698 -0.4447459 0.8835614 0.04905262 -0.4490688 0.8921496 0.1466876 -0.4447484 0.8835618 0.0490635 -0.4490705 0.8921483 0.9987943 -0.01539867 0.04661244 0.9987943 -0.01539869 0.04661247 0.8031256 -0.2144289 0.5558863 0.8576549 -0.1850665 0.479769 0.8576536 -0.185068 0.479771 0.4274536 -0.3663535 0.8264796 0.5139725 -0.3476189 0.7842151 0.5139762 -0.3476172 0.7842134 0.9891713 -0.04603774 0.1393582 0.9891714 -0.0460376 0.139358 0.8031267 -0.2144287 0.5558848 0.4274543 -0.3663535 0.8264792 0.9700126 -0.07624168 0.2307871 0.9700125 -0.07624188 0.2307875 0.7408458 -0.2417328 0.626668 0.6714547 -0.266699 0.6913902 0.7408457 -0.2417329 0.6266681 0.3367935 -0.3815701 0.8607987 0.3368096 -0.3815646 0.8607948 0.9415137 -0.105703 0.3199672 0.9415137 -0.1057028 0.3199669 0.6714572 -0.2666987 0.6913877 0.5955891 -0.2891008 0.7494627 0.2429172 -0.3931049 0.8868257 0.2429069 -0.3931079 0.8868272 0.9039399 -0.1341498 0.4060744 0.9039415 -0.134148 0.4060716 0.5955822 -0.289101 0.749468 0.1466873 -0.4008572 0.9043209 0.04906318 -0.4047527 0.913109 0.146675 -0.4008602 0.9043216 0.04905367 -0.4047512 0.9131102 0.9987943 -0.01309297 0.04731194 0.9987943 -0.01309296 0.04731192 0.857653 -0.1613052 0.4882745 0.8576548 -0.1613035 0.4882718 0.5139762 -0.3087189 0.8003256 0.5139765 -0.3087188 0.8003255 0.4274547 -0.3253576 0.8434601 0.9891713 -0.03914419 0.141449 0.9891713 -0.03914434 0.1414493 0.8031251 -0.1868952 0.5657387 0.8031268 -0.1868939 0.5657367 0.4274612 -0.3253579 0.8434567 0.9700125 -0.06482591 0.2342505 0.9700127 -0.06482571 0.2342501 0.9415138 -0.08987536 0.324768 0.7408422 -0.2106932 0.6377783 0.7408454 -0.2106912 0.6377754 0.3367921 -0.3388703 0.8784862 0.336809 -0.3388647 0.8784819 0.242907 -0.3491132 0.9050503 0.9415132 -0.08987543 0.3247697 0.9039414 -0.1140609 0.4121652 0.6714587 -0.23245 0.7036406 0.6714574 -0.2324507 0.7036417 0.2429131 -0.3491139 0.9050484 0.9039419 -0.1140608 0.4121638 0.5955849 -0.2519771 0.7627491 0.5955819 -0.2519785 0.762751 0.04905382 -0.3594629 0.9318692 0.1466901 -0.3560002 0.9229008 0.04904936 -0.3594621 0.9318697 0.0490498 -0.3133041 0.9483853 0.1466758 -0.3560037 0.9229017 0.9987943 -0.01075566 0.04789729 0.9987944 -0.0107557 0.04789737 0.9891713 -0.03215644 0.1431993 0.8031251 -0.1589103 0.5742277 0.857654 -0.1371507 0.4955999 0.8576533 -0.1371514 0.4956011 0.5139837 -0.2690758 0.8145053 0.5139769 -0.2690786 0.8145087 0.9891714 -0.03215645 0.1431994 0.8031235 -0.1589103 0.57423 0.7408425 -0.1791448 0.6473482 0.4274538 -0.2835812 0.8584084 0.4274605 -0.2835788 0.8584058 0.9700123 -0.05325374 0.2371501 0.9700124 -0.05325346 0.2371495 0.7408446 -0.1791448 0.6473456 0.3367932 -0.2953582 0.8940547 0.3368052 -0.2953545 0.8940514 0.9415143 -0.07383091 0.3287854 0.9415133 -0.07383216 0.328788 0.5955843 -0.214248 0.7741945 0.6714569 -0.1976459 0.7142001 0.6714588 -0.197645 0.7141985 0.2428967 -0.3042899 0.9210911 0.2429129 -0.3042856 0.9210883 0.9039418 -0.09369978 0.4172642 0.9039409 -0.09370064 0.417266 0.5139841 -0.2287864 0.8267268 0.5955871 -0.2142482 0.7741923 0.1466933 -0.3102875 0.9392565 0.1466894 -0.3102884 0.9392567 0.04905013 -0.3133041 0.9483853 0.04905094 -0.2663931 0.9626156 0.9987943 -0.008392651 0.0483677 0.9987943 -0.006009133 0.04872124 0.9987943 -0.008392517 0.04836737 0.8576543 -0.1126671 0.5017322 0.857653 -0.1126682 0.5017343 0.5139775 -0.228786 0.826731 0.9891713 -0.02509146 0.1446049 0.9891714 -0.02509113 0.1446041 0.8031234 -0.1305435 0.5813358 0.8031259 -0.1305419 0.5813327 0.4274536 -0.2411177 0.8712896 0.4274566 -0.2411167 0.8712885 0.9700124 -0.04155345 0.2394772 0.9415141 -0.05760989 0.3320124 0.9700124 -0.04155349 0.2394773 0.7408486 -0.1471644 0.6553518 0.7408451 -0.1471663 0.6553554 0.336805 -0.2511295 0.907467 0.3368061 -0.2511292 0.9074667 0.9415137 -0.05760982 0.3320137 0.9039413 -0.07311293 0.4213605 0.6714567 -0.1623652 0.7230377 0.6714575 -0.1623649 0.723037 0.2429103 -0.258724 0.9349099 0.2428976 -0.2587274 0.9349122 0.903941 -0.0731129 0.4213609 0.5955793 -0.176005 0.7837778 0.5955866 -0.176002 0.7837729 0.1466824 -0.2638301 0.953351 0.146693 -0.2638276 0.9533499 0.04905739 -0.2663918 0.9626156 0.9891714 -0.01796566 0.1456611 0.9987944 -0.00600917 0.04872085 0.8576539 -0.08791307 0.5066566 0.8576529 -0.08791383 0.5066584 0.8031259 -0.101861 0.5870375 0.5139812 -0.1879453 0.8369588 0.5139782 -0.1879463 0.8369603 0.9891713 -0.01796556 0.1456621 0.8031247 -0.1018608 0.5870392 0.7408484 -0.1148302 0.6617838 0.4274531 -0.1980764 0.8820712 0.4274559 -0.1980755 0.8820701 0.9700123 -0.02975243 0.241228 0.9700123 -0.02975236 0.2412278 0.7408486 -0.1148303 0.6617834 0.3367994 -0.2063006 0.9186981 0.3368059 -0.2062987 0.9186961 0.9415137 -0.0412496 0.3344405 0.9415146 -0.04124869 0.334438 0.6714569 -0.1266898 0.7301338 0.6714556 -0.1266903 0.7301348 0.5955801 -0.1373325 0.7914696 0.24291 -0.2125367 0.9464792 0.2429059 -0.2125378 0.94648 0.9039412 -0.05235014 0.4244405 0.9039412 -0.05235012 0.4244405 0.5139815 -0.1466504 0.8451726 0.5955783 -0.1373323 0.7914709 0.1466827 -0.2167315 0.9651485 0.04905692 -0.2188376 0.9745273 0.1466949 -0.2167287 0.9651473 0.04904938 -0.2188362 0.9745281 0.04904985 -0.1707559 0.9840917 0.9987943 -0.003611293 0.04895714 0.9891714 -0.003601684 0.1467203 0.9987944 -0.001204701 0.0490754 0.9891713 -0.01079669 0.1463681 0.9987943 -0.003611267 0.04895706 0.8576538 -0.06294705 0.5103603 0.8576528 -0.06294759 0.5103617 0.5139849 -0.1466508 0.8451704 0.9891714 -0.003601841 0.1467209 0.9891714 -0.01079677 0.1463676 0.8031247 -0.07293457 0.5913302 0.803127 -0.07293337 0.5913272 0.4274528 -0.1545554 0.8907282 0.4274509 -0.154556 0.890729 0.9700122 -0.005964986 0.2429834 0.9700125 -0.005965302 0.2429817 0.9415141 -0.00827035 0.3368721 0.9415146 -0.02478911 0.336059 0.9700122 -0.0178804 0.2423978 0.9700123 -0.01788022 0.2423972 0.7408486 -0.08221912 0.6666209 0.7408428 -0.08222167 0.666627 0.3367991 -0.160974 0.9277143 0.3368032 -0.1609728 0.927713 0.9039414 -0.03146029 0.4264976 0.90394 -0.01049546 0.4275305 0.9415148 -0.008269837 0.3368701 0.9415147 -0.02478915 0.3360589 0.6714556 -0.09071188 0.7354717 0.6714588 -0.09071064 0.7354689 0.2429075 -0.1658418 0.955768 0.2429067 -0.1658419 0.9557681 0.1466939 -0.1691128 0.9746187 0.90394 -0.01049542 0.4275304 0.9039401 -0.03145983 0.4265006 0.5955787 -0.0983322 0.7972558 0.595579 -0.09833212 0.7972555 0.1466937 -0.1691128 0.9746188 0.04904663 -0.1707565 0.9840917 0.8576537 -0.03782806 0.5128345 0.8576535 -0.01261995 0.5140731 0.8031265 -0.04382979 0.5941942 0.8576552 -0.01262057 0.5140703 0.8031259 -0.01462288 0.5956299 0.8576528 -0.03782853 0.5128359 0.5139863 -0.1050037 0.8513473 0.5139843 -0.1050043 0.8513485 0.8031278 -0.01462213 0.5956273 0.8031279 -0.04383013 0.5941923 0.4274473 -0.1106647 0.8972414 0.4274508 -0.1106637 0.8972399 0.7408465 -0.01648406 0.6714721 0.7408462 -0.04941131 0.6698547 0.7408429 -0.01648305 0.6714761 0.7408431 -0.04941253 0.6698582 0.3368043 -0.1152582 0.9344936 0.3368028 -0.1152586 0.9344941 0.6714519 -0.01818541 0.740825 0.6714522 -0.05451576 0.73904 0.6714557 -0.01818639 0.7408214 0.5955842 -0.01971406 0.803051 0.6714592 -0.05451335 0.7390338 0.5955788 -0.05909305 0.8011204 0.242906 -0.1187448 0.9627545 0.2429108 -0.1187437 0.9627535 0.5955832 -0.01971433 0.8030517 0.5139788 -0.02105209 0.8575445 0.5955832 -0.05909393 0.801117 0.1466935 -0.1210853 0.981743 0.049047 -0.1222622 0.9912851 0.1466862 -0.1210869 0.9817439 0.04905571 -0.1222639 0.9912845 0.0490552 -0.07347558 0.9960899 0.5139855 -0.06310327 0.8554747 0.4274475 -0.06650496 0.9015907 0.513984 -0.06310365 0.8554755 0.513984 -0.02105078 0.8575414 0.4274471 -0.06650491 0.9015909 0.4274568 -0.02218733 0.9037635 0.4274482 -0.02218553 0.9037676 0.3368052 -0.06926607 0.9390232 0.3368039 -0.02310864 0.9412912 0.3368053 -0.02310893 0.9412907 0.2429057 -0.0238078 0.9697577 0.3368035 -0.06926645 0.9390237 0.2429102 -0.0713619 0.9674203 0.1466862 -0.07276952 0.9865027 0.2429141 -0.07136105 0.9674194 0.2429153 -0.02380576 0.9697553 0.04905236 -0.07347616 0.9960899 0.1466889 -0.02427677 0.9888847 0.04905138 -0.02451271 0.9984954 0.1466819 -0.02427538 0.9888858 0.1466834 -0.07276899 0.9865032 0.04905224 -0.02451254 0.9984954 0.04905139 0.02451254 0.9984954 0.04896417 0.9985 0.02449906 0.9987943 0.00120469 0.04907579 0.9987944 0.001204795 0.04907526 0.9891714 0.003601765 0.1467203 0.9891713 0.003601637 0.1467209 0.9700125 0.005965253 0.2429817 0.9700121 0.00596489 0.2429836 0.9415141 0.008269818 0.3368721 0.9415148 0.008270229 0.33687 0.90394 0.01049543 0.4275305 0.9039399 0.01049539 0.4275307 0.9987944 0.003611214 0.04895693 0.9987944 0.003611242 0.04895673 0.8576551 0.01262047 0.5140703 0.8576538 0.01261994 0.5140727 0.9891714 0.01079695 0.1463676 0.9891711 0.01079676 0.146369 0.8031259 0.01462231 0.5956299 0.8031271 0.01462272 0.5956282 0.970012 0.01788017 0.2423985 0.9700126 0.01788056 0.2423958 0.7408429 0.01648305 0.6714761 0.7408469 0.01648418 0.6714717 0.9415141 0.02478904 0.3360609 0.9415147 0.02478935 0.3360588 0.6714557 0.01818639 0.7408214 0.6714519 0.01818541 0.740825 0.9039419 0.03146048 0.4264964 0.9039395 0.03145966 0.4265017 0.5955842 0.01971431 0.8030509 0.5955832 0.01971409 0.8030517 0.9987943 0.006009127 0.04872077 0.9987944 0.006009142 0.04872062 0.8576544 0.03782802 0.5128332 0.8576536 0.03782777 0.5128347 0.5139787 0.02105102 0.8575445 0.5139833 0.02105202 0.8575419 0.9891711 0.01796583 0.1456624 0.9891711 0.01796572 0.1456635 0.8031258 0.04382998 0.5941951 0.8031245 0.04382963 0.594197 0.4274568 0.02218733 0.9037635 0.427449 0.0221857 0.9037672 0.9700128 0.02975212 0.2412256 0.9700128 0.02975211 0.2412258 0.7408475 0.04941217 0.6698533 0.7408431 0.04941117 0.6698582 0.3368054 0.02310857 0.9412907 0.3368056 0.02310862 0.9412906 0.9415126 0.04124939 0.3344436 0.9415135 0.04124965 0.3344409 0.6714639 0.05451498 0.7390293 0.6714522 0.05451252 0.7390402 0.2429135 0.02380738 0.9697558 0.2429058 0.02380582 0.9697577 0.9039412 0.05235012 0.4244406 0.9039421 0.05235034 0.4244386 0.5955752 0.05909185 0.8011233 0.5955833 0.05909347 0.8011171 0.1466889 0.02427639 0.9888847 0.04905034 0.02451233 0.9984955 0.1466838 0.02427538 0.9888855 0.9987943 0.008392576 0.04836769 0.9987944 0.008392607 0.04836705 0.8576563 0.06294741 0.510356 0.8576542 0.06294698 0.5103597 0.5139819 0.06310292 0.8554769 0.5139833 0.06310318 0.855476 0.9891711 0.02509185 0.1446059 0.9891711 0.02509186 0.1446058 0.8031237 0.07293358 0.5913318 0.8031246 0.07293376 0.5913303 0.4274495 0.06650379 0.9015898 0.4274521 0.06650428 0.9015885 0.9700124 0.04155381 0.2394772 0.9700131 0.04155396 0.2394741 0.7408465 0.08221986 0.6666232 0.7408429 0.08221925 0.6666273 0.3368102 0.06926682 0.9390213 0.3368011 0.06926509 0.9390247 0.9415122 0.05761006 0.332018 0.9415157 0.05761058 0.3320079 0.6714666 0.09071138 0.7354618 0.6714582 0.09070999 0.7354696 0.2429086 0.07136193 0.9674207 0.2429075 0.07136172 0.967421 0.9039411 0.0731123 0.421361 0.9039413 0.07311233 0.4213606 0.5955726 0.09833193 0.7972603 0.595579 0.09833296 0.7972555 0.1466917 0.07276946 0.986502 0.0490552 0.07347444 0.9960899 0.146689 0.07276893 0.9865023 0.04904665 0.07347617 0.9960901 0.9987943 0.01075587 0.04789862 0.9987944 0.01075586 0.04789768 0.8576574 0.08791393 0.5066506 0.8576511 0.08791319 0.5066615 0.5139809 0.1050033 0.8513507 0.5139829 0.1050036 0.8513495 0.9891715 0.03215643 0.143198 0.9891711 0.03215645 0.1432007 0.8031284 0.1018621 0.587034 0.8031247 0.1018616 0.5870391 0.427443 0.1106641 0.8972435 0.4274551 0.1106661 0.8972375 0.9700123 0.05325316 0.2371502 0.9700125 0.05325317 0.2371496 0.7408514 0.1148306 0.6617804 0.7408457 0.1148299 0.6617868 0.3367985 0.1152593 0.9344956 0.2429063 0.1187447 0.9627545 0.3368086 0.115261 0.9344918 0.9415123 0.07383154 0.3287911 0.9415162 0.07383156 0.3287798 0.6714593 0.1266924 0.7301311 0.6714459 0.1266908 0.7301437 0.2429149 0.1187427 0.9627526 0.9039434 0.093701 0.4172605 0.903941 0.09370095 0.417266 0.595593 0.1373341 0.7914596 0.5955783 0.1373323 0.7914709 0.1466955 0.1210872 0.9817424 0.04905571 0.1222641 0.9912845 0.1466842 0.1210851 0.9817445 0.04904226 0.1222668 0.9912848 0.9987944 0.01309294 0.0473114 0.9987943 0.01309305 0.0473135 0.8576508 0.1126658 0.5017386 0.8576611 0.1126661 0.5017208 0.5139801 0.1466502 0.8451735 0.5139815 0.1466504 0.8451726 0.9891706 0.03914452 0.141454 0.9891716 0.03914418 0.1414475 0.8031288 0.1305409 0.5813287 0.7408524 0.1471623 0.6553479 0.8031203 0.1305405 0.5813407 0.4274401 0.1545552 0.8907343 0.427442 0.1545555 0.8907334 0.9700125 0.06482635 0.2342504 0.9700127 0.06482632 0.2342499 0.740849 0.1471642 0.6553515 0.3368092 0.1609721 0.927711 0.3368049 0.1609715 0.9277126 0.941512 0.08987559 0.324773 0.941515 0.08987519 0.3247645 0.6714435 0.1623653 0.7230499 0.5955958 0.1759996 0.7837664 0.6714473 0.1623656 0.7230462 0.2429129 0.1658403 0.9557669 0.24292 0.1658414 0.9557649 0.9039433 0.1140589 0.4121616 0.903944 0.1140589 0.4121602 0.8576623 0.1371459 0.495587 0.5139811 0.1879468 0.8369584 0.5955867 0.1760034 0.7837726 0.1466807 0.1691119 0.9746209 0.04903997 0.1707553 0.9840923 0.0490366 0.170756 0.9840924 0.1466874 0.169113 0.9746197 0.9987943 0.01539874 0.04661305 0.9987944 0.01539862 0.04661187 0.8031198 0.1589159 0.5742336 0.8576505 0.1371558 0.4956046 0.513972 0.18795 0.8369632 0.9891706 0.04603898 0.1393634 0.989171 0.04603858 0.1393595 0.9700126 0.07624107 0.2307873 0.8031326 0.1589071 0.5742183 0.427449 0.1980798 0.8820723 0.4274392 0.1980787 0.8820774 0.9700133 0.07623979 0.2307852 0.7408493 0.1791462 0.6473399 0.6714455 0.1976517 0.7142092 0.7408377 0.1791462 0.6473532 0.336821 0.2063005 0.9186902 0.2429139 0.2125373 0.9464781 0.336807 0.2062986 0.9186957 0.9415136 0.1057012 0.3199678 0.9415151 0.1057008 0.3199634 0.6714645 0.1976421 0.714194 0.242918 0.2125362 0.9464772 0.9039444 0.1341451 0.4060661 0.9039437 0.1341452 0.4060676 0.5955776 0.2142477 0.7741998 0.5955871 0.2142482 0.7741923 0.1466866 0.2167314 0.9651479 0.04903238 0.2188379 0.9745285 0.1466743 0.2167294 0.9651502 0.04906536 0.2188311 0.9745284 0.04906773 0.2663949 0.9626142 0.9987943 0.01766772 0.04580143 0.9987944 0.01766769 0.04580124 0.989171 0.05282141 0.1369328 0.8576484 0.1613051 0.4882826 0.8576498 0.1613049 0.4882802 0.5139917 0.2287852 0.8267224 0.5139699 0.2287837 0.8267363 0.9891718 0.05281829 0.1369281 0.8031337 0.1868938 0.5657269 0.8031225 0.1868948 0.5657425 0.4274452 0.2411145 0.8712948 0.4274481 0.2411147 0.8712931 0.9700112 0.08747518 0.2267738 0.9700134 0.08747387 0.2267651 0.9415136 0.1212767 0.3143949 0.7408368 0.2106926 0.6377849 0.7408564 0.2106915 0.6377624 0.3368246 0.2511277 0.9074603 0.3368048 0.2511255 0.9074681 0.9415185 0.1212689 0.3143831 0.6714655 0.2324484 0.7036347 0.6714574 0.2324486 0.7036424 0.2429201 0.2587239 0.9349073 0.2429171 0.2587236 0.9349083 0.8576475 0.1850767 0.4797784 0.9039448 0.153913 0.3989919 0.9039308 0.1539171 0.399022 0.595577 0.2519835 0.7627532 0.5955582 0.2519833 0.7627679 0.1466723 0.2638324 0.9533519 0.04907164 0.2663956 0.9626138 0.1466523 0.2638293 0.9533557 0.9987944 0.01989296 0.0448771 0.9987944 0.01989346 0.04487959 0.8576536 0.1850708 0.4797699 0.5139927 0.2690797 0.8144984 0.5139859 0.2690794 0.8145028 0.9891719 0.05947377 0.1341708 0.9891714 0.05947449 0.1341743 0.8031217 0.2144311 0.555891 0.8031306 0.2144297 0.5558788 0.4274439 0.2835792 0.8584141 0.4274805 0.2835815 0.858395 0.970011 0.09849843 0.222209 0.970011 0.09849835 0.2222087 0.7408521 0.2417303 0.6266615 0.7408583 0.2417296 0.6266544 0.336804 0.2953524 0.8940526 0.3368053 0.2953525 0.8940521 0.9415131 0.1365568 0.3080672 0.9415191 0.1365535 0.3080504 0.6714572 0.2666988 0.6913878 0.5955552 0.2891099 0.7494863 0.6714624 0.2666984 0.6913828 0.2428899 0.304286 0.9210942 0.2429198 0.3042895 0.9210851 0.1466456 0.3102943 0.9392617 0.9039447 0.1733056 0.3909593 0.9039298 0.1733117 0.3909912 0.5955799 0.2890974 0.7494713 0.1466894 0.3102838 0.9392583 0.04903764 0.3133066 0.9483851 0.04903541 0.3594545 0.9318733 0.04907439 0.313299 0.9483857 0.9987943 0.02207152 0.04384883 0.9891714 0.06598812 0.1310936 0.9987945 0.022071 0.04384677 0.8576602 0.2083791 0.4701032 0.8576536 0.2083811 0.4701146 0.5139661 0.3087165 0.8003331 0.5139863 0.3087166 0.8003199 0.9891713 0.06598809 0.1310935 0.8031129 0.2414475 0.5447135 0.8031309 0.2414435 0.5446888 0.3368044 0.3388761 0.8784792 0.4274432 0.3253596 0.8434651 0.4274841 0.3253611 0.8434439 0.9700127 0.1092814 0.2171012 0.9700108 0.1092834 0.2171088 0.9415131 0.1515085 0.3009956 0.7408534 0.2721847 0.6140454 0.7408604 0.2721836 0.6140375 0.3368462 0.3388624 0.8784685 0.9415182 0.151499 0.3009842 0.6714629 0.3003043 0.6774622 0.6714328 0.3003077 0.6774904 0.242907 0.3491158 0.9050493 0.2428868 0.3491137 0.9050556 0.9039449 0.1922772 0.3819857 0.8576611 0.2311988 0.4593088 0.9039332 0.1922832 0.3820104 0.5955794 0.3255332 0.7343796 0.5955845 0.3255327 0.7343755 0.1466758 0.3559984 0.9229038 0.1466901 0.3560004 0.9229008 0.04906939 0.4047538 0.9131082 0.04906776 0.35946 0.9318696 0.9987943 0.02419614 0.04271325 0.9987944 0.02419545 0.042711 0.9987945 0.02626159 0.04147239 0.8576634 0.2311962 0.4593058 0.5139646 0.3476184 0.7842206 0.5139958 0.3476175 0.7842005 0.9891703 0.07234221 0.1277051 0.9891714 0.07234011 0.1276982 0.8031114 0.2678884 0.5322104 0.8031243 0.2678846 0.5321928 0.4274415 0.3663481 0.8264882 0.4274665 0.3663484 0.8264752 0.9700128 0.1197989 0.2114792 0.9700153 0.1197959 0.2114694 0.6714303 0.333198 0.6619369 0.740862 0.3019897 0.5999382 0.7408314 0.3019965 0.5999725 0.3368515 0.3815644 0.8607786 0.3367795 0.3815608 0.8608083 0.9415187 0.1660876 0.2931853 0.9415132 0.166092 0.2931999 0.67146 0.3331785 0.6619166 0.2429024 0.3931111 0.886827 0.2429069 0.3931115 0.8868256 0.1466749 0.400866 0.904319 0.9039325 0.2107966 0.3721167 0.9039416 0.2107911 0.3720978 0.5955787 0.3611695 0.7175254 0.5955842 0.3611688 0.7175211 0.1467182 0.4008554 0.9043167 0.04906312 0.4047527 0.913109 0.9987944 0.02626273 0.04147355 0.8576533 0.2534578 0.447426 0.8576645 0.2534525 0.4474075 0.5140024 0.3856708 0.7661981 0.5139974 0.385671 0.7662014 0.9891706 0.07852153 0.1239995 0.9891703 0.07852229 0.1240016 0.803124 0.2936795 0.5184056 0.8031061 0.2936859 0.5184295 0.427436 0.4064672 0.8075165 0.4274682 0.4064668 0.8074996 0.9415132 0.1802835 0.2846941 0.9700121 0.1300336 0.2053477 0.9700155 0.1300289 0.2053347 0.7408496 0.3310708 0.584409 0.7408304 0.3310761 0.5844305 0.6714599 0.365258 0.6447698 0.2429013 0.4361491 0.8664715 0.3367859 0.4233503 0.8410409 0.3367773 0.4233501 0.8410444 0.9415124 0.1802851 0.2846957 0.6714776 0.3652459 0.6447583 0.2429317 0.4361401 0.8664676 0.8576533 0.2751158 0.4344447 0.9039398 0.2288001 0.3613077 0.9039416 0.2287989 0.3613041 0.5955788 0.3959448 0.6989375 0.5955538 0.3959484 0.6989567 0.1467216 0.4447474 0.8835568 0.04906346 0.4490717 0.8921477 0.04907002 0.4490703 0.892148 0.146698 0.4447446 0.8835621 0.9987943 0.02826804 0.0401373 0.9987943 0.03020395 0.03870175 0.9987944 0.02826682 0.04013438 0.8576604 0.275107 0.4344363 0.5140043 0.4228059 0.7463476 0.4274348 0.4456068 0.7865965 0.5139919 0.422807 0.7463555 0.9891705 0.08451211 0.1199972 0.9891719 0.08450858 0.1199887 0.8031045 0.3187684 0.5033984 0.8031259 0.3187593 0.5033699 0.427473 0.4455905 0.786585 0.9700121 0.1399558 0.1987179 0.9700103 0.1399587 0.1987247 0.7408499 0.3593439 0.5674623 0.6714796 0.3964474 0.6260548 0.7408276 0.3593513 0.5674867 0.3368131 0.4640955 0.8192511 0.242934 0.4781231 0.8440269 0.3367836 0.4640952 0.8192634 0.9415123 0.1940329 0.2755103 0.9415218 0.1940226 0.2754852 0.671478 0.3964486 0.6260558 0.2428799 0.4781395 0.8440331 0.9039398 0.2462486 0.349649 0.9039363 0.2462515 0.3496563 0.5955563 0.4297733 0.6786807 0.5955511 0.4297743 0.6786847 0.1466788 0.4875676 0.8606759 0.04902804 0.4923171 0.8690339 0.1466991 0.4875697 0.8606714 0.04907161 0.4923085 0.8690365 0.9987945 0.03019872 0.03869744 0.9987946 0.03206092 0.03716884 0.8576607 0.2960915 0.4204141 0.8576509 0.2960976 0.4204299 0.513987 0.4589213 0.7247128 0.5139926 0.4589207 0.7247092 0.9891695 0.0903005 0.1157134 0.9891719 0.09029323 0.1156982 0.8031192 0.3430789 0.4871307 0.803126 0.3430756 0.4871219 0.7408261 0.3867728 0.5491661 0.4274684 0.4836567 0.7637715 0.4274748 0.4836563 0.7637682 0.9415223 0.2073015 0.265635 0.9700137 0.1495337 0.1916066 0.9700102 0.1495398 0.1916195 0.7408568 0.3867456 0.5491439 0.2428775 0.5189798 0.819555 0.3368273 0.5037399 0.7954832 0.3368136 0.50374 0.7954889 0.9415195 0.2073076 0.2656399 0.6714595 0.4266938 0.6058667 0.6714795 0.4266879 0.6058487 0.2428896 0.5189761 0.8195538 0.9039351 0.263116 0.3371518 0.9039358 0.2631154 0.3371504 0.5955544 0.4625526 0.6567801 0.5955715 0.4625489 0.6567672 0.1466778 0.529212 0.8357154 0.04902675 0.534355 0.8438371 0.1466709 0.5292113 0.835717 0.04910729 0.5343392 0.8438424 0.9987944 0.03206396 0.03717111 0.8576508 0.316368 0.4053967 0.8576651 0.3163579 0.4053742 0.8031189 0.3665618 0.4697155 0.5139873 0.4939199 0.7013274 0.5140089 0.4939166 0.701314 0.9700138 0.158751 0.1840416 0.9891693 0.09587029 0.1111434 0.9891706 0.09586614 0.1111357 0.7408577 0.4132212 0.5295075 0.8031222 0.3665581 0.4697127 0.4274701 0.5205442 0.7391231 0.4274475 0.5205463 0.7391348 0.9700087 0.1587679 0.1840543 0.7408421 0.4132355 0.5295179 0.3368286 0.5421575 0.7698128 0.3368311 0.5421574 0.7698118 0.9415198 0.2200931 0.255146 0.9415193 0.2200938 0.2551472 0.9039348 0.2793447 0.3238342 0.6714603 0.4559103 0.5841978 0.6714527 0.4559128 0.5842044 0.2428886 0.5585717 0.793097 0.2428261 0.5585701 0.7931172 0.9039337 0.2793466 0.3238355 0.5955704 0.494219 0.63328 0.5955557 0.4942226 0.6332909 0.5140107 0.5277373 0.6762295 0.146669 0.5695718 0.8087498 0.04911168 0.5751039 0.8166049 0.04905001 0.5751157 0.8166003 0.1467659 0.5695796 0.8087267 0.9987943 0.03385058 0.03555448 0.9987943 0.03555468 0.03385045 0.9987944 0.03384953 0.03555273 0.803122 0.3891737 0.4511529 0.8576657 0.3358697 0.3893598 0.8576645 0.3358706 0.3893616 0.5140122 0.5277365 0.6762291 0.9891704 0.1012058 0.1062982 0.9891706 0.1012051 0.1062971 0.8031219 0.3891738 0.451153 0.4274198 0.5562035 0.7127062 0.3368325 0.5792868 0.742274 0.4274473 0.5562004 0.7126921 0.9700159 0.1675885 0.1760204 0.9700084 0.1676043 0.1760466 0.740835 0.438732 0.5086038 0.7408417 0.4387287 0.5085967 0.6714528 0.4840383 0.561122 0.3368454 0.5792817 0.742272 0.9415156 0.2323496 0.2440532 0.9415196 0.2323439 0.2440435 0.6714856 0.4840121 0.5611054 0.146771 0.6085654 0.7798117 0.2428212 0.5968149 0.7647547 0.2428694 0.5968154 0.7647391 0.90394 0.2948852 0.3097341 0.9039333 0.2948926 0.3097467 0.5140142 0.5602717 0.6495267 0.5955901 0.5246857 0.6082576 0.5955541 0.5246963 0.6082839 0.04905017 0.6144954 0.7873941 0.1467223 0.6085777 0.7798113 0.04903373 0.6144986 0.7873927 0.04903258 0.6523851 0.7562999 0.9987942 0.03555645 0.03385153 0.8576343 0.3545964 0.3724578 0.8576651 0.3545701 0.3724119 0.5139481 0.5603095 0.6495466 0.9891719 0.106293 0.1011963 0.9891704 0.1062991 0.1012054 0.9700161 0.1760213 0.1675865 0.8031216 0.4108377 0.4315184 0.8031364 0.4108276 0.4315003 0.3368479 0.6149939 0.7129628 0.4274811 0.5904881 0.6845316 0.4274175 0.590497 0.6845637 0.9700153 0.1760241 0.1675882 0.7408345 0.4631479 0.4864754 0.740865 0.4631314 0.4864445 0.336803 0.6150116 0.7129688 0.9415158 0.2440485 0.2323539 0.90394 0.3097308 0.2948887 0.9415174 0.244046 0.2323501 0.671487 0.5109592 0.5366803 0.6714509 0.5109745 0.536711 0.242864 0.6336174 0.734538 0.2428675 0.6336173 0.7345369 0.9039239 0.3097608 0.2949064 0.5955908 0.5538999 0.5817788 0.5139463 0.5915036 0.6212751 0.5955803 0.5539033 0.5817862 0.1467241 0.6461069 0.7490113 0.0490665 0.6523891 0.7562941 0.1467101 0.6461061 0.7490147 0.9987944 0.03716997 0.03206244 0.9987945 0.03869803 0.03020032 0.9987941 0.03717368 0.03206743 0.803137 0.4314973 0.4108298 0.8576335 0.372448 0.3546087 0.8576714 0.3724128 0.3545539 0.5139851 0.5914809 0.6212646 0.9891695 0.1111395 0.09587315 0.9891719 0.1111295 0.09585974 0.8031039 0.4315375 0.4108521 0.4274828 0.6233646 0.6547327 0.4274174 0.6233754 0.6547652 0.9700153 0.1840359 0.1587484 0.9700154 0.1840356 0.1587481 0.7408659 0.4864494 0.4631251 0.671451 0.5367098 0.5109757 0.7408499 0.4864587 0.4631408 0.3367961 0.6492599 0.681931 0.3368026 0.6492593 0.6819284 0.9415174 0.2551545 0.2200933 0.9415156 0.2551576 0.2200975 0.6714423 0.5367172 0.5109794 0.2429085 0.6688934 0.7025504 0.2428616 0.6688945 0.7025656 0.9039366 0.3238357 0.2793369 0.9039232 0.3238528 0.2793605 0.5955802 0.5817901 0.5538995 0.595605 0.5817811 0.5538822 0.1466614 0.6820825 0.7164174 0.04914246 0.6887019 0.7233773 0.04906671 0.6887155 0.7233695 0.1467116 0.6820847 0.716405 0.9987944 0.03869792 0.03020027 0.8576462 0.3893854 0.3358899 0.8576721 0.3893596 0.3358536 0.4274155 0.6547644 0.6233776 0.5139912 0.6212615 0.5914788 0.513985 0.6212632 0.5914823 0.9891695 0.1157096 0.09030533 0.9891718 0.1156995 0.09029312 0.9700155 0.1915984 0.1495326 0.8031029 0.4511682 0.3891951 0.8031605 0.4511226 0.3891291 0.4275016 0.6547216 0.6233633 0.9700055 0.1916351 0.1495501 0.9415156 0.265651 0.2073112 0.740808 0.5086217 0.4387567 0.7408502 0.5085949 0.4387165 0.3367648 0.6819344 0.6492727 0.3367959 0.6819308 0.6492602 0.9415177 0.2656458 0.2073088 0.6714417 0.561129 0.4840457 0.6714773 0.5611112 0.4840173 0.1466598 0.71641 0.6820906 0.2429085 0.7025497 0.6688942 0.242919 0.7025493 0.6688908 0.9039363 0.337149 0.2631153 0.9039455 0.3371365 0.2630998 0.8576459 0.4053988 0.3163783 0.5956057 0.608252 0.5246745 0.5139915 0.6495339 0.5602841 0.5955437 0.6082765 0.5247164 0.04914722 0.7233653 0.6887141 0.1466648 0.7164088 0.6820908 0.04907401 0.723378 0.688706 0.9987943 0.04013577 0.02826742 0.9987943 0.04147487 0.02626331 0.9987946 0.0401333 0.02826472 0.8576598 0.405377 0.3163686 0.5139922 0.6495335 0.560284 0.9891718 0.1199906 0.08450706 0.9891725 0.1199876 0.08450379 0.8031617 0.46967 0.3665258 0.8031189 0.4697064 0.3665732 0.4275039 0.6845329 0.5904702 0.42749 0.684536 0.5904769 0.9700053 0.1987389 0.1399734 0.9700103 0.1987253 0.1399584 0.7408069 0.5295394 0.4132712 0.7408684 0.5294975 0.4132145 0.3367629 0.7129787 0.615022 0.3368159 0.7129717 0.6150011 0.9415156 0.2754973 0.1940349 0.9415177 0.2754933 0.1940304 0.6714492 0.5841967 0.4559278 0.6714782 0.5841811 0.4559054 0.2429102 0.7345283 0.6336109 0.2429197 0.7345278 0.6336079 0.9039382 0.349647 0.2462571 0.9039457 0.3496363 0.2462449 0.5955662 0.6332805 0.4942235 0.5955423 0.6332907 0.4942391 0.1466354 0.7490239 0.6461124 0.04905893 0.756303 0.6523796 0.1466636 0.7490245 0.6461053 0.04907473 0.7563003 0.6523814 0.9987944 0.04147264 0.0262625 0.8576632 0.4204101 0.2960902 0.8576602 0.4204133 0.2960939 0.8031188 0.4871296 0.3430817 0.5140066 0.6762253 0.5277466 0.5139929 0.6762298 0.5277542 0.9700102 0.2053571 0.1300335 0.9891725 0.123991 0.07851192 0.9891694 0.1240056 0.07852641 0.8031184 0.4871301 0.3430818 0.4273847 0.7127104 0.556225 0.4274914 0.7126852 0.5561751 0.9415157 0.2846881 0.1802799 0.9700195 0.2053216 0.1300207 0.740832 0.5491605 0.3867694 0.671449 0.6058755 0.4266979 0.7408692 0.5491337 0.3867365 0.3368809 0.7422704 0.5792632 0.3368165 0.7422801 0.5792882 0.9415005 0.2847293 0.1802945 0.671445 0.6058792 0.426699 0.2429102 0.7647333 0.596806 0.2428911 0.7647347 0.5968122 0.9039382 0.3613151 0.2287947 0.8576634 0.4344364 0.2750971 0.9039468 0.3613021 0.2287815 0.5955656 0.656768 0.4625554 0.5956207 0.6567426 0.4625204 0.1466331 0.779817 0.6085919 0.04905931 0.787389 0.6145013 0.146689 0.7798175 0.6085779 0.04899674 0.7873991 0.6144933 0.9987946 0.04270837 0.02419333 0.9891694 0.1277096 0.07234748 0.9987944 0.04271125 0.02419592 0.8031182 0.5033827 0.3187587 0.8576686 0.434428 0.2750943 0.5140076 0.7013146 0.4939169 0.4273827 0.7391568 0.5205682 0.5139655 0.7013295 0.4939396 0.9891697 0.1277079 0.07234696 0.8031335 0.5033624 0.3187521 0.3368838 0.7697913 0.5421537 0.4274193 0.7391379 0.520565 0.9700196 0.2114566 0.1197833 0.9700122 0.2114792 0.1198037 0.7408316 0.567481 0.3593519 0.6714444 0.6260837 0.3964615 0.7408231 0.5674877 0.3593592 0.3368531 0.7698041 0.5421547 0.9415001 0.2932265 0.16612 0.941523 0.293178 0.1660758 0.6714855 0.6260461 0.3964511 0.2428671 0.7931072 0.5585666 0.2428902 0.7931052 0.5585593 0.1466892 0.8087448 0.5695737 0.9039311 0.3721121 0.2108106 0.9039469 0.372087 0.2107874 0.595574 0.6786655 0.4297729 0.5956221 0.6786419 0.4297436 0.1467352 0.8087338 0.5695775 0.04899453 0.8166016 0.5751185 0.0490027 0.8166003 0.5751196 0.9987946 0.04384365 0.02206905 0.9987944 0.0438476 0.02207227 0.8576689 0.4474025 0.2534462 0.8576531 0.4474224 0.2534649 0.513985 0.7247155 0.4589192 0.5139651 0.724723 0.4589296 0.4274178 0.7637916 0.4836697 0.9891714 0.131094 0.06598722 0.9891697 0.1311035 0.06599494 0.9700122 0.2171018 0.1092848 0.8031347 0.5183977 0.2936638 0.8031338 0.5183986 0.2936647 0.3368551 0.7954791 0.5037278 0.427389 0.7638066 0.4836716 0.9700067 0.2171236 0.1092903 0.7408663 0.5843983 0.3310525 0.7408225 0.5844338 0.331088 0.3368745 0.795471 0.5037276 0.9415231 0.3009737 0.1514895 0.941513 0.3009959 0.1515079 0.6714506 0.6447725 0.3652706 0.6714864 0.6447491 0.3652458 0.2428658 0.8195586 0.5189797 0.2428605 0.8195592 0.5189812 0.9039309 0.3820128 0.1922891 0.903949 0.3819828 0.192264 0.857653 0.4593217 0.2312031 0.5139846 0.7463682 0.4227936 0.5955133 0.6989804 0.3959675 0.5955737 0.698949 0.3959321 0.04900109 0.8438501 0.5343367 0.1466317 0.8357218 0.5292149 0.1467364 0.8357199 0.5291886 0.04909657 0.843836 0.5343505 0.9987944 0.04487858 0.01989245 0.9891714 0.1341749 0.0594731 0.9987944 0.04487722 0.01989145 0.8576621 0.4593064 0.2311996 0.5139833 0.746369 0.4227937 0.9891728 0.1341656 0.05947121 0.8031352 0.5321782 0.2678812 0.8031361 0.5321772 0.2678804 0.4273872 0.7866208 0.4456095 0.4274437 0.7866038 0.4455853 0.9700066 0.2222254 0.09850454 0.9700058 0.2222278 0.0985063 0.7408666 0.5999438 0.301967 0.7407934 0.6000059 0.3020235 0.3368762 0.8192375 0.4640736 0.3368241 0.8192483 0.4640925 0.9415131 0.3080654 0.1365607 0.9415222 0.3080444 0.136545 0.6714504 0.6619256 0.3331801 0.6715023 0.66189 0.3331461 0.242883 0.844041 0.478124 0.2428592 0.8440438 0.4781313 0.1466302 0.8606886 0.4875602 0.903949 0.3909541 0.1732949 0.9039324 0.3909829 0.1733167 0.5955117 0.7175663 0.3611988 0.5955535 0.7175434 0.3611753 0.1467888 0.8606522 0.4875765 0.0490978 0.8690277 0.4923213 0.04901033 0.8690401 0.4923083 0.9987947 0.04579531 0.01766527 0.9987944 0.04579844 0.01766735 0.8576723 0.470085 0.2083706 0.8576624 0.4700985 0.208381 0.5139877 0.7662029 0.3856809 0.5139832 0.7662049 0.385683 0.9891685 0.1369479 0.05282945 0.9891728 0.1369232 0.05281311 0.8030997 0.5447267 0.2414616 0.8031363 0.5446868 0.2414299 0.4274434 0.8075059 0.4064805 0.4274752 0.8074957 0.4064674 0.9700126 0.2267706 0.08746843 0.9415224 0.3143723 0.1212667 0.9700056 0.226794 0.08748402 0.7408708 0.6140321 0.2721669 0.7407924 0.6141015 0.2722241 0.3368466 0.8410171 0.4233493 0.3368246 0.841022 0.4233571 0.9415228 0.314371 0.1212665 0.6715031 0.6774343 0.3002772 0.671432 0.6774852 0.3003214 0.2428238 0.8664813 0.4361729 0.2428825 0.8664736 0.4361554 0.8576728 0.4797393 0.1850612 0.90394 0.3990029 0.1539127 0.9039322 0.3990169 0.1539222 0.5956247 0.7343543 0.3255074 0.5955527 0.7343957 0.3255457 0.04900927 0.8921578 0.4490573 0.1466747 0.8835601 0.4447562 0.1467913 0.8835553 0.4447274 0.04915438 0.8921384 0.4490801 0.04915667 0.9131075 0.4047448 0.9987946 0.04660685 0.01539683 0.9987947 0.04660621 0.01539645 0.803099 0.5559205 0.2144396 0.8576556 0.4797686 0.185065 0.5139071 0.7842469 0.347644 0.5139877 0.7842104 0.347607 0.4274761 0.8264737 0.3663404 0.9891686 0.1393749 0.04604328 0.9891685 0.1393761 0.04604394 0.8031374 0.5558673 0.2144335 0.4275156 0.8264531 0.366341 0.9700125 0.2307875 0.07624196 0.9700121 0.230789 0.07624291 0.7408711 0.6266462 0.2417118 0.6714315 0.6914144 0.2666944 0.7407933 0.6267176 0.241765 0.3368476 0.8607839 0.3815556 0.3368342 0.8607872 0.3815602 0.941523 0.319943 0.1056924 0.9415191 0.3199525 0.1056982 0.6714889 0.6913601 0.2666905 0.2428216 0.886851 0.3931068 0.1466747 0.9043251 0.4008524 0.2428066 0.8868532 0.3931112 0.90394 0.4060736 0.1341523 0.903953 0.4060493 0.1341374 0.5956253 0.7494425 0.2890785 0.5955623 0.7494803 0.2891102 0.04911964 0.9131061 0.4047523 0.1467087 0.9043177 0.4008566 0.9987943 0.04731283 0.01309434 0.9987943 0.04789857 0.01075602 0.9987946 0.0473056 0.01309051 0.9891686 0.1414672 0.03914709 0.8576557 0.4882688 0.1613079 0.8576586 0.4882645 0.1613052 0.5139056 0.8003643 0.3087361 0.5139681 0.8003347 0.3087089 0.9891709 0.1414511 0.03914625 0.8031377 0.5657238 0.186886 0.7407925 0.6378314 0.2107067 0.8031092 0.5657573 0.1869076 0.4275167 0.8434374 0.3253349 0.427448 0.8434621 0.3253609 0.9700149 0.2342405 0.06482548 0.9700121 0.2342508 0.06483097 0.9415193 0.3247513 0.08987779 0.7408352 0.6377829 0.2107044 0.3368015 0.8784885 0.338855 0.3368348 0.8784799 0.3388441 0.2428046 0.9050812 0.3491046 0.9415147 0.3247646 0.08987841 0.9039531 0.4121397 0.1140594 0.6714485 0.7036459 0.2324636 0.6714895 0.7036142 0.2324412 0.242995 0.9050225 0.3491242 0.9039225 0.4122062 0.114062 0.5955631 0.7627646 0.2519817 0.5955621 0.7627652 0.2519822 0.5139679 0.8145147 0.2690778 0.1467093 0.922898 0.3559996 0.1466156 0.9229042 0.3560223 0.04903477 0.9318771 0.3594448 0.04903447 0.9483776 0.3133297 0.04912061 0.931867 0.3594593 0.9987943 0.04789922 0.01075602 0.9891709 0.1432019 0.03215675 0.8576902 0.495545 0.1371228 0.8576588 0.495592 0.1371491 0.803109 0.5742486 0.1589164 0.5139792 0.8145074 0.2690782 0.9891729 0.1431888 0.03215671 0.740835 0.6473593 0.1791355 0.8030762 0.5742943 0.1589172 0.4274482 0.8584053 0.283599 0.427528 0.858375 0.2835702 0.970015 0.2371406 0.05324706 0.9700052 0.2371769 0.05326415 0.7408766 0.6473116 0.1791356 0.3368014 0.8940496 0.2953643 0.3367533 0.8940628 0.2953795 0.9415146 0.328786 0.07382365 0.9415127 0.3287912 0.0738261 0.6714486 0.7142044 0.1976582 0.6714863 0.7141743 0.197639 0.1466141 0.9392737 0.3102726 0.2428517 0.9210994 0.3043006 0.2429968 0.9210743 0.3042608 0.9039634 0.4172219 0.0936805 0.9039223 0.4173022 0.09371943 0.5955629 0.7742075 0.2142603 0.5955482 0.7742171 0.2142668 0.04905467 0.9483779 0.3133256 0.1468257 0.9392306 0.3103034 0.9987943 0.04836938 0.008392457 0.9987943 0.04836868 0.008392167 0.8576905 0.5016752 0.112646 0.8576372 0.501757 0.1126866 0.5139791 0.8267295 0.228788 0.5139477 0.8267455 0.2288001 0.9891729 0.144595 0.02508645 0.9891716 0.144603 0.02508972 0.8030756 0.5813949 0.130574 0.8031533 0.5812986 0.1305246 0.4275291 0.8712548 0.2411098 0.4275288 0.8712549 0.2411098 0.9700052 0.2395056 0.04155827 0.9700111 0.2394831 0.04154902 0.9415125 0.3320166 0.0576105 0.7408769 0.6553229 0.1471505 0.7407918 0.6554089 0.1471966 0.3367527 0.9074873 0.2511262 0.2428508 0.9349266 0.2587194 0.3367054 0.9075009 0.2511405 0.9415159 0.3320071 0.057611 0.6714495 0.7230461 0.1623575 0.6714864 0.7230155 0.1623401 0.2429267 0.9349042 0.2587295 0.1468278 0.953329 0.2638285 0.9039634 0.4213157 0.07309701 0.9039414 0.4213599 0.0731158 0.5956265 0.7837483 0.1759766 0.5139472 0.8369784 0.1879503 0.5955479 0.7838008 0.1760088 0.1467753 0.9533393 0.2638203 0.04905483 0.9626169 0.2663877 0.04903613 0.9626188 0.2663843 0.04903584 0.9745268 0.2188448 0.9987944 0.04871905 0.006009279 0.9891716 0.1456593 0.01796846 0.9987943 0.04872199 0.006010321 0.8576663 0.5066381 0.08790018 0.8576372 0.5066837 0.08792014 0.5139966 0.836947 0.1879552 0.9891709 0.1456645 0.01796796 0.8031346 0.5870257 0.1018611 0.8031533 0.5870017 0.1018503 0.4275299 0.8820366 0.1980648 0.427459 0.8820658 0.1980876 0.9415159 0.3344344 0.04124755 0.9700066 0.2412501 0.0297586 0.970011 0.2412331 0.02975254 0.7408613 0.6617705 0.1148234 0.7407916 0.6618425 0.1148576 0.3367043 0.9187276 0.2063244 0.3367976 0.9186994 0.2062976 0.9039415 0.4244391 0.05235703 0.9415267 0.3344038 0.04125065 0.6714495 0.7301381 0.1267041 0.6714292 0.7301553 0.1267128 0.2429269 0.946476 0.2125316 0.2428116 0.946499 0.2125612 0.9039433 0.4244353 0.05235745 0.5956116 0.791444 0.1373428 0.5956267 0.7914338 0.1373371 0.04912825 0.9745265 0.2188258 0.1467547 0.9651396 0.2167225 0.1467765 0.9651375 0.2167175 0.9987944 0.04895667 0.003611775 0.9987944 0.04907497 0.001203928 0.9987944 0.04907293 0.001204326 0.9987944 0.04895522 0.00361134 0.8031346 0.5913183 0.07292152 0.8576661 0.510341 0.06293538 0.8576195 0.5104159 0.06296384 0.5139966 0.845165 0.1466407 0.5139119 0.8452116 0.1466691 0.9891721 0.1467161 0.003602323 0.9891708 0.1463708 0.01079765 0.989171 0.1467237 0.003600826 0.989171 0.1463701 0.01079747 0.8031327 0.5913209 0.07292119 0.427451 0.8907306 0.1545466 0.4274592 0.890727 0.1545441 0.9700066 0.2424195 0.01788692 0.9700062 0.2430069 0.005962362 0.9700109 0.242988 0.005966089 0.9700109 0.2424027 0.01788185 0.7408614 0.6666074 0.08221351 0.7408873 0.66658 0.08220207 0.3367974 0.9277178 0.1609568 0.336773 0.9277256 0.1609635 0.9415116 0.3368794 0.008265595 0.941524 0.3368444 0.008272661 0.9039434 0.427523 0.01049966 0.9415267 0.3360254 0.02478391 0.9415115 0.3360673 0.02479671 0.5956119 0.7972319 0.09832487 0.671429 0.7354961 0.09071083 0.6714333 0.7354925 0.0907092 0.2429381 0.9557635 0.1658227 0.2428108 0.9557904 0.1658541 0.9039437 0.4275226 0.01049957 0.9039437 0.4264931 0.03145646 0.9039434 0.4264938 0.03145667 0.5956103 0.797233 0.09832459 0.1467678 0.9746065 0.1691192 0.04912873 0.984086 0.1707667 0.1467554 0.9746079 0.169122 0.04902919 0.9840941 0.1707479 0.04902892 0.9912879 0.1222468 0.8576637 0.5128179 0.03782363 0.8576373 0.5141004 0.012615 0.8576638 0.5140559 0.01262475 0.8576195 0.5128902 0.03784709 0.5139275 0.851383 0.105003 0.5139117 0.8513919 0.1050079 0.4274507 0.89724 0.1106626 0.8030967 0.5956695 0.01461654 0.8030966 0.5942332 0.04384953 0.8031396 0.5956113 0.01463011 0.8031327 0.5941856 0.04383338 0.4275103 0.8972105 0.1106724 0.740873 0.6714426 0.01649278 0.7408727 0.6698253 0.04941335 0.7408211 0.6715003 0.0164782 0.7408873 0.6698096 0.0494077 0.2429385 0.962745 0.1187557 0.3367729 0.9345033 0.115272 0.3367705 0.9345041 0.1152726 0.6714332 0.7390564 0.05452517 0.6714678 0.7390261 0.05451337 0.6714677 0.7408109 0.01817904 0.6714506 0.7408265 0.01817469 0.2428824 0.9627604 0.1187459 0.5955267 0.803094 0.01970231 0.5955268 0.8011581 0.05910683 0.5955654 0.8030649 0.01971144 0.5956103 0.801098 0.05908118 0.04904433 0.9912876 0.1222436 0.1467684 0.9817342 0.1210655 0.1466673 0.9817466 0.1210876 0.5139272 0.8555082 0.0631226 0.5140482 0.8575031 0.02104764 0.5140481 0.8554381 0.06308877 0.5140503 0.8575018 0.0210481 0.4275107 0.9015614 0.06649428 0.4273933 0.9016149 0.06652451 0.4273536 0.9038125 0.02217599 0.3368485 0.9412755 0.02309519 0.4273932 0.9037936 0.02218437 0.3367704 0.9390358 0.06926341 0.3367947 0.9390275 0.06925758 0.3367947 0.9412946 0.02310717 0.2429514 0.9697463 0.02380561 0.2428822 0.9674268 0.07136826 0.242934 0.9674148 0.07135664 0.2429342 0.9697505 0.02380928 0.04904449 0.9960885 0.07350108 0.1466673 0.9865038 0.07279382 0.1467571 0.9864919 0.07277472 0.1467364 0.9888777 0.02427468 0.1467573 0.9888746 0.02427881 0.04902316 0.9984968 0.0245108 0.04902333 0.9960898 0.07349692 0.998795 -0 0.04907582 0.9891779 -0 0.1467212 0.998795 0 0.04907582 0.9700298 -0 0.2429861 0.9891779 0 0.1467212 0.9415463 -0 0.3368836 0.9700298 0 0.2429861 0.9039898 -0 0.4275541 0.9415463 0 0.3368836 0.8577235 -0 0.5141113 0.9039898 0 0.4275541 0.8032117 -0 0.5956936 0.8577235 0 0.5141113 0.7409436 -0 0.6715673 0.8032117 0 0.5956936 0.6715668 -0 0.740944 0.7409436 0 0.6715673 0.5956999 -0 0.803207 0.6715668 0 0.740944 0.5140927 -0 0.8577347 0.5956999 0 0.803207 0.427562 -0 0.903986 0.5140927 0 0.8577347 0.3368953 -0 0.9415421 0.427562 0 0.903986 0.2429746 -0 0.9700327 0.3368953 0 0.9415421 0.1467322 -0 0.9891762 0.2429746 0 0.9700327 0.04906613 -0 0.9987955 0.1467322 0 0.9891762 0.04906613 0 0.9987955 0 -1 0 0 -1 0 -0.04909521 -0.9987941 0 -0.1467008 -0.9891809 0 -0.04909521 -0.9987941 0 -0.2429883 -0.9700292 0 -0.1467008 -0.9891809 0 -0.3368978 -0.9415413 0 -0.2429883 -0.9700292 0 -0.4275541 -0.9039898 0 -0.3368978 -0.9415413 0 -0.5141156 -0.857721 0 -0.4275541 -0.9039898 0 -0.5956811 -0.803221 0 -0.5141156 -0.857721 0 -0.6715731 -0.7409383 0 -0.5956811 -0.803221 0 -0.7409489 -0.6715614 0 -0.6715731 -0.7409383 0 -0.8032025 -0.5957062 0 -0.7409489 -0.6715614 0 -0.8577347 -0.5140927 0 -0.8032025 -0.5957062 0 -0.9039862 -0.4275616 0 -0.8577347 -0.5140927 0 -0.9415413 -0.3368978 0 -0.9039862 -0.4275616 0 -0.9700349 -0.2429655 0 -0.9415413 -0.3368978 0 -0.9891748 -0.1467417 0 -0.9700349 -0.2429655 0 -0.998796 -0.04905739 0 -0.9891748 -0.1467417 0 -0.998796 -0.04905739 0 -1 -0 -0 -1 -0 -0 -1 -0 -0 -1 -0 -0 -1 -0 -0 -1 0 0 -1 -0 -0 -1 -0 -0 -1 0 0 -1 0 0 -1 0 0 -1 0 0 -1 -0 -0 -1 -0 -0 -1 0 0 -1 0 0 -1 0 0 -1 -0 -0 -1 -0 -0 -1 -0 -0 -1 0 0 -1 0 0 -1 -0 -0 -1 -0 -0 -1 -0 -0 -1 -0 -0 -1 0 0 -1 0 0 -1 0 0 -1 0 0 -1 0 0 -1 -0 -0 -1 0 0 -1 0 0 -1 0 0 -1 0 0 -1 0 0 -1 0 0 -1 0 0 -1 0 0 -1 0 0 -1 0 0 -1 0 0 -1 0 0 -1 0 0 -1 0 0 -1 0 0 -1 0 0 -1 0 0 -1 0 0 -1 0 0 -1 0 0 -1 0 0 -1 0 0 -1 0 0 -1 0 0 -1 0 0 -1 0 0 -1 0 0 -1 0 0 -1 0 0 -1 0 0 -1 0 0 -1 0 0 -1 -0 0 -1 0 0 -0.04897888 0.9987998 0 -0.04897888 0.9987998 0 -0.1467769 0.9891697 0 -0.1467769 0.9891697 0 -0.2430249 0.97002 0 -0.2430249 0.97002 0 -0.3369322 0.9415289 0 -0.3369322 0.9415289 0 -0.4274588 0.9040349 0 -0.4274588 0.9040349 0 -0.5141728 0.8576867 0 -0.5141728 0.8576867 0 -0.5956811 0.803221 0 -0.5956811 0.803221 0 -0.6715518 0.7409576 0 -0.6715518 0.7409576 0 -0.7409313 0.6715808 0 -0.7409313 0.6715808 0 -0.8032162 0.5956876 0 -0.8032162 0.5956876 0 -0.8577141 0.514127 0 -0.8577141 0.514127 0 -0.9039934 0.4275466 0 -0.9039934 0.4275466 0 -0.9415501 0.3368731 0 -0.9415501 0.3368731 0 -0.970028 0.242993 0 -0.970028 0.242993 0 -0.9891757 0.146736 0 -0.9891757 0.146736 0 -0.9987961 0.04905358 0 -0.9987961 0.04905358 0 0 1 0 0 1 -0 -0 -1 -0 0 -1 0 1 0 0 1 0 0 1 0 0 1 0 0 1 0 0 1 0 0 1 0 0 1 0 0 1 0 0 1 0 0 1 0 0 1 0 0 1 0 0 1 0 0 1 0 0 1 0 0 1 0 0 1 0 0 1 0 0 1 0 0 1 0 0 1 0 0 1 0 0 1 0 0 1 0 0 1 0 0 1 0 0 1 0 0 1 0 0 1 0 0 1 0 0 1 0 -0 1 0 -0 1 0 -0 1 0 -0 1 0 -0 1 0 -0 1 0 -0 1 0 -0 1 0 -0 1 0 -0 1 0 -0 1 0 -0 1 0 0 1 0 0 1 0 0 1 0 0 1 0 0 1 0 0 1 0 0 1 0 0 1 0 0 1 0 0 1 0 0 1 0 0 1 0 0 1 0 0 1 0 0 1 0 0 1 0 0 1 0 0 1 0 0 1 0 0 1 0 0 1 0 0 1 0 0 1 0 0 1 0 0 1 0 0 1 0 0 1 0 0 1 0 0 1 -0 0 1 0 0 1 0 0 1 0 0 1 0 0 1 0 0 1 0 0 1 0 0 1 0 0 1 0 0 1 0 0 1 0 0 1 0 0 1 0 0 1 0 0 1 0 0 1 0 0 1 0 0 1 0 0 1 0 0 1 0 0 1 0 0 1 0 0 1 0 0 1 0 0 1 0 0 1 0 0 1 0 0 1 0 0 1 0 0 1 0 0 1 0 0 1 0 0 1 0 0 1 0 0 1 0 0 1 0 0 1 0 0 1 0 0 1 0 0 1 0 0 1 0 0 1 0 0 1 0 0 1 0 0 1 0 0 1 0 0 1 0 0 1 0 0 1 0 0 1 0 0 1 0 0 1 0 0 1 0 0 1 0 0 1 0 0 1 0 0 1 0 0 -0 1 0 0 1 0 -1 0 0 -1 0 -0 -1 0 0 -1 0 -0 -1 0 0 -1 0 -0 -1 0 0 -1 0 -0 -1 0 0 -1 0 -0 -1 0 0 -1 0 -0 -1 0 0 -1 0 -0 -1 0 0 -1 0 -0 -1 0 0 -1 0 -0 -1 0 0 -1 0 -0 -1 0 0 -1 0 -0 -1 0 0 -1 0 -0 -1 0 0 -1 0 -0 -1 0 0 -1 0 -0 -1 0 0 -1 0 -0 -1 0 0 -1 0 -0 -1 0 0 -1 0 0 -1 0 0 -1 0 0 -1 0 0 -1 0 0 -1 0 0 -1 0 0 -1 0 0 -1 0 0 -1 0 0 -1 0 0 -1 0 0 -1 0 0 -1 0 0 -1 0 0 -1 0 0 -1 0 0 -1 0 0 -1 0 0 -1 0 0 -1 0 0 -1 0 -0 -1 0 -0 -1 0 -0 -1 0 -0 -1 0 -0 -1 0 -0 -1 0 -0 -1 0 -0 -1 0 -0 -1 0 -0 -1 0 -0 -1 0 -0 -1 0 -0 -1 0 -0 -1 0 -0 -1 0 -0 -1 0 -0 -1 0 -0 -1 0 -0 -1 0 -0 -1 0 -0 -1 0 0 -1 0 0 -1 0 0 -1 0 0 -1 0 0 -1 0 0 -1 0 0 -1 0 0 -1 0 0 -1 0 0 -1 0 0 -1 0 0 -1 0 0 -1 0 0 -1 0 0 -1 0 0 -1 0 0 -1 0 0 -1 0 0 -1 0 0 -1 0 0 -1 0 0 -1 0 0 -1 0 0 -1 0 0 -1 0 0 -1 0 0 -1 0 0 -1 0 0 -1 0 0 -1 0 0 -1 0 0 -1 0 0 -1 0 0 -1 0 0 -1 0 0 -1 0 0 -1 0 0 -1 0 0 -1 0 0 -1 0 0 -1 0 0 -1 0 0 -1 0 0 -1 0 0 -1 0 0 -1 0 0 -1 0 0 -1 0 0 -1 0 0 -1 0 0 -1 0 0 -1 0 0 -1 0 0 -1 0 0 -0 -1 -0 0 -1 0 1 0 0 1 0 0 1 0 0 1 0 0 1 0 0 1 0 0 1 0 0 1 0 0 1 0 0 1 0 0 1 0 0 1 0 0 1 0 0 1 0 0 1 0 0 1 0 0 1 0 0 1 0 0 1 0 0 1 0 0 1 0 0 1 0 0 1 0 0 1 0 0 1 0 0 1 0 0 1 0 0 1 0 0 1 0 0 1 0 0 1 0 0 1 0 0 1 0 -0 1 0 -0 1 0 -0 1 0 -0 1 0 -0 1 0 -0 1 0 -0 1 0 -0 1 0 -0 1 0 0 1 0 0 1 0 0 1 0 0 1 0 0 1 0 0 1 0 0 1 0 0 1 0 0 1 0 0 1 0 0 1 0 0 1 0 0 1 0 0 1 0 0 1 0 0 1 0 0 1 0 0 1 0 0 1 0 0 1 0 0 1 0 0 1 0 0 1 0 0 1 0 0 1 0 0 1 0 0 1 0 0 1 0 0 1 0 0 1 0 0 1 0 0 1 0 0 1 0 0 1 0 0 1 0 0 1 0 0 1 0 0 1 0 0 1 0 0 1 0 0 1 0 0 1 0 0 1 0 0 1 0 0 1 0 0 1 0 0 1 0 0 1 0 0 1 0 0 1 0 0 1 0 0 1 0 0 1 0 0 1 0 0 1 0 0 1 0 0 1 0 0 1 0 0 1 0 0 1 0 0 1 0 0 1 0 0 1 0 0 1 0 0 1 0 0 1 0 0 1 0 0 1 0 0 1 0 0 1 0 0 1 0 0 1 0 0 1 0 0 1 0 0 1 0 0 1 0 0 1 0 0 1 0 0 1 0 0 1 0 0 1 0 0 1 0 0 1 0 0 1 0 0 1 0 0 1 0 0 1 0 0 1 0 0 -0 1 0 0 1 0 -1 0 0 -1 0 -0 -1 0 0 -1 0 -0 -1 0 0 -1 0 -0 -1 0 0 -1 0 -0 -1 0 0 -1 0 -0 -1 0 0 -1 0 -0 -1 0 0 -1 0 -0 -1 0 0 -1 0 -0 -1 0 0 -1 0 -0 -1 0 0 -1 0 -0 -1 0 0 -1 0 -0 -1 0 0 -1 0 -0 -1 0 0 -1 0 -0 -1 0 0 -1 0 -0 -1 0 0 -1 0 -0 -1 0 0 -1 0 0 -1 0 0 -1 0 0 -1 0 0 -1 0 0 -1 0 0 -1 0 0 -1 0 0 -1 0 0 -1 0 0 -1 0 0 -1 0 0 -1 0 0 -1 0 0 -1 0 0 -1 0 0 -1 0 0 -1 0 0 -1 0 0 -1 0 0 -1 0 0 -1 0 0 -1 0 0 -1 0 0 -1 0 0 -1 0 -0 -1 0 -0 -1 0 -0 -1 0 -0 -1 0 -0 -1 0 -0 -1 0 -0 -1 0 -0 -1 0 -0 -1 0 -0 -1 0 -0 -1 0 -0 -1 0 -0 -1 0 -0 -1 0 -0 -1 0 -0 -1 0 -0 -1 0 -0 -1 0 -0 -1 0 -0 -1 0 -0 -1 0 -0 -1 0 -0 -1 0 -0 -1 -0 -0 -1 0 0 -1 0 0 -1 0 0 -1 0 0 -1 0 0 -1 0 0 -1 0 0 -1 0 0 -1 0 0 -1 0 0 -1 0 0 -1 0 0 -1 0 0 -1 0 0 -1 0 0 -1 0 0 -1 0 0 -1 0 0 -1 0 0 -1 0 0 -1 0 0 -1 0 0 -1 0 0 -1 0 0 -1 0 0 -1 0 0 -1 0 0 -1 0 0 -1 0 0 -1 0 0 -1 0 0 -1 0 0 -1 0 0 -1 0 0 -1 0 0 -1 0 0 -1 0 0 -1 0 0 -1 0 0 -1 0 0 -1 0 0 -1 0 0 -1 0 0 -1 0 0 -1 0 0 -1 0 0 -1 0 0 -1 0 0 -1 0 0 0 -0.02454208 0.9996988 0 -0.02454208 0.9996988 0 -0.07356415 0.9972906 0 -0.07356415 0.9972906 0 -0.1224113 0.9924794 0 -0.1224113 0.9924794 0 -0.1709617 0.9852777 0 -0.1709617 0.9852777 0 -0.2191 0.9757024 0 -0.2191 0.9757024 0 -0.2667142 0.9637756 0 -0.2667142 0.9637756 0 -0.3136817 0.9495282 0 -0.3136817 0.9495282 0 -0.3598953 0.9329927 0 -0.3598953 0.9329927 0 -0.405239 0.9142107 0 -0.405239 0.9142107 0 -0.449612 0.8932239 0 -0.449612 0.8932239 0 -0.4928999 0.870086 0 -0.4928999 0.870086 0 -0.5349952 0.8448551 0 -0.5349952 0.8448551 0 -0.5758088 0.8175844 0 -0.5758088 0.8175844 0 -0.615231 0.7883469 0 -0.615231 0.7883469 0 -0.6531746 0.7572073 0 -0.6531746 0.7572073 0 -0.6895389 0.7242486 0 -0.6895389 0.7242486 0 -0.7242468 0.6895409 0 -0.7242468 0.6895409 0 -0.7572109 0.6531705 0 -0.7572109 0.6531705 0 -0.7883459 0.6152322 0 -0.7883459 0.6152322 0 -0.8175862 0.5758062 0 -0.8175862 0.5758062 0 -0.8448514 0.5350012 0 -0.870089 0.4928947 0 -0.8448514 0.5350012 0 -0.870089 0.4928947 0 -0.8932244 0.4496112 0 -0.9142098 0.4052412 0 -0.8932244 0.4496112 0 -0.9329917 0.359898 0 -0.9142098 0.4052412 0 -0.9495291 0.313679 0 -0.9329917 0.359898 0 -0.9495291 0.313679 0 -0.9637762 0.2667124 0 -0.9637762 0.2667124 0 -0.9757022 0.219101 0 -0.9757022 0.219101 0 -0.9852778 0.170961 0 -0.9924787 0.1224169 0 -0.9852778 0.170961 0 -0.9924787 0.1224169 0 -0.9972906 0.07356221 0 -0.9972906 0.07356221 0 -0.9996988 0.02454402 0 -0.9996988 0.02454402 0 0.9996991 0.02452849 0 0.9972889 0.0735854 0 0.9996991 0.02452849 0 0.9924816 0.1223939 0 0.9972889 0.0735854 0 0.9852791 0.1709535 0 0.9924816 0.1223939 0 0.9757005 0.2191084 0 0.9852791 0.1709535 0 0.9637782 0.2667052 0 0.9757005 0.2191084 0 0.9495198 0.3137071 0 0.9637782 0.2667052 0 0.9329995 0.3598777 0 0.9495198 0.3137071 0 0.9142127 0.4052347 0 0.9329995 0.3598777 0 0.9142127 0.4052347 0 0.8932182 0.4496236 0 0.8932182 0.4496236 0 0.8700856 0.4929005 0 0.8700856 0.4929005 0 0.8448549 0.5349956 0 0.8448549 0.5349956 0 0.7883459 0.6152322 0 0.8175825 0.5758114 -0 0.8175825 0.5758114 0 0.7883459 0.6152322 0 0.7242507 0.6895368 0 0.7572148 0.653166 -0 0.7572148 0.653166 0 0.7242507 0.6895368 0 0.6531708 0.7572107 0 0.689535 0.7242523 -0 0.689535 0.7242523 0 0.6531708 0.7572107 0 0.6152385 0.788341 -0 0.6152385 0.788341 0 0.5758088 0.8175844 -0 0.5758088 0.8175844 0 0.5349846 0.8448617 -0 0.5349846 0.8448617 0 0.4929099 0.8700804 -0 0.4929099 0.8700804 0 0.4052419 0.9142095 0 0.449612 0.8932239 -0 0.449612 0.8932239 0 0.4052419 0.9142095 0 0.3598875 0.9329957 -0 0.3598875 0.9329957 0 0.313684 0.9495274 -0 0.313684 0.9495274 0 0.219095 0.9757036 0 0.2667162 0.9637751 -0 0.2667162 0.9637751 0 0.219095 0.9757036 0 0.1224141 0.9924791 0 0.1709617 0.9852777 -0 0.1709617 0.9852777 0 0.1224141 0.9924791 0 0.02454208 0.9996988 0 0.073563 0.9972906 -0 0.073563 0.9972906 0 0.02454208 0.9996988 0 0 1 0 0 1 0 0 1 0 0 1 0 0 1 0 0 1 0 -0 1 0 0 1 -0.9987953 -0.04905735 0.001204344 -0.04905138 -0.02451271 0.9984954 -0.04905225 -0.02451254 0.9984954 -0.1466861 -0.02427537 0.9888851 -0.1466791 -0.02427681 0.9888862 -0.2429103 -0.02380778 0.9697566 -0.2429199 -0.02380573 0.9697542 -0.3367992 -0.02310868 0.9412929 -0.3367977 -0.023109 0.9412934 -0.4274568 -0.02218543 0.9037635 -0.4274482 -0.02218743 0.9037675 -0.04905518 -0.07347558 0.9960898 -0.04905236 -0.07347616 0.9960899 -0.5139874 -0.02105196 0.8575394 -0.5139925 -0.02105066 0.8575363 -0.1466806 -0.07276958 0.9865036 -0.1466833 -0.07276899 0.9865032 -0.5955842 -0.01971406 0.803051 -0.5955832 -0.01971433 0.8030517 -0.2429186 -0.07136096 0.9674183 -0.2429148 -0.07136182 0.9674192 -0.671446 -0.01818552 0.7408302 -0.6714422 -0.0181867 0.7408338 -0.3367974 -0.06926662 0.9390259 -0.336799 -0.06926623 0.9390254 -0.7408526 -0.01648389 0.6714653 -0.7408562 -0.0164827 0.6714614 -0.4274474 -0.0665049 0.9015906 -0.4274472 -0.06650497 0.9015908 -0.8031166 -0.01462319 0.5956425 -0.8031186 -0.01462243 0.5956398 -0.04904699 -0.122264 0.991285 -0.04905571 -0.1222622 0.9912847 -0.5139926 -0.06310327 0.8554704 -0.513994 -0.06310288 0.8554696 -0.8576638 -0.01261954 0.514056 -0.8576621 -0.01262029 0.5140588 -0.1466907 -0.1210854 0.9817435 -0.1466834 -0.121087 0.9817443 -0.5955833 -0.05909281 0.8011171 -0.5955788 -0.05909418 0.8011203 -0.90394 -0.01049546 0.4275305 -0.90394 -0.01049542 0.4275304 -0.2429154 -0.1187436 0.9627524 -0.2429106 -0.1187447 0.9627534 -0.6714424 -0.05451641 0.7390487 -0.6714495 -0.054514 0.7390425 -0.9415079 -0.008270772 0.3368893 -0.9415087 -0.00827026 0.3368873 -0.3367982 -0.1152585 0.9344959 -0.3367966 -0.1152589 0.9344964 -0.7408528 -0.04941174 0.6698475 -0.7408559 -0.04941053 0.6698441 -0.9700171 -0.005964492 0.2429634 -0.9891686 -0.003602292 0.1467393 -0.9700167 -0.005964892 0.242965 -0.4274508 -0.1106637 0.8972399 -0.4274473 -0.1106647 0.8972414 -0.8031172 -0.0438312 0.5942067 -0.8031186 -0.04383057 0.5942048 -0.9987952 -0.001204235 0.0490564 -0.9987953 -0.001204312 0.049056 -0.9891685 -0.003602167 0.1467399 -0.04904991 -0.1707559 0.9840917 -0.04904663 -0.1707565 0.9840917 -0.5139949 -0.1050031 0.8513422 -0.5139929 -0.1050037 0.8513433 -0.8576622 -0.03782701 0.5128202 -0.8576614 -0.03782747 0.5128217 -0.1466909 -0.1691129 0.9746192 -0.1466911 -0.1691129 0.9746192 -0.5955787 -0.09833221 0.7972558 -0.595579 -0.09833212 0.7972555 -0.90394 -0.03146051 0.4265005 -0.9039414 -0.03145962 0.4264977 -0.2429121 -0.1658416 0.9557669 -0.2429112 -0.1658418 0.955767 -0.6714459 -0.09071295 0.7354805 -0.6714491 -0.09071172 0.7354777 -0.9415085 -0.02479042 0.3360762 -0.9415085 -0.02479037 0.3360761 -0.336797 -0.1609732 0.9277151 -0.3367929 -0.1609744 0.9277164 -0.7408525 -0.08222035 0.6666164 -0.7408583 -0.08221781 0.6666102 -0.9700168 -0.01787906 0.2423795 -0.9700169 -0.01787888 0.2423789 -0.4274509 -0.154556 0.890729 -0.4274528 -0.1545554 0.8907282 -0.8031153 -0.0729361 0.5913426 -0.8031177 -0.0729349 0.5913396 -0.9987953 -0.003609846 0.0489378 -0.9891685 -0.0107982 0.1463871 -0.9987954 -0.003609859 0.04893772 -0.9891685 -0.01079806 0.1463866 -0.04905685 -0.2188362 0.9745277 -0.04904938 -0.2188377 0.9745277 -0.51399 -0.1466503 0.8451674 -0.5139935 -0.1466491 0.8451655 -0.8576623 -0.0629453 0.5103461 -0.8576615 -0.06294585 0.5103476 -0.1466799 -0.2167316 0.9651489 -0.1466921 -0.2167288 0.9651477 -0.5955782 -0.1373328 0.7914709 -0.5955801 -0.1373321 0.7914696 -0.9039412 -0.05235014 0.4244405 -0.9039412 -0.05235011 0.4244404 -0.2429146 -0.2125365 0.9464781 -0.3367933 -0.2062997 0.9187006 -0.2429104 -0.2125375 0.9464789 -0.6714472 -0.1266913 0.7301425 -0.671446 -0.1266918 0.7301434 -0.9415075 -0.04125171 0.3344576 -0.9415085 -0.04125081 0.3344551 -0.3367997 -0.2063006 0.918698 -0.740858 -0.1148285 0.6617733 -0.7408583 -0.1148283 0.6617729 -0.9700169 -0.02975012 0.2412097 -0.9700168 -0.02975019 0.2412099 -0.4274559 -0.1980755 0.8820701 -0.4274531 -0.1980764 0.8820712 -0.5139897 -0.1879448 0.8369536 -0.8031166 -0.1018627 0.58705 -0.8031154 -0.1018634 0.5870516 -0.9891686 -0.01796776 0.14568 -0.9891684 -0.01796812 0.145681 -0.9987953 -0.006006795 0.0487016 -0.9987953 -0.006006758 0.04870199 -0.04905739 -0.2663918 0.9626156 -0.04905093 -0.2663931 0.9626156 -0.5139868 -0.1879446 0.8369554 -0.903941 -0.0731129 0.4213609 -0.8576625 -0.08791063 0.5066425 -0.8576614 -0.08791138 0.5066442 -0.1466796 -0.2638302 0.9533513 -0.1466901 -0.2638277 0.9533503 -0.5955793 -0.176005 0.7837777 -0.5955866 -0.176002 0.7837729 -0.9039413 -0.07311293 0.4213605 -0.2429149 -0.2587237 0.9349088 -0.2429021 -0.2587271 0.9349111 -0.6714479 -0.1623668 0.7230455 -0.7408583 -0.1471631 0.6553411 -0.671447 -0.1623672 0.7230462 -0.9415075 -0.05761306 0.3320307 -0.9700169 -0.04155033 0.2394593 -0.9415079 -0.05761252 0.3320293 -0.3368 -0.2511297 0.9074688 -0.3367988 -0.2511301 0.9074692 -0.7408548 -0.1471629 0.6553451 -0.970017 -0.04155034 0.2394592 -0.4274566 -0.2411167 0.8712885 -0.4274536 -0.2411177 0.8712896 -0.8031166 -0.1305447 0.5813449 -0.803114 -0.1305463 0.5813481 -0.9891685 -0.02509471 0.1446236 -0.9891686 -0.02509438 0.1446228 -0.9987953 -0.008389261 0.0483486 -0.9987954 -0.008389276 0.04834825 -0.9987953 -0.01075141 0.04787837 -0.04904993 -0.3133041 0.9483853 -0.04905013 -0.3133041 0.9483853 -0.1466905 -0.3102884 0.9392567 -0.5139861 -0.2287861 0.8267257 -0.5139926 -0.2287836 0.8267223 -0.8576615 -0.112665 0.5017203 -0.8576629 -0.112664 0.5017183 -0.1466865 -0.3102878 0.9392574 -0.5955871 -0.2142475 0.7741925 -0.5955843 -0.2142487 0.7741943 -0.9039409 -0.09370064 0.417266 -0.9039418 -0.09369978 0.4172642 -0.9415082 -0.07383532 0.3288021 -0.2429175 -0.3042852 0.9210872 -0.2429013 -0.3042896 0.9210901 -0.6714472 -0.1976483 0.7142085 -0.6714491 -0.1976473 0.714207 -0.9415071 -0.07383531 0.3288051 -0.3367871 -0.295359 0.8940568 -0.3367991 -0.2953552 0.8940536 -0.7408521 -0.1791426 0.6473377 -0.7408543 -0.1791413 0.6473355 -0.9700171 -0.05324945 0.2371316 -0.9700169 -0.05324973 0.2371322 -0.4274538 -0.2835812 0.8584084 -0.4274605 -0.2835788 0.8584058 -0.8031159 -0.1589131 0.57424 -0.8031142 -0.1589142 0.5742419 -0.9891685 -0.03216062 0.143218 -0.9987953 -0.0130878 0.04729325 -0.9891685 -0.0321606 0.1432179 -0.9987953 -0.01075145 0.04787845 -0.0490538 -0.359462 0.9318695 -0.04904934 -0.3594629 0.9318693 -0.5955849 -0.2519778 0.7627489 -0.5139855 -0.269077 0.8145038 -0.5139923 -0.2690742 0.8145005 -0.8576618 -0.1371476 0.4955873 -0.8576626 -0.1371469 0.4955862 -0.146673 -0.3560039 0.9229021 -0.1466872 -0.3560004 0.9229012 -0.5955819 -0.2519778 0.7627512 -0.903942 -0.1140605 0.4121639 -0.9039414 -0.1140612 0.412165 -0.2429177 -0.3491123 0.9050478 -0.2429117 -0.349114 0.9050488 -0.6714491 -0.2324528 0.703649 -0.6714478 -0.2324535 0.70365 -0.941507 -0.0898804 0.3247862 -0.9415076 -0.08987958 0.3247847 -0.3367859 -0.3388711 0.8784883 -0.3368028 -0.3388655 0.8784839 -0.7408519 -0.2106898 0.6377682 -0.740855 -0.2106878 0.6377652 -0.9700171 -0.06482104 0.2342329 -0.9700172 -0.06482083 0.2342325 -0.5139847 -0.308717 0.8003209 -0.4274612 -0.3253565 0.8434572 -0.4274548 -0.325359 0.8434595 -0.8031158 -0.1868991 0.5657506 -0.8031176 -0.1868978 0.5657486 -0.9891685 -0.03914926 0.1414674 -0.9987953 -0.01308779 0.04729324 -0.9891685 -0.03914941 0.1414676 -0.04905367 -0.4047529 0.9131094 -0.04906311 -0.404751 0.9131098 -0.1466721 -0.4008581 0.9043229 -0.5139849 -0.308717 0.8003207 -0.9039415 -0.1341487 0.4060714 -0.8576616 -0.1613007 0.4882609 -0.8576634 -0.161299 0.4882582 -0.1466846 -0.4008597 0.9043202 -0.5955822 -0.2891027 0.7494674 -0.595589 -0.2890992 0.7494634 -0.90394 -0.1341491 0.4060747 -0.9415076 -0.1057083 0.3199832 -0.2429114 -0.3931074 0.8868262 -0.2429218 -0.3931044 0.8868246 -0.671445 -0.2667027 0.6913981 -0.6714476 -0.2667013 0.6913962 -0.9415075 -0.1057083 0.3199836 -0.3367874 -0.381571 0.8608007 -0.3368034 -0.3815655 0.8607969 -0.7408555 -0.241729 0.626658 -0.7408554 -0.241729 0.6266581 -0.8031174 -0.2144332 0.5558965 -0.9700171 -0.07623615 0.2307701 -0.9700173 -0.07623595 0.2307698 -0.9891684 -0.04604365 0.1393763 -0.4274536 -0.3663537 0.8264795 -0.4274543 -0.3663534 0.8264793 -0.5139848 -0.347616 0.7842084 -0.8031163 -0.2144334 0.555898 -0.9891685 -0.04604362 0.139376 -0.9987953 -0.0153926 0.04659403 -0.9987953 -0.0153926 0.04659406 -0.0490526 -0.4490708 0.8921487 -0.04906351 -0.4490686 0.8921492 -0.5139811 -0.3476161 0.7842107 -0.5955896 -0.3255253 0.7343748 -0.9039398 -0.1539121 0.3990038 -0.8576621 -0.1850628 0.4797577 -0.8576636 -0.1850614 0.4797556 -0.1466952 -0.444746 0.8835618 -0.1466847 -0.4447486 0.8835623 -0.5955946 -0.325525 0.7343709 -0.9415074 -0.1212819 0.3144113 -0.9039411 -0.1539117 0.3990009 -0.2429225 -0.4361406 0.8664699 -0.2429034 -0.4361463 0.8664724 -0.6714446 -0.3003055 0.6774796 -0.6714405 -0.3003081 0.6774827 -0.9700171 -0.08746778 0.2267514 -0.9415076 -0.1212818 0.3144108 -0.3367867 -0.4233472 0.8410422 -0.3368106 -0.4233388 0.8410368 -0.7408559 -0.2721856 0.614042 -0.7408559 -0.2721856 0.614042 -0.9891685 -0.05282723 0.1369487 -0.9700175 -0.08746757 0.22675 -0.4274541 -0.4064662 0.8075075 -0.4274503 -0.4064678 0.8075086 -0.803116 -0.2414531 0.5447065 -0.8031205 -0.2414492 0.5447016 -0.9987953 -0.01766032 0.04578255 -0.9891683 -0.05282731 0.1369493 -0.9987953 -0.01766035 0.04578276 -0.9987953 -0.01988547 0.04486107 -0.04904717 -0.4923067 0.8690388 -0.04905251 -0.4923056 0.8690392 -0.5139802 -0.3856795 0.7662086 -0.5139853 -0.385677 0.7662064 -0.857662 -0.208381 0.4700991 -0.8576605 -0.2083826 0.4701012 -0.1466962 -0.487563 0.8606756 -0.1466759 -0.4875681 0.8606762 -0.6714399 -0.3331867 0.6619328 -0.5955955 -0.3611639 0.7175142 -0.5955788 -0.3611732 0.7175233 -0.9039412 -0.1733047 0.3909677 -0.9039417 -0.173304 0.3909667 -0.2429024 -0.4781367 0.8440282 -0.3368114 -0.4640997 0.8192494 -0.2429205 -0.4781313 0.8440261 -0.6714503 -0.333185 0.6619231 -0.9415069 -0.1365642 0.3080828 -0.9415076 -0.1365631 0.3080813 -0.336807 -0.4640997 0.8192512 -0.7408568 -0.3019879 0.5999453 -0.740856 -0.3019886 0.599946 -0.8031207 -0.2678866 0.5321973 -0.9700165 -0.09848956 0.2221889 -0.9700175 -0.0984871 0.2221855 -0.4274417 -0.4456008 0.7865962 -0.4274504 -0.4455971 0.7865934 -0.803115 -0.2678883 0.532205 -0.9891689 -0.05948151 0.1341895 -0.9891684 -0.05948357 0.1341923 -0.9987953 -0.01988585 0.04486159 -0.04906583 -0.5343509 0.8438375 -0.04904741 -0.5343544 0.8438362 -0.5140004 -0.4228012 0.7463529 -0.5139846 -0.4228091 0.7463593 -0.8576627 -0.231195 0.4593077 -0.8576604 -0.2311976 0.4593106 -0.1466884 -0.5292111 0.8357141 -0.2429212 -0.5189753 0.819545 -0.1466749 -0.5292145 0.8357144 -0.5955787 -0.3959449 0.6989376 -0.5955788 -0.3959447 0.6989374 -0.9415069 -0.1515155 0.3010114 -0.9039396 -0.1922808 0.3819964 -0.9039418 -0.1922779 0.3819929 -0.2429139 -0.518975 0.8195473 -0.6714469 -0.3652647 0.6447797 -0.6714502 -0.3652624 0.6447775 -0.9415081 -0.1515146 0.3010079 -0.3368075 -0.5037404 0.7954913 -0.3368028 -0.5037422 0.7954922 -0.7408574 -0.3310596 0.5844055 -0.7408506 -0.3310651 0.584411 -0.9700164 -0.109274 0.2170884 -0.9891689 -0.06599502 0.1311086 -0.9700173 -0.1092717 0.2170856 -0.4274408 -0.4836605 0.7637846 -0.4274344 -0.4836634 0.7637864 -0.8031147 -0.2936803 0.5184194 -0.8031173 -0.2936777 0.5184169 -0.9987952 -0.02206309 0.04383191 -0.9891686 -0.06599566 0.1311111 -0.9987953 -0.02206297 0.04383142 -0.04905001 -0.5751157 0.8166003 -0.04906701 -0.5751125 0.8166016 -0.5140013 -0.4589137 0.7247074 -0.5139955 -0.4589167 0.7247097 -0.8576629 -0.2534535 0.44741 -0.8576619 -0.2534547 0.4474113 -0.1466974 -0.5695766 0.8087413 -0.146688 -0.5695789 0.8087413 -0.595578 -0.4297618 0.678669 -0.5955831 -0.4297588 0.6786665 -0.9039395 -0.2107933 0.3721017 -0.9039415 -0.2107902 0.3720983 -0.2429143 -0.558561 0.7930967 -0.2429149 -0.5585608 0.7930965 -0.3368025 -0.5421663 0.7698179 -0.6714472 -0.3964605 0.6260812 -0.7408502 -0.3593413 0.5674634 -0.6714454 -0.3964618 0.6260824 -0.9415081 -0.1661028 0.2932105 -0.9415093 -0.1661004 0.2932079 -0.3367851 -0.5421668 0.7698252 -0.7408561 -0.3593393 0.567457 -0.9700173 -0.1197918 0.2114623 -0.9700165 -0.1197942 0.2114649 -0.4274475 -0.5205504 0.7391319 -0.4274335 -0.5205567 0.7391354 -0.8031173 -0.3187633 0.5033811 -0.8031166 -0.318764 0.5033818 -0.9987953 -0.02418682 0.04269576 -0.9891686 -0.07234921 0.1277149 -0.9987953 -0.02418695 0.04269617 -0.9891683 -0.07235017 0.127716 -0.04905762 -0.6144903 0.7873977 -0.04905024 -0.6144916 0.787397 -0.5140011 -0.4939215 0.7013162 -0.5139959 -0.4939243 0.7013181 -0.8576619 -0.2751042 0.434435 -0.8576633 -0.2751024 0.4344333 -0.1466961 -0.6085763 0.7798173 -0.1466978 -0.6085759 0.7798173 -0.5955831 -0.4625438 0.6567601 -0.5955859 -0.4625421 0.6567588 -0.9039398 -0.2287978 0.3613094 -0.9039416 -0.2287949 0.3613066 -0.2428963 -0.5968071 0.764737 -0.2429158 -0.5968009 0.7647356 -0.6714377 -0.4267098 0.6058798 -0.6714453 -0.4267041 0.6058753 -0.9415086 -0.1802883 0.2847064 -0.9415094 -0.1802866 0.2847046 -0.3367841 -0.5792902 0.7422932 -0.3367967 -0.5792853 0.7422914 -0.4274474 -0.5561935 0.7126974 -0.7408561 -0.3867487 0.5491427 -0.7408565 -0.3867484 0.5491424 -0.9700164 -0.1300254 0.2053327 -0.9891683 -0.07852979 0.1240122 -0.9700167 -0.1300245 0.2053318 -0.4274589 -0.5561921 0.7126915 -0.8031168 -0.3430786 0.487135 -0.8576633 -0.2960869 0.4204119 -0.8031179 -0.3430774 0.487134 -0.9891686 -0.07852904 0.1240101 -0.9987953 -0.02625299 0.04145796 -0.9987953 -0.02625279 0.04145742 -0.0490666 -0.6523878 0.7562953 -0.04906666 -0.6887084 0.7233763 -0.0490579 -0.6523894 0.7562945 -0.5139855 -0.5277463 0.6762417 -0.5140016 -0.5277373 0.6762364 -0.8576653 -0.2960857 0.4204087 -0.1466964 -0.6461074 0.7490163 -0.2428959 -0.6336128 0.7345315 -0.1466826 -0.646111 0.749016 -0.595586 -0.4942089 0.6332732 -0.5955864 -0.4942085 0.633273 -0.9415086 -0.1940414 0.2755168 -0.9039398 -0.2462505 0.3496478 -0.9039403 -0.2462496 0.349647 -0.2428925 -0.6336127 0.7345326 -0.6714374 -0.4559242 0.5842131 -0.6714432 -0.4559197 0.58421 -0.9700168 -0.1399434 0.1987043 -0.9415079 -0.1940422 0.2755186 -0.3368193 -0.6150078 0.7129644 -0.3367966 -0.6150168 0.7129673 -0.7408565 -0.4132299 0.5295023 -0.7408625 -0.4132243 0.5294982 -0.9891686 -0.08451874 0.1200078 -0.9700162 -0.1399442 0.1987062 -0.4274397 -0.5905008 0.6845467 -0.427459 -0.5904915 0.6845426 -0.8031179 -0.3665673 0.4697128 -0.8576655 -0.3163568 0.405374 -0.803113 -0.3665726 0.4697169 -0.9987952 -0.02825548 0.04011995 -0.9987953 -0.02825541 0.04011979 -0.9987953 -0.03019016 0.03868493 -0.9891686 -0.08451907 0.1200086 -0.0490623 -0.6887079 0.723377 -0.5139852 -0.5602931 0.6495312 -0.5955866 -0.5246899 0.6082575 -0.5139941 -0.5602881 0.6495284 -0.857661 -0.3163601 0.4053812 -0.1466848 -0.6820797 0.7164152 -0.1466827 -0.6820802 0.7164152 -0.2428915 -0.6688892 0.7025602 -0.5955738 -0.5246936 0.6082667 -0.9039438 -0.2631033 0.3371384 -0.9039403 -0.2631094 0.3371433 -0.2429131 -0.6688888 0.7025532 -0.3368202 -0.6492513 0.6819273 -0.6714481 -0.4840344 0.5611312 -0.6714433 -0.4840381 0.5611336 -0.740863 -0.4387081 0.5085836 -0.9700162 -0.1495261 0.1915999 -0.9415079 -0.2073275 0.2656655 -0.9415079 -0.2073275 0.2656654 -0.3367901 -0.649254 0.6819396 -0.7408559 -0.4387115 0.5085908 -0.9700169 -0.1495249 0.1915974 -0.4274391 -0.6233755 0.6547511 -0.4274613 -0.6233646 0.6547469 -0.5139943 -0.5914838 0.6212543 -0.8031127 -0.3891794 0.4511645 -0.8031214 -0.3891694 0.4511575 -0.9891686 -0.090306 0.1157167 -0.9891682 -0.09030802 0.1157184 -0.9987953 -0.03018956 0.03868443 -0.9987953 -0.03205134 0.03715646 -0.04907395 -0.7233741 0.68871 -0.04906293 -0.723376 0.6887088 -0.5955734 -0.5539088 0.5817881 -0.5139937 -0.5914839 0.6212545 -0.8576609 -0.3358725 0.389368 -0.8576596 -0.3358742 0.3893693 -0.1466845 -0.716415 0.68208 -0.242913 -0.7025564 0.6688855 -0.1466895 -0.7164138 0.6820802 -0.5955803 -0.5539064 0.5817831 -0.9039441 -0.2793283 0.3238222 -0.9415079 -0.2201121 0.2551736 -0.9039382 -0.2793384 0.3238297 -0.2428972 -0.702557 0.6688907 -0.3367897 -0.6819361 0.6492579 -0.6714479 -0.5109853 0.5367044 -0.6714414 -0.5109907 0.5367075 -0.9415102 -0.220109 0.2551676 -0.3368086 -0.681934 0.6492503 -0.7408561 -0.4631409 0.486449 -0.7408627 -0.4631345 0.4864452 -0.9700163 -0.1587472 0.1840322 -0.9700168 -0.1587451 0.1840307 -0.4274618 -0.654745 0.6233662 -0.5139937 -0.6212561 0.5914823 -0.4274559 -0.654748 0.6233672 -0.8031218 -0.4108388 0.4315169 -0.8576595 -0.3545744 0.3724207 -0.8031176 -0.4108438 0.43152 -0.9891689 -0.09587355 0.1111447 -0.9891681 -0.09587755 0.1111477 -0.9987953 -0.03205231 0.03715718 -0.04905887 -0.7562991 0.652384 -0.04907485 -0.7562965 0.6523858 -0.5139788 -0.6212602 0.591491 -0.8576571 -0.3545765 0.3724243 -0.1466902 -0.7490177 0.6461071 -0.1466896 -0.7490178 0.6461071 -0.5955866 -0.5817802 0.5539029 -0.5955802 -0.5817848 0.553905 -0.903945 -0.2948808 0.3097238 -0.9039382 -0.2948933 0.3097319 -0.2428965 -0.7345347 0.6336088 -0.2429148 -0.7345287 0.6336087 -0.6714479 -0.5367047 0.5109851 -0.6714413 -0.5367102 0.5109878 -0.7408628 -0.4864463 0.4631329 -0.9415065 -0.2323733 0.244066 -0.9415103 -0.232364 0.2440599 -0.3367836 -0.7129767 0.6150129 -0.336809 -0.7129663 0.6150112 -0.7408468 -0.4864558 0.4631488 -0.8031176 -0.4315193 0.4108444 -0.9700173 -0.1675829 0.176018 -0.9700161 -0.1675868 0.1760207 -0.4274419 -0.6845482 0.5904974 -0.4274561 -0.684541 0.5904955 -0.8576569 -0.3724239 0.3545775 -0.8031245 -0.4315143 0.4108363 -0.9891681 -0.1012158 0.1063095 -0.9987953 -0.0338363 0.03553948 -0.9987953 -0.03553941 0.03383635 -0.9891689 -0.1012114 0.1063065 -0.9987952 -0.03383663 0.03554002 -0.04905802 -0.7873967 0.6144915 -0.04905794 -0.8166018 0.5751129 -0.04905926 -0.7873965 0.6144916 -0.5140008 -0.649523 0.5602884 -0.5139785 -0.6495366 0.5602931 -0.8576575 -0.3724233 0.3545765 -0.1466902 -0.7798173 0.6085778 -0.1466861 -0.7798183 0.6085775 -0.5955818 -0.6082622 0.5246898 -0.5955867 -0.6082587 0.5246883 -0.9039451 -0.3097228 0.2948812 -0.9039444 -0.3097241 0.2948819 -0.9415064 -0.2440675 0.232372 -0.2429149 -0.7647337 0.5968038 -0.2429245 -0.7647305 0.5968039 -0.671448 -0.5611311 0.4840345 -0.6714514 -0.5611283 0.4840332 -0.9700173 -0.1760181 0.1675825 -0.941508 -0.244065 0.2323682 -0.3367832 -0.7422944 0.5792893 -0.3367933 -0.7422903 0.5792888 -0.7408444 -0.5085998 0.4387207 -0.8031248 -0.4511531 0.3891676 -0.7408465 -0.5085976 0.4387197 -0.9891681 -0.1063099 0.1012157 -0.9700166 -0.17602 0.1675853 -0.4274414 -0.7126996 0.5561953 -0.427435 -0.7127029 0.556196 -0.8031198 -0.451157 0.3891734 -0.9891685 -0.1063085 0.1012135 -0.9987953 -0.03554 0.0338367 -0.04903451 -0.8166 0.5751175 -0.5140013 -0.6762345 0.5277402 -0.5139928 -0.6762397 0.5277417 -0.8576574 -0.3893733 0.3358752 -0.8576625 -0.3893655 0.3358712 -0.1467013 -0.8087379 0.5695803 -0.1466864 -0.8087415 0.5695791 -0.5955817 -0.6332746 0.4942124 -0.5955859 -0.6332713 0.4942113 -0.9039419 -0.3238246 0.2793325 -0.9039447 -0.3238193 0.2793298 -0.2429015 -0.7930993 0.5585627 -0.2429247 -0.7930919 0.5585633 -0.3367931 -0.7698181 0.5421719 -0.6714516 -0.5842008 0.4559191 -0.6714398 -0.5842113 0.4559231 -0.9415094 -0.2551688 0.2201112 -0.941508 -0.2551724 0.2201131 -0.3367906 -0.7698186 0.542173 -0.4274347 -0.739132 0.5205607 -0.7408441 -0.5295161 0.4132345 -0.7408642 -0.5294948 0.4132257 -0.9700165 -0.1840316 0.1587466 -0.9700165 -0.1840312 0.1587464 -0.4274713 -0.7391226 0.5205441 -0.8031199 -0.46971 0.3665663 -0.8031098 -0.469723 0.3665719 -0.9891686 -0.1111459 0.09587516 -0.9987953 -0.03715726 0.03205191 -0.9891685 -0.1111467 0.09587555 -0.9987952 -0.03715745 0.03205216 -0.1467015 -0.8357139 0.5292078 -0.04906383 -0.8438339 0.5343568 -0.04903388 -0.8438383 0.5343525 -0.5139744 -0.701331 0.4939285 -0.5139929 -0.7013193 0.4939257 -0.8576685 -0.4053697 0.3163545 -0.8576626 -0.4053789 0.3163586 -0.9039419 -0.3371414 0.2631059 -0.1466931 -0.835714 0.52921 -0.5955859 -0.6567577 0.4625437 -0.5955796 -0.6567624 0.4625451 -0.9039398 -0.3371441 0.2631093 -0.2428959 -0.8195522 0.5189756 -0.2429012 -0.8195506 0.5189759 -0.6714394 -0.6058799 0.4267069 -0.6714528 -0.6058679 0.4267029 -0.9415094 -0.2656617 0.2073253 -0.9700164 -0.191599 0.1495259 -0.9415079 -0.2656657 0.2073272 -0.3368101 -0.7954905 0.5037399 -0.3367907 -0.7954985 0.5037401 -0.7408647 -0.5491337 0.386745 -0.8031095 -0.4871422 0.3430856 -0.7408561 -0.5491429 0.3867483 -0.9700174 -0.1915965 0.1495229 -0.4274715 -0.7637702 0.4836561 -0.4274427 -0.7637851 0.483658 -0.8031206 -0.4871322 0.3430738 -0.9891683 -0.1157183 0.09030716 -0.9891686 -0.1157162 0.09030617 -0.9987953 -0.03868509 0.03019026 -0.9987953 -0.03868502 0.03019017 -0.9987953 -0.04011973 0.0282557 -0.049064 -0.8690392 0.4923045 -0.04904414 -0.869042 0.4923015 -0.04904393 -0.8921494 0.4490702 -0.5139737 -0.7247213 0.4589229 -0.5139935 -0.7247086 0.4589205 -0.9039398 -0.349648 0.2462497 -0.8576633 -0.420413 0.2960853 -0.8576688 -0.4204044 0.296082 -0.1466936 -0.8606737 0.4875672 -0.1466869 -0.8606753 0.4875665 -0.5955797 -0.6786705 0.429757 -0.6714527 -0.6260792 0.3964544 -0.5955954 -0.6786586 0.4297542 -0.9039382 -0.3496504 0.2462523 -0.2428956 -0.8440318 0.4781339 -0.3368101 -0.8192518 0.4640964 -0.2429193 -0.8440242 0.4781353 -0.6714399 -0.6260871 0.3964636 -0.9415079 -0.275519 0.1940417 -0.9700174 -0.1987025 0.1399416 -0.9415095 -0.2755148 0.19404 -0.3367879 -0.8192564 0.4641044 -0.4274426 -0.786595 0.4456019 -0.7408561 -0.5674568 0.3593397 -0.8031206 -0.503377 0.3187614 -0.7408475 -0.5674662 0.3593425 -0.9700167 -0.1987042 0.1399435 -0.4274436 -0.7865947 0.4456016 -0.8031242 -0.5033736 0.3187577 -0.9891682 -0.1200102 0.08452085 -0.9891682 -0.1200099 0.08452071 -0.9987953 -0.04012016 0.02825588 -0.04905046 -0.8921498 0.4490688 -0.5139917 -0.746356 0.4228065 -0.5139934 -0.7463548 0.4228064 -0.8576598 -0.4344386 0.2751052 -0.8576634 -0.4344327 0.2751032 -0.9039384 -0.3613119 0.2287996 -0.1466866 -0.8835617 0.4447492 -0.1466719 -0.8835649 0.4447476 -0.5956006 -0.6989235 0.3959367 -0.5955957 -0.6989273 0.3959374 -0.6714396 -0.644786 0.3652668 -0.9039407 -0.3613082 0.228796 -0.2429266 -0.8664668 0.4361444 -0.2429198 -0.866469 0.4361439 -0.671441 -0.6447852 0.3652658 -0.9415095 -0.284704 0.1802871 -0.9415092 -0.284705 0.1802875 -0.336779 -0.8410454 0.4233468 -0.3367876 -0.8410419 0.4233471 -0.8031245 -0.5184074 0.2936744 -0.7408454 -0.5844163 0.3310674 -0.7408473 -0.5844142 0.3310669 -0.9700167 -0.2053313 0.1300253 -0.9891682 -0.1240128 0.07853068 -0.9700163 -0.2053332 0.130026 -0.4274432 -0.807512 0.4064685 -0.4274468 -0.8075101 0.4064685 -0.8031254 -0.5184066 0.2936737 -0.9987953 -0.04145839 0.02625306 -0.9891688 -0.1240101 0.07852804 -0.9987953 -0.04145788 0.02625255 -0.9987953 -0.04269587 0.02418709 -0.04904872 -0.9131095 0.4047535 -0.04905032 -0.9131093 0.4047537 -0.5139917 -0.7662035 0.3856743 -0.5139962 -0.7662007 0.3856741 -0.8576596 -0.4474147 0.2534563 -0.9039406 -0.3720999 0.2107912 -0.8576616 -0.4474114 0.2534553 -0.146672 -0.9043226 0.400859 -0.1466713 -0.9043227 0.4008589 -0.5955982 -0.7175115 0.3611648 -0.5956011 -0.7175092 0.3611645 -0.9039374 -0.3721051 0.210796 -0.2429265 -0.8868229 0.3931054 -0.3367786 -0.8608038 0.3815717 -0.2429115 -0.8868276 0.393104 -0.6714352 -0.6619354 0.333191 -0.6714408 -0.6619302 0.3331901 -0.9415092 -0.2932079 0.1661011 -0.9700163 -0.2114658 0.1197945 -0.9415091 -0.2932082 0.1661012 -0.3367965 -0.8607995 0.3815657 -0.7408451 -0.5999593 0.3019892 -0.7408657 -0.5999361 0.3019846 -0.9891688 -0.1277137 0.07234899 -0.9700168 -0.2114642 0.1197931 -0.4274471 -0.8264836 0.366352 -0.5139963 -0.7842033 0.3476105 -0.4274575 -0.8264781 0.3663521 -0.8031258 -0.5321915 0.2678827 -0.8031145 -0.5322068 0.267886 -0.9987953 -0.04269543 0.02418696 -0.9891683 -0.1277161 0.07235114 -0.04907092 -0.9318677 0.3594644 -0.04907125 -0.9483851 0.3133012 -0.04904824 -0.9318703 0.3594606 -0.5139943 -0.7842042 0.3476115 -0.8576615 -0.459309 0.2311967 -0.8576616 -0.459309 0.2311967 -0.1466709 -0.9229043 0.3559992 -0.1466837 -0.9229015 0.356001 -0.671435 -0.6774863 0.300312 -0.5955985 -0.7343673 0.3255259 -0.5955788 -0.7343827 0.3255273 -0.9039425 -0.3819908 0.1922781 -0.9039373 -0.3820021 0.1922808 -0.2429116 -0.9050485 0.3491148 -0.2428974 -0.905053 0.3491133 -0.3367966 -0.8784853 0.3388682 -0.6714419 -0.6774814 0.3003078 -0.9415069 -0.3010119 0.1515144 -0.9415091 -0.3010058 0.1515128 -0.3367952 -0.8784856 0.3388686 -0.7408643 -0.6140329 0.2721829 -0.7408661 -0.614031 0.2721826 -0.9700168 -0.2170871 0.1092733 -0.9700154 -0.2170926 0.1092747 -0.4274575 -0.8434579 0.3253593 -0.4274481 -0.8434629 0.3253589 -0.8031145 -0.5447084 0.2414535 -0.8031157 -0.5447069 0.2414533 -0.9891683 -0.1311127 0.06599663 -0.9987953 -0.04383088 0.02206263 -0.9891686 -0.1311108 0.06599616 -0.9987953 -0.04383076 0.02206253 -0.04905483 -0.9483849 0.3133046 -0.1466836 -0.9392574 0.3102892 -0.5140032 -0.8003098 0.3087151 -0.5139942 -0.8003156 0.308715 -0.8576616 -0.4700998 0.2083814 -0.8576621 -0.470099 0.2083813 -0.9039425 -0.3909653 0.1733034 -0.1466785 -0.9392578 0.3102905 -0.6714419 -0.6914018 0.2667007 -0.5955787 -0.7494712 0.2891003 -0.5955859 -0.7494656 0.2891001 -0.9039389 -0.3909716 0.1733081 -0.2428972 -0.9210932 0.3042834 -0.2429257 -0.9210845 0.3042868 -0.6714394 -0.6914037 0.2667021 -0.941508 -0.3080795 0.1365641 -0.9415069 -0.3080826 0.1365647 -0.9700153 -0.2221926 0.098492 -0.3367951 -0.8940551 0.2953548 -0.3367799 -0.8940613 0.2953534 -0.7408646 -0.6266479 0.2417273 -0.8031155 -0.5558981 0.2144358 -0.7408522 -0.626662 0.2417287 -0.9700167 -0.2221881 0.0984887 -0.427448 -0.8584132 0.2835757 -0.4274676 -0.8584029 0.2835769 -0.8031154 -0.5558983 0.2144359 -0.9891685 -0.1341913 0.05948288 -0.9987953 -0.04486051 0.01988528 -0.9891684 -0.1341925 0.05948311 -0.9987953 -0.04486065 0.01988538 -0.04903618 -0.9626167 0.2663915 -0.04903583 -0.9745284 0.2188374 -0.04905482 -0.9626148 0.2663949 -0.5140035 -0.8144944 0.2690711 -0.5139878 -0.8145045 0.2690705 -0.8576621 -0.4797572 0.1850639 -0.857664 -0.4797539 0.1850635 -0.1466783 -0.9533523 0.2638272 -0.1466991 -0.9533483 0.2638305 -0.5955859 -0.7627466 0.2519821 -0.595563 -0.7627645 0.2519819 -0.90394 -0.3990028 0.1539133 -0.9039387 -0.3990054 0.1539136 -0.9415079 -0.3144098 0.1212814 -0.2428961 -0.9349135 0.2587245 -0.2429259 -0.9349046 0.2587285 -0.6714393 -0.7036573 0.2324555 -0.6714591 -0.7036386 0.2324551 -0.9415085 -0.3144087 0.1212807 -0.3367988 -0.9074676 0.2511355 -0.3367798 -0.9074753 0.2511334 -0.7408449 -0.6377758 0.2106913 -0.7408522 -0.6377674 0.2106909 -0.9700167 -0.2267531 0.08746786 -0.9700171 -0.2267514 0.08746761 -0.9891684 -0.1369495 0.05282694 -0.4274677 -0.8712828 0.2411176 -0.4274679 -0.8712826 0.2411176 -0.8031261 -0.5657372 0.1868952 -0.8031152 -0.5657523 0.1868962 -0.9987953 -0.04578245 0.01765993 -0.9891688 -0.1369471 0.05282541 -0.9987953 -0.04578384 0.01766085 -0.9987953 -0.04659536 0.01539286 -0.04905234 -0.9840917 0.1707552 -0.04905257 -0.9745284 0.218834 -0.5139839 -0.8267266 0.2287872 -0.5139876 -0.8267243 0.2287874 -0.8576642 -0.4882569 0.1612985 -0.8576576 -0.4882683 0.1612994 -0.1466776 -0.9651501 0.216728 -0.1466995 -0.9651459 0.2167316 -0.5955628 -0.7742099 0.2142521 -0.5955724 -0.7742023 0.2142525 -0.9039395 -0.4060755 0.1341494 -0.9039399 -0.4060746 0.1341493 -0.2429234 -0.9464752 0.212539 -0.2428958 -0.9464833 0.2125349 -0.6714594 -0.7141978 0.1976455 -0.6714561 -0.714201 0.1976454 -0.9415085 -0.3199808 0.1057075 -0.9415088 -0.3199799 0.1057074 -0.3367988 -0.9186991 0.2062975 -0.3367914 -0.9187019 0.2062965 -0.7408448 -0.6473461 0.1791427 -0.7408524 -0.6473374 0.1791427 -0.9700171 -0.23077 0.07623661 -0.9700167 -0.2307718 0.07623678 -0.4274679 -0.8820647 0.1980731 -0.5139837 -0.8369574 0.187944 -0.4274591 -0.8820693 0.1980722 -0.80312 -0.574235 0.1589103 -0.8031263 -0.5742261 0.1589102 -0.9891688 -0.1393739 0.04604292 -0.9987953 -0.04659463 0.01539279 -0.9891691 -0.1393726 0.04604279 -0.1466776 -0.9746206 0.1691165 -0.04902914 -0.9840921 0.17076 -0.5955724 -0.7837831 0.1760048 -0.5139775 -0.8369609 0.1879464 -0.8576575 -0.4955943 0.1371491 -0.857659 -0.4955917 0.1371491 -0.14669 -0.9746192 0.1691137 -0.5955773 -0.7837798 0.1760028 -0.9039394 -0.4121696 0.1140606 -0.9039431 -0.4121618 0.1140603 -0.2429235 -0.9557633 0.1658454 -0.2429066 -0.9557681 0.1658427 -0.3367915 -0.9277162 0.1609786 -0.6714605 -0.7230348 0.1623621 -0.6714563 -0.7230389 0.1623618 -0.9415088 -0.3247817 0.08987775 -0.9700167 -0.2342349 0.06482048 -0.9415086 -0.3247825 0.08987778 -0.3368008 -0.9277133 0.1609761 -0.740853 -0.6553475 0.1471614 -0.7408524 -0.6553482 0.1471613 -0.9700151 -0.2342404 0.0648234 -0.4274593 -0.8907244 0.1545597 -0.4274509 -0.8907285 0.1545585 -0.5139772 -0.8451742 0.1466558 -0.803117 -0.5813446 0.1305435 -0.80312 -0.5813404 0.1305437 -0.9891689 -0.1414645 0.03914871 -0.9987952 -0.04729376 0.01308807 -0.9891691 -0.1414638 0.03914868 -0.9987954 -0.04729266 0.01308749 -0.9987953 -0.04787783 0.01075136 -0.04908279 -0.9912826 0.1222694 -0.04902894 -0.9912865 0.122259 -0.1466901 -0.9817439 0.1210821 -0.5140051 -0.8451588 0.1466464 -0.8576559 -0.5017295 0.1126665 -0.857659 -0.5017243 0.1126666 -0.1466645 -0.9817472 0.1210877 -0.5955625 -0.7914828 0.1373329 -0.5955772 -0.7914714 0.1373347 -0.9039431 -0.4172617 0.09370006 -0.9039425 -0.4172628 0.09370004 -0.2429233 -0.9627502 0.1187446 -0.2429066 -0.9627548 0.1187417 -0.6714607 -0.7301301 0.1266906 -0.6714618 -0.7301292 0.1266907 -0.9415064 -0.3288066 0.07383664 -0.9415085 -0.3288006 0.07383665 -0.3368008 -0.9344952 0.1152568 -0.3367987 -0.9344959 0.1152564 -0.7408537 -0.6617779 0.1148303 -0.740853 -0.6617786 0.1148302 -0.9700152 -0.2371396 0.05324961 -0.9700188 -0.2371247 0.05324959 -0.4274473 -0.8972417 0.1106621 -0.5140054 -0.8513361 0.105001 -0.4274507 -0.89724 0.1106626 -0.803117 -0.5870491 0.1018652 -0.8031117 -0.5870564 0.1018646 -0.9891683 -0.1432188 0.03215972 -0.9987953 -0.04787848 0.01075137 -0.9891689 -0.1432151 0.03215971 -0.04906201 -0.9960896 0.07347362 -0.04906193 -0.9984949 0.02451447 -0.04908046 -0.998494 0.02451073 -0.04908314 -0.9960883 0.07347776 -0.5955623 -0.7972677 0.09833521 -0.5139927 -0.8513433 0.1050049 -0.9039425 -0.4213581 0.07311137 -0.8576646 -0.5066388 0.08791234 -0.8576559 -0.5066536 0.08791132 -0.1466576 -0.9888893 0.02427918 -0.1466784 -0.9888864 0.02427489 -0.1466785 -0.9865039 0.07277075 -0.1466644 -0.9865061 0.07276805 -0.6714618 -0.7354667 0.0907072 -0.5955854 -0.7972515 0.09832729 -0.9039414 -0.4213604 0.07311234 -0.2429195 -0.9697543 0.0238058 -0.2429021 -0.9674225 0.07136039 -0.2429233 -0.9674168 0.07136437 -0.2429022 -0.9697585 0.02380948 -0.6714448 -0.7354815 0.09071376 -0.9415064 -0.3320336 0.05761345 -0.9415054 -0.3320365 0.05761331 -0.3368078 -0.9412898 0.02311028 -0.3368228 -0.9390166 0.06926934 -0.336823 -0.9412844 0.02310692 -0.3367986 -0.9390256 0.06926481 -0.7408536 -0.6666148 0.08222262 -0.7408445 -0.666625 0.08222106 -0.8031117 -0.5913472 0.07293886 -0.9700179 -0.2394554 0.04154957 -0.9700187 -0.2394518 0.04154975 -0.427425 -0.9037785 0.02218932 -0.4274251 -0.9016013 0.0665043 -0.4274489 -0.9037673 0.02218373 -0.4274475 -0.9015904 0.0665085 -0.8031232 -0.5913323 0.07293294 -0.8576646 -0.5103425 0.06294394 -0.9891688 -0.1446215 0.02509476 -0.9891684 -0.1446241 0.02509464 -0.9987953 -0.04834834 0.008389225 -0.9987953 -0.04834945 0.008389677 -0.5139994 -0.8554661 0.06310599 -0.5140017 -0.857531 0.02104832 -0.5139927 -0.8554702 0.0631047 -0.5139996 -0.8575321 0.02104885 -0.8576588 -0.510352 0.06294751 -0.595577 -0.8011215 0.05909562 -0.5955653 -0.8030649 0.01971436 -0.6714621 -0.7408158 0.01818622 -0.5955769 -0.8030565 0.01971123 -0.5955853 -0.8011152 0.05909728 -0.9039433 -0.424436 0.05235052 -0.9039414 -0.4244401 0.05235007 -0.6714448 -0.7390467 0.05451489 -0.6714581 -0.7408195 0.01818519 -0.6714579 -0.7390345 0.05451766 -0.9700179 -0.2412059 0.02974918 -0.9415053 -0.3344637 0.04125116 -0.9415075 -0.3344579 0.04125175 -0.7408445 -0.6698567 0.04941026 -0.7408474 -0.6714711 0.01648286 -0.7408475 -0.6698534 0.04941093 -0.7408482 -0.6714702 0.01648262 -0.9891688 -0.1456787 0.01796724 -0.970018 -0.2412052 0.02974896 -0.8031234 -0.5941983 0.04383243 -0.803115 -0.5956446 0.01462132 -0.803115 -0.5942097 0.04383035 -0.8031166 -0.5956425 0.01462072 -0.8576664 -0.5140518 0.01261799 -0.9987952 -0.04870287 0.006007123 -0.989168 -0.1456836 0.01796895 -0.9987953 -0.04870172 0.006006719 -0.9987953 -0.04893778 0.003609958 -0.8576621 -0.5128204 0.0378294 -0.857662 -0.5140591 0.01261639 -0.8576587 -0.512826 0.03782845 -0.9039436 -0.4275229 0.01049255 -0.9039364 -0.427538 0.01049649 -0.9039437 -0.4264928 0.03146011 -0.9039434 -0.4264934 0.03146002 -0.9415075 -0.3360793 0.02478915 -0.9415098 -0.3368841 0.008270843 -0.9415098 -0.3360725 0.02479018 -0.941509 -0.3368863 0.008271402 -0.9700181 -0.2423742 0.01787975 -0.9700155 -0.2423845 0.01787824 -0.9700155 -0.2429698 0.005965517 -0.9700177 -0.2429611 0.005963377 -0.9891684 -0.1467407 0.003601688 -0.989168 -0.1463899 0.01079767 -0.9987952 -0.04893925 0.003609744 -0.989169 -0.1463835 0.01079859 -0.989169 -0.146737 0.003602409 -0.9987952 -0.04905744 0.001204365 -0.04905139 0.02451254 0.9984954 -0.04896416 0.9984997 0.02451087 -0.04902314 0.9984971 0.024499 -0.1467336 0.9888781 0.0242789 -0.1467545 0.9888751 0.02427461 -0.242956 0.9697452 0.02380558 -0.2429388 0.9697493 0.02380925 -0.3368423 0.9412778 0.02309524 -0.3367885 0.9412967 0.02310722 -0.4273536 0.9038123 0.02218483 -0.4273931 0.9037938 0.02217554 -0.04904446 0.9960888 0.07349685 -0.04902333 0.9960895 0.07350115 -0.5140588 0.8574967 0.02104748 -0.5140568 0.8574979 0.021048 -0.1467543 0.9864923 0.07277474 -0.1466645 0.9865043 0.07279386 -0.5955656 0.8030652 0.01970159 -0.5955268 0.8030937 0.01971215 -0.2429386 0.9674136 0.07135656 -0.2428868 0.9674257 0.07136817 -0.6714408 0.7408352 0.01817964 -0.6714578 0.7408198 0.01817453 -0.3367643 0.939038 0.06926357 -0.3367886 0.9390298 0.06925774 -0.7408305 0.6714894 0.01649393 -0.7408825 0.6714326 0.01647654 -0.4275107 0.9015614 0.06649428 -0.4273933 0.9016149 0.06652453 -0.8031304 0.5956239 0.01461542 -0.8030875 0.5956814 0.01463184 -0.04902896 0.9912879 0.1222468 -0.04904433 0.9912876 0.1222436 -0.5140567 0.855433 0.0630884 -0.5139358 0.8555031 0.06312222 -0.8576458 0.514086 0.01262548 -0.8576723 0.514042 0.01261357 -0.1466645 0.9817472 0.1210877 -0.1467655 0.9817347 0.1210655 -0.5955268 0.801158 0.05910683 -0.5956103 0.801098 0.05908118 -0.9039437 0.4275226 0.01049957 -0.9039434 0.427523 0.01049966 -0.242887 0.9627579 0.1187572 -0.242943 0.9627454 0.118744 -0.6714236 0.7390652 0.05452582 -0.6714581 0.7390347 0.05451401 -0.9415179 0.3368616 0.008265159 -0.9415055 0.3368962 0.008273934 -0.3367667 0.9345055 0.1152723 -0.3367644 0.9345063 0.1152729 -0.740897 0.669799 0.04940692 -0.7408824 0.6698147 0.04941257 -0.9700108 0.2429886 0.005966106 -0.9700156 0.24297 0.005961455 -0.4275104 0.897212 0.1106592 -0.4274509 0.8972384 0.1106758 -0.8031234 0.5941981 0.0438343 -0.8030873 0.5942457 0.04385046 -0.9891692 0.1467351 0.003601107 -0.9987954 0.04905354 0.00120385 -0.9891682 0.1467427 0.003602976 -0.9987954 0.04905558 0.001203453 -0.04912872 0.9840893 0.170747 -0.04902917 0.9840908 0.1707675 -0.5139202 0.8513868 0.1050073 -0.513936 0.8513778 0.1050024 -0.8576723 0.5128037 0.03782258 -0.857628 0.5128759 0.03784603 -0.1467526 0.9746084 0.1691221 -0.146765 0.9746069 0.1691193 -0.595612 0.7972319 0.09832444 -0.5956103 0.797233 0.09832501 -0.9039437 0.4264931 0.03145645 -0.9039434 0.4264938 0.03145667 -0.2428154 0.9557893 0.1658539 -0.2429428 0.9557624 0.1658225 -0.6714237 0.7355012 0.09071027 -0.6714194 0.7355047 0.0907119 -0.9415206 0.3360426 0.02478518 -0.9415054 0.3360845 0.02479798 -0.3367669 0.9277278 0.1609639 -0.3367913 0.9277201 0.1609572 -0.8031234 0.5913334 0.07292272 -0.7408969 0.6665694 0.08220077 -0.740871 0.6665968 0.0822122 -0.9700112 0.2424012 0.01788557 -0.9700155 0.2423844 0.0178805 -0.427451 0.8907306 0.1545466 -0.4274592 0.890727 0.1545441 -0.8031253 0.5913308 0.07292306 -0.9987953 0.04893734 0.003610022 -0.989168 0.1463898 0.01079905 -0.9987954 0.04893585 0.003610239 -0.9891681 0.1463891 0.01079887 -0.04903586 0.9745268 0.2188448 -0.04912825 0.9745265 0.2188258 -0.5139204 0.8452066 0.1466683 -0.5140052 0.84516 0.1466398 -0.857628 0.5104017 0.06296209 -0.8576747 0.5103268 0.06293363 -0.1467737 0.9651378 0.2167176 -0.1467519 0.96514 0.2167226 -0.2428163 0.946503 0.2125376 -0.5956267 0.7914338 0.1373371 -0.5956116 0.791444 0.1373428 -0.9039415 0.424439 0.05235791 -0.9039432 0.4244353 0.05235657 -0.2429316 0.9464697 0.2125546 -0.6714398 0.7301467 0.1267056 -0.6714195 0.730164 0.1267143 -0.9415099 0.3344506 0.04125642 -0.9415206 0.3344216 0.04124597 -0.9700112 0.2412323 0.02975244 -0.3367914 0.9187016 0.2062981 -0.3366981 0.9187297 0.2063249 -0.7408709 0.6617599 0.1148215 -0.7408012 0.661832 0.1148558 -0.9700156 0.2412143 0.02975419 -0.4275299 0.8820366 0.1980648 -0.427459 0.8820658 0.1980876 -0.8031253 0.5870381 0.1018633 -0.8576747 0.5066221 0.08790945 -0.8031441 0.5870141 0.1018524 -0.9891688 0.1456784 0.01796967 -0.989168 0.1456833 0.01797142 -0.9987954 0.04869974 0.006007576 -0.9987953 0.04870284 0.00600728 -0.9987953 0.04834957 0.008388851 -0.04905472 0.9626179 0.2663841 -0.04903612 0.9626178 0.2663879 -0.513956 0.8369708 0.1879605 -0.5140053 0.8369446 0.1879427 -0.8576457 0.5066718 0.08790604 -0.1467725 0.9533369 0.2638307 -0.146825 0.9533322 0.2638184 -0.5956265 0.7837483 0.1759766 -0.5955479 0.7838008 0.1760088 -0.9039413 0.4213598 0.07311579 -0.9039634 0.4213157 0.07309701 -0.2429314 0.9349072 0.2587141 -0.2428555 0.9349213 0.2587343 -0.6714398 0.7230546 0.1623594 -0.6714768 0.7230242 0.1623421 -0.9415065 0.3320332 0.05761553 -0.9415098 0.3320244 0.05761186 -0.4275289 0.8712549 0.2411098 -0.3366992 0.9075031 0.2511411 -0.3367465 0.9074894 0.2511268 -0.7408014 0.6553984 0.1471943 -0.8031436 0.5813054 0.1305539 -0.7408866 0.6553125 0.1471482 -0.9700157 0.2394652 0.0415459 -0.9700097 0.2394875 0.04155514 -0.4275291 0.8712547 0.2411098 -0.803066 0.5814134 0.1305504 -0.9891688 0.1446217 0.02509297 -0.98917 0.1446137 0.0250897 -0.9987952 0.04835027 0.00838914 -0.04903452 0.9483776 0.3133297 -0.04905467 0.9483779 0.3133256 -0.1468228 0.9392309 0.3103036 -0.5139562 0.8267407 0.2287988 -0.5139877 0.8267245 0.2287866 -0.5955482 0.7742181 0.2142633 -0.8576458 0.5017431 0.1126835 -0.857699 0.5016612 0.1126428 -0.1466113 0.9392742 0.3102728 -0.5955629 0.7742065 0.2142639 -0.9039223 0.4173022 0.09371943 -0.9039634 0.4172219 0.0936805 -0.2430014 0.9210733 0.3042604 -0.3367472 0.8940681 0.2953703 -0.2428564 0.9210983 0.3043002 -0.671439 0.7142129 0.1976605 -0.6714767 0.7141828 0.1976414 -0.9415084 0.3288029 0.07382742 -0.9415065 0.328808 0.07382987 -0.3367954 0.8940485 0.2953747 -0.7408448 0.6473454 0.1791449 -0.7408864 0.6473047 0.1791204 -0.9700098 0.237159 0.05326014 -0.9700196 0.2371228 0.05324306 -0.427528 0.858375 0.2835702 -0.4274482 0.8584053 0.283599 -0.8030996 0.5742639 0.1589088 -0.8030668 0.5743035 0.1589316 -0.9987952 0.0478803 0.01075177 -0.9891681 0.1432198 0.03216368 -0.9987953 0.04787964 0.01075177 -0.98917 0.1432079 0.03215808 -0.04912071 0.9318732 0.3594432 -0.04903475 0.931871 0.3594609 -0.5139877 0.8145034 0.2690741 -0.5139765 0.814509 0.2690788 -0.8576987 0.4955312 0.137119 -0.8576673 0.4955782 0.1371453 -0.9039225 0.4122062 0.114062 -0.1467064 0.9228983 0.3559997 -0.1466128 0.9229045 0.3560224 -0.5955631 0.7627646 0.2519817 -0.5955621 0.7627652 0.2519822 -0.9415084 0.3247811 0.089883 -0.9039531 0.4121397 0.1140594 -0.2429999 0.9050356 0.349087 -0.2428093 0.905066 0.3491409 -0.6714388 0.7036542 0.2324664 -0.6714798 0.7036226 0.2324439 -0.9415131 0.3247679 0.08988238 -0.3367953 0.8784905 0.3388558 -0.3368286 0.878482 0.3388449 -0.740845 0.6377766 0.2106885 -0.7408024 0.6378171 0.2107157 -0.9700196 0.2342229 0.06482061 -0.9700168 0.2342332 0.06482611 -0.427448 0.8434621 0.3253608 -0.4275167 0.8434374 0.3253349 -0.8030999 0.5657691 0.1869115 -0.8031284 0.5657358 0.18689 -0.9891681 0.1414703 0.03914797 -0.9987952 0.04729456 0.01308745 -0.9987956 0.0472864 0.01308703 -0.9987957 0.04658781 0.01539037 -0.9891658 0.1414845 0.03915549 -0.04915674 0.9131075 0.4047448 -0.1467059 0.9043182 0.4008568 -0.04911964 0.9131061 0.4047523 -0.5139767 0.8003299 0.308707 -0.5139142 0.8003595 0.3087343 -0.8576673 0.4882509 0.1613007 -0.8576643 0.4882552 0.1613034 -0.1466719 0.9043255 0.4008526 -0.6714793 0.6913683 0.2666936 -0.5955624 0.7494803 0.2891102 -0.5956253 0.7494425 0.2890785 -0.903953 0.4060493 0.1341374 -0.90394 0.4060736 0.1341523 -0.2428262 0.8868499 0.3931064 -0.2428112 0.8868521 0.3931107 -0.6714218 0.6914226 0.2666975 -0.9415129 0.3199688 0.1057036 -0.9415168 0.3199593 0.1056978 -0.9700167 0.2307718 0.07623678 -0.3368414 0.860786 0.3815565 -0.336828 0.8607892 0.3815611 -0.7408808 0.6266361 0.2417079 -0.8031282 0.5558791 0.214438 -0.740803 0.6267077 0.2417612 -0.9700171 0.23077 0.07623661 -0.4274762 0.8264701 0.3663485 -0.4275157 0.8264565 0.3663328 -0.8030897 0.5559322 0.2144441 -0.9891657 0.1393941 0.04604991 -0.9987956 0.04658844 0.01539075 -0.9891658 0.139393 0.04604924 -0.04900928 0.8921447 0.4490833 -0.04901033 0.8690401 0.4923082 -0.04915442 0.8921514 0.4490541 -0.5139157 0.7842422 0.3476419 -0.5139963 0.7842057 0.3476049 -0.8576641 0.4797528 0.1850664 -0.90394 0.3990016 0.1539163 -0.8576813 0.4797286 0.1850495 -0.1466719 0.8835605 0.4447564 -0.1467884 0.8835557 0.4447275 -0.5955527 0.7343957 0.3255457 -0.5956247 0.7343543 0.3255073 -0.9039321 0.3990184 0.1539187 -0.2428871 0.8664726 0.4361549 -0.2428283 0.8664803 0.4361724 -0.6714223 0.6774932 0.3003249 -0.6714934 0.6774423 0.3002807 -0.9415167 0.3143871 0.1212724 -0.9415162 0.3143883 0.1212732 -0.3368405 0.841019 0.4233503 -0.3368184 0.841024 0.4233581 -0.7408806 0.6140224 0.2721626 -0.8030905 0.5447432 0.2414549 -0.740802 0.6140918 0.2722197 -0.9700171 0.2267535 0.08746184 -0.9700103 0.2267769 0.08747744 -0.4274752 0.8074957 0.4064674 -0.4274434 0.8075059 0.4064805 -0.8576809 0.4700703 0.2083686 -0.8031271 0.5446929 0.2414466 -0.9891657 0.1369656 0.0528363 -0.9987956 0.04577693 0.01765906 -0.98917 0.136941 0.05281995 -0.9987954 0.04578065 0.01765962 -0.0490978 0.8690277 0.4923213 -0.5139962 0.7661984 0.3856786 -0.5139918 0.7662003 0.3856806 -0.8576709 0.4700871 0.2083715 -0.1467861 0.8606684 0.4875487 -0.1466275 0.860673 0.4875883 -0.5955117 0.7175663 0.3611988 -0.5955535 0.7175434 0.3611753 -0.9039324 0.3909829 0.1733167 -0.903949 0.3909541 0.1732949 -0.2428876 0.84404 0.4781235 -0.2428637 0.8440428 0.4781307 -0.6714926 0.6618978 0.33315 -0.6714407 0.6619334 0.333184 -0.9415161 0.3080601 0.136552 -0.9700104 0.2222114 0.09849828 -0.9415069 0.3080812 0.1365677 -0.4274436 0.7865976 0.4455963 -0.3368179 0.8192502 0.4640936 -0.33687 0.8192395 0.4640747 -0.7408031 0.5999963 0.3020187 -0.7408763 0.5999343 0.3019623 -0.9700112 0.2222085 0.09849773 -0.4273872 0.7866271 0.4455985 -0.8031268 0.5321884 0.267886 -0.8031259 0.5321894 0.2678868 -0.9891686 0.1341915 0.05948267 -0.9987953 0.044861 0.01988426 -0.9987953 0.04383027 0.02206355 -0.98917 0.1341838 0.05947703 -0.9987954 0.04485936 0.01988393 -0.04900107 0.8438399 0.5343529 -0.0490027 0.8166003 0.5751196 -0.04909658 0.8438462 0.5343342 -0.5139919 0.7463644 0.4227914 -0.5139932 0.7463638 0.4227908 -0.8576617 0.4593072 0.2312001 -0.8576708 0.4592953 0.2311898 -0.2428651 0.8195588 0.5189797 -0.1467336 0.8357203 0.5291888 -0.1466289 0.8357221 0.529215 -0.5955133 0.6989804 0.3959675 -0.671441 0.6447849 0.3652662 -0.5955737 0.698949 0.3959321 -0.9039309 0.3820128 0.1922891 -0.903949 0.3819828 0.192264 -0.2428703 0.8195571 0.51898 -0.6714769 0.6447517 0.3652588 -0.9415069 0.3010113 0.1515156 -0.9415169 0.3009891 0.1514973 -0.3368684 0.7954751 0.5037252 -0.336849 0.7954787 0.5037324 -0.8031254 0.5184084 0.2936702 -0.740876 0.584389 0.3310472 -0.7408321 0.5844245 0.3310828 -0.9700112 0.2171051 0.1092865 -0.9700168 0.2170877 0.1092722 -0.4273889 0.7638031 0.483677 -0.4274178 0.7637951 0.4836643 -0.8031245 0.5184097 0.2936706 -0.9891685 0.131111 0.06599577 -0.9891669 0.1311205 0.06600349 -0.9987956 0.04382632 0.02206033 -0.04899674 0.7873991 0.6144933 -0.04899453 0.8166016 0.5751185 -0.5139936 0.7247111 0.4589165 -0.5139737 0.7247187 0.4589268 -0.8576775 0.4473901 0.2534391 -0.8576616 0.44741 0.2534578 -0.1467324 0.8087395 0.56957 -0.1466864 0.8087398 0.5695816 -0.595574 0.6786655 0.429773 -0.5956221 0.6786419 0.4297436 -0.9039311 0.3721121 0.2108106 -0.9415167 0.2931861 0.1660971 -0.9039469 0.372087 0.2107874 -0.2428716 0.7931063 0.5585659 -0.2428948 0.7931042 0.5585586 -0.6714759 0.6260595 0.3964462 -0.6714349 0.6260849 0.3964757 -0.7408327 0.56748 0.3593512 -0.9414937 0.293249 0.1661159 -0.3368469 0.7698021 0.5421613 -0.3368776 0.7697969 0.5421496 -0.7408413 0.5674706 0.3593485 -0.9700168 0.2114633 0.1197947 -0.9700242 0.2114407 0.1197742 -0.4274194 0.7391426 0.5205582 -0.4273825 0.7391521 0.520575 -0.803109 0.5033903 0.3187698 -0.8031242 0.5033758 0.3187543 -0.9987954 0.0426948 0.02418564 -0.9891668 0.1277246 0.07235599 -0.9987954 0.04145651 0.02625168 -0.9987956 0.04269111 0.02418451 -0.9891666 0.1277259 0.07235717 -0.04905931 0.787389 0.6145013 -0.5139741 0.7013253 0.4939367 -0.5140162 0.7013104 0.493914 -0.857672 0.4344232 0.2750912 -0.8576772 0.4344171 0.2750849 -0.1466303 0.7798174 0.6085922 -0.1466861 0.7798178 0.6085781 -0.2428957 0.7647362 0.5968083 -0.5956208 0.6567426 0.4625204 -0.5955656 0.656768 0.4625554 -0.9414943 0.2847438 0.1803037 -0.9039382 0.3613151 0.2287947 -0.9039468 0.3613022 0.2287815 -0.3368747 0.7422638 0.5792754 -0.2429148 0.76473 0.5968085 -0.6714393 0.6058834 0.426702 -0.6714353 0.6058857 0.426705 -0.970024 0.2053061 0.1300109 -0.9415095 0.2847027 0.1802891 -0.3368103 0.7422903 0.5792788 -0.7408789 0.5491249 0.3867303 -0.7408417 0.5491518 0.3867632 -0.9700148 0.2053417 0.1300237 -0.4274914 0.7126852 0.5561751 -0.4273847 0.7127104 0.556225 -0.8031095 0.4871399 0.3430888 -0.8031091 0.4871402 0.3430892 -0.9987952 0.04145819 0.02625336 -0.9891667 0.1240217 0.0785366 -0.9891695 0.1240071 0.07852209 -0.0490747 0.7563024 0.652379 -0.04907402 0.7233781 0.688706 -0.04905893 0.7563009 0.652382 -0.5140151 0.6762213 0.5277434 -0.5140014 0.6762258 0.5277511 -0.595566 0.6332768 0.4942283 -0.8576717 0.4203984 0.2960819 -0.8576688 0.4204016 0.2960857 -0.1466326 0.7490243 0.6461126 -0.1466608 0.7490248 0.6461056 -0.5955421 0.6332945 0.4942344 -0.9039382 0.349647 0.2462571 -0.9039457 0.3496363 0.2462449 -0.2429148 0.7345274 0.6336101 -0.2429243 0.7345269 0.6336071 -0.3368097 0.712966 0.6150111 -0.6714395 0.5842036 0.4559331 -0.7408779 0.5294777 0.4132231 -0.6714684 0.5841879 0.4559107 -0.9415095 0.2755114 0.1940448 -0.9415115 0.2755074 0.1940404 -0.3367566 0.7129878 0.615015 -0.7408165 0.5295428 0.4132499 -0.9700149 0.1987103 0.1399478 -0.9700099 0.198724 0.1399629 -0.42749 0.684536 0.5904769 -0.4275039 0.6845329 0.5904702 -0.8576685 0.4053657 0.3163598 -0.8031096 0.4697163 0.3665809 -0.8031524 0.46968 0.3665335 -0.9891696 0.1200032 0.08451474 -0.9987953 0.04012035 0.02825559 -0.9987954 0.04011697 0.02825418 -0.989169 0.1200062 0.08451801 -0.04914722 0.7233653 0.6887141 -0.5140009 0.6495298 0.5602805 -0.514 0.64953 0.5602809 -0.9039454 0.3371337 0.2631034 -0.8576546 0.4053875 0.3163695 -0.146657 0.7164097 0.6820917 -0.146662 0.7164098 0.6820903 -0.2429236 0.7025469 0.6688916 -0.5955437 0.6082765 0.5247164 -0.5956057 0.608252 0.5246745 -0.9039363 0.3371518 0.2631118 -0.2429132 0.7025503 0.6688918 -0.6714321 0.5611356 0.4840514 -0.6714677 0.5611178 0.4840229 -0.9700101 0.1916207 0.1495388 -0.9415094 0.2656637 0.2073228 -0.9415115 0.2656601 0.2073184 -0.3367586 0.6819359 0.6492742 -0.3367897 0.6819324 0.6492618 -0.7408598 0.5085868 0.4387095 -0.7408177 0.5086136 0.4387497 -0.9700201 0.1915839 0.1495213 -0.427416 0.654751 0.6233913 -0.4275018 0.6547348 0.6233494 -0.8030936 0.4511777 0.3892033 -0.8031512 0.4511321 0.3891373 -0.9891689 0.1157145 0.09030482 -0.9891666 0.1157246 0.09031703 -0.9987955 0.03868264 0.03018834 -0.9987954 0.03868274 0.03018839 -0.04906659 0.6887046 0.7233799 -0.04906649 0.652384 0.7562986 -0.04914249 0.688713 0.7233669 -0.5139998 0.6212578 0.5914752 -0.5139936 0.6212595 0.5914788 -0.8576548 0.3893746 0.3358805 -0.8576807 0.3893488 0.3358443 -0.1467088 0.682085 0.7164054 -0.1466586 0.6820827 0.7164178 -0.595605 0.5817811 0.5538822 -0.5955802 0.5817901 0.5538995 -0.9039366 0.3238357 0.2793369 -0.9039232 0.3238528 0.2793605 -0.2429131 0.6688926 0.7025496 -0.2428661 0.6688936 0.7025648 -0.7408596 0.4864544 0.4631298 -0.6714412 0.5367179 0.51098 -0.6714326 0.5367219 0.5109871 -0.9415094 0.2551706 0.2201088 -0.9415112 0.2551675 0.2201045 -0.33679 0.6492614 0.6819326 -0.3367965 0.6492608 0.68193 -0.7408757 0.4864382 0.4631212 -0.97002 0.1840218 0.1587361 -0.9700199 0.184022 0.1587364 -0.4274828 0.6233646 0.6547327 -0.4274173 0.6233754 0.6547652 -0.8576798 0.372392 0.3545555 -0.8030944 0.4315388 0.4108693 -0.8031275 0.4315144 0.4108302 -0.9891667 0.1111539 0.09588557 -0.9987954 0.03715442 0.03205081 -0.9987952 0.0371599 0.03205376 -0.9891691 0.1111439 0.09587216 -0.04903257 0.6523902 0.7562954 -0.5139548 0.5914934 0.6212777 -0.5139938 0.5914839 0.6212545 -0.9039239 0.3097608 0.2949063 -0.8576419 0.3724485 0.3545879 -0.1467073 0.6461063 0.749015 -0.1467213 0.6461072 0.7490116 -0.5955908 0.5538999 0.5817788 -0.5955803 0.5539033 0.5817862 -0.90394 0.3097308 0.2948887 -0.2428721 0.6336166 0.734536 -0.2428686 0.6336166 0.7345371 -0.6714413 0.5109806 0.5367173 -0.6714774 0.5109653 0.5366867 -0.9415096 0.244061 0.2323658 -0.9700199 0.1760109 0.1675756 -0.9415113 0.2440585 0.232362 -0.3368416 0.6150026 0.7129583 -0.3367968 0.6150058 0.7129768 -0.7408441 0.4631405 0.4864677 -0.7408747 0.4631241 0.4864368 -0.9700207 0.1760081 0.1675739 -0.4274175 0.590497 0.6845637 -0.4274811 0.5904881 0.6845316 -0.8031272 0.4108363 0.4315094 -0.8031123 0.4108463 0.4315275 -0.9891691 0.1063068 0.1012094 -0.9987952 0.03554063 0.03383708 -0.9891676 0.1063129 0.1012185 -0.9987952 0.03554241 0.03383815 -0.04905019 0.614498 0.7873921 -0.04903373 0.6144959 0.7873948 -0.59559 0.5246788 0.6082637 -0.5140225 0.5602803 0.6495127 -0.5139565 0.5602943 0.6495529 -0.8576428 0.3545865 0.3724475 -0.8576737 0.3545603 0.3724016 -0.1467194 0.6085702 0.7798177 -0.1467681 0.6085735 0.779806 -0.2428739 0.5968069 0.7647443 -0.5955539 0.5247033 0.6082779 -0.90394 0.2948852 0.3097341 -0.9039333 0.2948926 0.3097467 -0.2428257 0.5968221 0.7647477 -0.6714433 0.4840371 0.5611345 -0.6714761 0.4840246 0.5611061 -0.9415134 0.2323557 0.244056 -0.9415095 0.2323615 0.2440657 -0.3368393 0.5792853 0.7422721 -0.3368264 0.5792859 0.7422774 -0.4274198 0.5562083 0.7127023 -0.7408447 0.438725 0.5085957 -0.7408514 0.4387217 0.5085887 -0.8031126 0.389182 0.4511625 -0.970013 0.1675917 0.1760333 -0.9700205 0.1675759 0.1760071 -0.4274474 0.5561955 0.7126958 -0.8031127 0.3891818 0.4511624 -0.9891677 0.1012183 0.1063108 -0.9987952 0.03383752 0.03554012 -0.9987953 0.03383582 0.03553897 -0.9891676 0.1012189 0.1063119 -0.04911173 0.575114 0.8165978 -0.04905 0.5751056 0.8166074 -0.5140207 0.5277336 0.6762248 -0.5140191 0.5277338 0.6762258 -0.857673 0.3358613 0.3893508 -0.8576744 0.3358603 0.389349 -0.1466662 0.569572 0.8087501 -0.1467631 0.5695798 0.8087271 -0.5955557 0.4942227 0.6332909 -0.5955704 0.494219 0.63328 -0.9039337 0.2793462 0.3238359 -0.9039348 0.2793451 0.3238338 -0.3368249 0.5421582 0.769814 -0.2428932 0.558571 0.793096 -0.2428307 0.5585695 0.7931163 -0.671443 0.4559181 0.5842113 -0.6714506 0.4559156 0.5842047 -0.9415136 0.2201044 0.255159 -0.9415131 0.2201051 0.2551603 -0.3368224 0.5421591 0.7698143 -0.7408674 0.4132184 0.529496 -0.7408518 0.4132252 0.5295126 -0.9700132 0.1587526 0.1840435 -0.9700184 0.1587426 0.1840249 -0.4274701 0.5205442 0.7391231 -0.4274475 0.5205463 0.7391348 -0.5140174 0.4939095 0.7013127 -0.8031129 0.3665667 0.4697218 -0.8031095 0.3665686 0.4697261 -0.9891664 0.09588271 0.1111578 -0.9891677 0.09587857 0.1111501 -0.9987955 0.03204826 0.03715416 -0.9987953 0.0320513 0.03715643 -0.04902674 0.5343413 0.8438458 -0.04910732 0.5343528 0.8438338 -0.513996 0.4939211 0.7013203 -0.8576593 0.3163592 0.4053855 -0.8576736 0.3163491 0.4053629 -0.146675 0.5292122 0.8357158 -0.146668 0.5292115 0.8357174 -0.5955544 0.4625526 0.6567801 -0.5955715 0.4625489 0.6567672 -0.9039358 0.2631154 0.3371504 -0.9039351 0.263116 0.3371518 -0.242882 0.5189771 0.8195554 -0.2428942 0.5189776 0.8195515 -0.6714499 0.4266989 0.6058739 -0.6714698 0.4266929 0.6058559 -0.941516 0.2073135 0.2656475 -0.9415134 0.2073168 0.2656547 -0.3368074 0.5037413 0.7954908 -0.3368211 0.5037411 0.7954851 -0.80311 0.3430881 0.4871396 -0.7408666 0.3867471 0.5491296 -0.740836 0.3867589 0.5491627 -0.9700183 0.1495224 0.1915921 -0.9700148 0.1495286 0.1916051 -0.9891667 0.09031503 0.1157261 -0.4274684 0.4836567 0.7637715 -0.4274748 0.4836563 0.7637682 -0.8031168 0.3430808 0.4871334 -0.9987955 0.03018679 0.03868215 -0.9891691 0.090302 0.1157153 -0.9987952 0.03019202 0.03868646 -0.9987952 0.02825687 0.04012144 -0.04907162 0.4923161 0.8690321 -0.04907002 0.4490704 0.892148 -0.04902803 0.4923096 0.8690383 -0.5139956 0.4589185 0.7247084 -0.5140011 0.4589179 0.7247049 -0.8576595 0.2960894 0.4204181 -0.8576692 0.2960832 0.4204024 -0.146676 0.4875678 0.8606764 -0.1466963 0.4875699 0.8606718 -0.5955563 0.4297733 0.6786807 -0.5955511 0.4297743 0.6786847 -0.9039363 0.2462515 0.3496563 -0.9039398 0.2462486 0.349649 -0.2428844 0.4781293 0.8440377 -0.3368068 0.4640911 0.8192562 -0.2429384 0.4781323 0.8440204 -0.6714683 0.396453 0.6260634 -0.67147 0.3964525 0.6260619 -0.9415156 0.1940325 0.2754993 -0.941506 0.1940428 0.2755244 -0.3367774 0.4641017 0.8192621 -0.4274731 0.4455905 0.786585 -0.7408596 0.3593382 0.5674532 -0.7408373 0.3593456 0.5674777 -0.9700149 0.1399481 0.1987098 -0.9700167 0.1399453 0.198703 -0.4274348 0.4456068 0.7865965 -0.8030952 0.3187751 0.503409 -0.8031166 0.318766 0.5033805 -0.9891691 0.08451953 0.1200043 -0.9987953 0.02825565 0.04011852 -0.9891677 0.08452308 0.1200127 -0.04906346 0.4490717 0.8921477 -0.5955538 0.395954 0.6989536 -0.5140005 0.4228044 0.7463511 -0.5140129 0.4228033 0.7463432 -0.8576689 0.2751018 0.4344226 -0.8576619 0.2751056 0.4344341 -0.1466952 0.4447448 0.8835624 -0.1467188 0.4447476 0.8835571 -0.595579 0.3959393 0.6989405 -0.9039416 0.2287989 0.3613041 -0.9039398 0.2288001 0.3613077 -0.242906 0.4361429 0.8664733 -0.2429363 0.4361451 0.8664638 -0.671468 0.3652544 0.6447635 -0.6714503 0.3652581 0.6447799 -0.941507 0.1802932 0.2847084 -0.9415062 0.1802939 0.2847105 -0.3367711 0.423351 0.8410465 -0.3367797 0.4233513 0.8410429 -0.74084 0.3310709 0.5844212 -0.7408593 0.3310655 0.5843997 -0.8030969 0.2936974 0.5184372 -0.9700167 0.1300238 0.2053323 -0.9700201 0.1300191 0.2053193 -0.427436 0.4064672 0.8075165 -0.514011 0.3856674 0.766194 -0.4274682 0.4064668 0.8074996 -0.8031147 0.2936802 0.5184194 -0.9891677 0.07853172 0.1240156 -0.9987953 0.02625236 0.04145716 -0.9891675 0.07853246 0.1240177 -0.9987954 0.02625121 0.041456 -0.9987954 0.02418589 0.04269412 -0.04906312 0.4047527 0.913109 -0.04906933 0.4047538 0.9131082 -0.04906775 0.3594539 0.9318719 -0.5955787 0.3611707 0.7175248 -0.5140059 0.3856698 0.7661962 -0.9039415 0.2107872 0.3721001 -0.8576618 0.2534508 0.4474136 -0.857673 0.2534455 0.4473951 -0.1467154 0.4008636 0.9043136 -0.1466721 0.4008582 0.9043229 -0.5955842 0.3611676 0.7175217 -0.9039324 0.2108006 0.3721147 -0.9415072 0.1661034 0.2932132 -0.242907 0.3931106 0.8868259 -0.2429115 0.393111 0.8868245 -0.6714207 0.3331945 0.6619483 -0.6714504 0.3331897 0.6619206 -0.9415125 0.1660931 0.2932019 -0.3367733 0.3815617 0.8608103 -0.3368453 0.3815653 0.8607805 -0.7408411 0.3019917 0.5999629 -0.7408716 0.3019849 0.5999286 -0.9700198 0.1197869 0.2114535 -0.9891675 0.07235292 0.1277209 -0.9700174 0.1197899 0.2114633 -0.4274665 0.3663484 0.8264751 -0.4274415 0.3663481 0.8264882 -0.803115 0.2678902 0.532204 -0.8031021 0.267894 0.5322216 -0.9891686 0.07234811 0.1277155 -0.9987953 0.02418658 0.04269637 -0.0490354 0.3594606 0.931871 -0.5140043 0.3476155 0.7841958 -0.5139732 0.3476163 0.7842159 -0.8576719 0.2311906 0.4592926 -0.8576696 0.2311915 0.4592965 -0.9039333 0.1922883 0.3820077 -0.1466729 0.3559985 0.9229042 -0.1466872 0.3560005 0.9229011 -0.5955845 0.3255328 0.7343756 -0.5955794 0.3255332 0.7343796 -0.903945 0.192272 0.3819882 -0.2428914 0.3491133 0.9050545 -0.2429116 0.3491154 0.9050483 -0.6714532 0.3003078 0.6774701 -0.6714231 0.3003113 0.6774986 -0.941512 0.1515096 0.300998 -0.9415069 0.1515132 0.3010125 -0.3367983 0.3388686 0.8784845 -0.3368401 0.3388715 0.8784673 -0.8031037 0.2414583 0.5447223 -0.740863 0.2721804 0.6140357 -0.7408701 0.2721793 0.6140277 -0.9700173 0.1092732 0.2170848 -0.9700154 0.1092751 0.2170924 -0.4274432 0.3253596 0.8434651 -0.4274841 0.3253611 0.8434439 -0.8031217 0.2414428 0.5447027 -0.9891686 0.06599665 0.1311105 -0.9987953 0.02206321 0.0438313 -0.9891686 0.06599666 0.1311106 -0.9987954 0.02206186 0.04382965 -0.9987954 0.01988509 0.04485937 -0.04903764 0.3132996 0.9483874 -0.04907451 0.313306 0.9483833 -0.5139746 0.3087147 0.8003283 -0.513995 0.3087148 0.8003151 -0.8576621 0.2083753 0.4701015 -0.8576688 0.2083733 0.4700902 -0.1466866 0.3102924 0.9392559 -0.1466427 0.310286 0.9392648 -0.5955801 0.2891033 0.749469 -0.5955552 0.289104 0.7494884 -0.9039446 0.1733056 0.3909593 -0.9039298 0.1733117 0.3909912 -0.2428945 0.3042856 0.9210931 -0.2429243 0.3042891 0.921084 -0.3367979 0.2953534 0.8940546 -0.6714475 0.2667019 0.6913959 -0.6714526 0.2667015 0.6913911 -0.9415069 0.1365638 0.308083 -0.9415128 0.1365605 0.3080661 -0.3367991 0.295353 0.8940542 -0.7408617 0.2417265 0.6266515 -0.740868 0.2417258 0.6266444 -0.9700156 0.09849101 0.2221923 -0.9891686 0.05948289 0.1341913 -0.9700156 0.09849094 0.222192 -0.4274805 0.2835815 0.8583949 -0.5139945 0.2690794 0.8144974 -0.4274439 0.2835792 0.8584141 -0.8031213 0.2144342 0.5558905 -0.8031124 0.2144356 0.5559028 -0.9891691 0.05948077 0.1341885 -0.9987953 0.0198856 0.04486186 -0.04906773 0.2663949 0.9626142 -0.04907164 0.2663956 0.9626138 -0.1466495 0.2638333 0.9533551 -0.5140013 0.2690766 0.814494 -0.8576623 0.1850679 0.4797556 -0.8576561 0.1850692 0.4797659 -0.1466694 0.2638287 0.9533533 -0.595577 0.2519835 0.7627532 -0.5955582 0.2519833 0.7627679 -0.9039309 0.1539171 0.3990221 -0.9039448 0.153913 0.3989919 -0.9415123 0.121275 0.3143992 -0.2429247 0.2587236 0.9349062 -0.3367987 0.2511301 0.9074692 -0.2429217 0.2587232 0.9349071 -0.6714558 0.2324512 0.703643 -0.6714478 0.2324514 0.7036507 -0.9415074 0.1212829 0.3144109 -0.9700158 0.08747035 0.226756 -0.3368184 0.2511242 0.9074635 -0.740866 0.2106882 0.6377524 -0.8031133 0.1869025 0.5657532 -0.7408464 0.2106892 0.6377747 -0.970018 0.08746548 0.2267487 -0.4274481 0.2411147 0.8712931 -0.5140002 0.2287789 0.8267189 -0.4274452 0.2411145 0.8712948 -0.8031245 0.186894 0.5657399 -0.9987952 0.01766078 0.04578332 -0.9891682 0.05282712 0.1369509 -0.9987953 0.01766067 0.04578315 -0.9987953 0.01539266 0.04659464 -0.989169 0.05282627 0.1369454 -0.04903236 0.2188315 0.97453 -0.04906537 0.2188375 0.9745269 -0.5955777 0.2142501 0.7741991 -0.5139784 0.2287873 0.8267301 -0.8576584 0.1613004 0.4882666 -0.857657 0.1613006 0.488269 -0.1466837 0.2167315 0.9651483 -0.1466715 0.2167295 0.9651507 -0.5955871 0.2142458 0.7741929 -0.6714548 0.1976444 0.7142024 -0.9039437 0.1341452 0.4060676 -0.9039444 0.1341451 0.4060661 -0.2429226 0.2125369 0.9464759 -0.2429185 0.2125362 0.9464772 -0.6714358 0.1976541 0.7142176 -0.9415089 0.1057062 0.3199798 -0.9415074 0.1057066 0.3199842 -0.3368149 0.2063009 0.9186924 -0.3368008 0.2062991 0.9186979 -0.7408473 0.1791433 0.6473429 -0.8031233 0.1589105 0.5742304 -0.740859 0.1791434 0.6473296 -0.9700179 0.07623456 0.2307676 -0.9700172 0.07623481 0.2307701 -0.427449 0.1980798 0.8820723 -0.4274392 0.1980787 0.8820774 -0.857659 0.137152 0.4955908 -0.8031105 0.1589193 0.5742457 -0.9891682 0.04604455 0.1393775 -0.9891677 0.04604495 0.1393814 -0.9987953 0.01539254 0.04659345 -0.1466845 0.1691118 0.9746204 -0.04903996 0.170756 0.9840922 -0.04903659 0.1707553 0.9840925 -0.5139806 0.1879468 0.8369588 -0.5139897 0.1879477 0.8369529 -0.8576708 0.1371421 0.4955732 -0.1466779 0.1691133 0.9746211 -0.5955866 0.1760011 0.7837731 -0.5955958 0.1760019 0.783766 -0.9039433 0.1140589 0.4121616 -0.903944 0.1140589 0.4121602 -0.2429175 0.1658401 0.9557657 -0.2429245 0.1658412 0.9557638 -0.6714376 0.1623675 0.7230548 -0.6714339 0.1623673 0.7230585 -0.9415058 0.08988018 0.3247896 -0.9415088 0.0898798 0.3247812 -0.9700173 0.06482135 0.2342324 -0.3367988 0.1609719 0.9277148 -0.336803 0.1609725 0.927713 -0.803111 0.1305462 0.5813522 -0.7408586 0.1471608 0.6553413 -0.7408621 0.147161 0.6553373 -0.9700171 0.06482157 0.2342328 -0.9891678 0.03915093 0.1414719 -0.427442 0.1545555 0.8907334 -0.51399 0.1466492 0.8451676 -0.4274401 0.1545552 0.8907343 -0.8031196 0.1305407 0.5813416 -0.9891688 0.03914789 0.1414662 -0.9987953 0.01308733 0.04729284 -0.9987952 0.01308832 0.0472947 -0.9987953 0.01075162 0.0478797 -0.04905569 0.1222667 0.9912843 -0.04904225 0.1222642 0.9912852 -0.1466814 0.1210874 0.9817446 -0.595593 0.1373305 0.7914603 -0.5139886 0.1466496 0.8451684 -0.8576593 0.1126626 0.5017247 -0.8576697 0.112663 0.501707 -0.1466926 0.1210849 0.9817432 -0.5955783 0.137336 0.7914704 -0.6714364 0.126696 0.7301517 -0.903941 0.09370095 0.417266 -0.9039434 0.093701 0.4172605 -0.3368025 0.1152592 0.9344942 -0.2429109 0.1187428 0.9627535 -0.2429195 0.1187443 0.9627512 -0.6714497 0.1266903 0.7301403 -0.9415061 0.0738353 0.3288078 -0.94151 0.07383534 0.3287966 -0.3367923 0.1152618 0.9344975 -0.7408611 0.1148287 0.6617699 -0.8031189 0.1018629 0.5870467 -0.7408554 0.1148281 0.6617763 -0.970017 0.05324916 0.2371317 -0.9700169 0.05324916 0.2371324 -0.5139894 0.1050031 0.8513455 -0.4274551 0.1106661 0.8972375 -0.427443 0.1106641 0.8972435 -0.8576597 0.0879133 0.5066469 -0.8031153 0.101865 0.5870513 -0.9891687 0.0321606 0.1432166 -0.9891683 0.03216061 0.1432192 -0.9987953 0.01075161 0.04787875 -0.9987953 0.008389261 0.04834859 -0.04904667 0.07347447 0.9960903 -0.1466861 0.0242764 0.9888851 -0.04905033 0.02451233 0.9984955 -0.0490552 0.07347615 0.9960898 -0.595579 0.09833135 0.7972557 -0.5139914 0.1050025 0.8513443 -0.857666 0.08790892 0.5066369 -0.1466889 0.07276949 0.9865024 -0.1466862 0.07276896 0.9865029 -0.146681 0.02427538 0.9888859 -0.5955726 0.09833355 0.7972602 -0.9039413 0.07311233 0.4213605 -0.9039411 0.0731123 0.421361 -0.2429121 0.07136164 0.9674199 -0.2429104 0.0238074 0.9697566 -0.2429181 0.02380574 0.9697546 -0.2429132 0.07136185 0.9674196 -0.6714485 0.09071106 0.7354783 -0.6714569 0.09071244 0.7354705 -0.9415095 0.05761353 0.3320249 -0.970017 0.04155134 0.239459 -0.941506 0.05761301 0.3320349 -0.3367948 0.06926525 0.9390269 -0.3367992 0.02310868 0.9412929 -0.3367995 0.02310862 0.9412928 -0.3368041 0.06926698 0.9390235 -0.7408561 0.08221855 0.6666126 -0.7408525 0.08221794 0.6666167 -0.9700177 0.04155017 0.2394562 -0.4274568 0.02218561 0.9037635 -0.427449 0.02218742 0.9037672 -0.4274521 0.06650428 0.9015885 -0.4274495 0.06650379 0.9015898 -0.8031153 0.0729353 0.5913428 -0.8576649 0.06294478 0.5103419 -0.8031143 0.0729351 0.5913441 -0.9891683 0.02509511 0.1446247 -0.9891683 0.02509511 0.1446245 -0.9987953 0.008389291 0.04834794 -0.5139918 0.02105083 0.8575368 -0.5139905 0.06310254 0.8554717 -0.5139874 0.02105196 0.8575394 -0.5955842 0.01971431 0.8030509 -0.5139919 0.06310281 0.8554708 -0.8576627 0.06294611 0.5103455 -0.5955832 0.01971409 0.8030517 -0.5955833 0.05909347 0.8011171 -0.5955751 0.05909185 0.8011233 -0.9039421 0.05235034 0.4244386 -0.9039412 0.05235012 0.4244405 -0.6714422 0.0181867 0.7408338 -0.6714425 0.05451317 0.7390489 -0.671446 0.01818553 0.7408302 -0.6714542 0.05451562 0.7390381 -0.9700174 0.02974992 0.2412077 -0.9415064 0.0412515 0.3344607 -0.9415073 0.04125176 0.334458 -0.7408565 0.01648268 0.671461 -0.7408572 0.04941138 0.6698427 -0.7408525 0.01648402 0.6714653 -0.7408527 0.04941038 0.6698475 -0.9891683 0.01796792 0.1456813 -0.9700175 0.02974984 0.2412075 -0.8031166 0.04383091 0.5942076 -0.8031152 0.04383056 0.5942095 -0.8031178 0.01462258 0.5956408 -0.8031165 0.01462307 0.5956424 -0.9987953 0.006006786 0.04870152 -0.9891682 0.01796829 0.1456824 -0.9987953 0.006006734 0.04870137 -0.8576621 0.03782672 0.5128205 -0.857663 0.03782697 0.512819 -0.8576638 0.01261953 0.514056 -0.90394 0.01049543 0.4275305 -0.8576624 0.01262018 0.5140584 -0.9039419 0.03146048 0.4264965 -0.9039395 0.03145966 0.4265017 -0.9039399 0.01049539 0.4275307 -0.9415079 0.02479031 0.3360781 -0.9415085 0.02479062 0.336076 -0.9415087 0.008270191 0.3368873 -0.941508 0.008270706 0.3368894 -0.9700173 0.01787922 0.2423775 -0.9700166 0.01787882 0.2423802 -0.9700167 0.005964848 0.2429653 -0.9700171 0.005964389 0.2429634 -0.9891686 0.003602232 0.1467393 -0.9891683 0.01079815 0.1463879 -0.9987953 0.00360983 0.04893758 -0.9891685 0.01079835 0.1463866 -0.9987953 0.001204214 0.0490564 -0.9891686 0.003602106 0.14674 -0.9987953 0.003609772 0.04893739 -0.9987953 0.001204319 0.04905586 -0.04906613 0 0.9987955 -0.04906613 0 0.9987955 -0.1467293 0 0.9891766 -0.1467293 0 0.9891766 -0.2429792 0 0.9700315 -0.2429792 0 0.9700315 -0.3368891 0 0.9415443 -0.3368891 0 0.9415443 -0.427562 0 0.903986 -0.427562 0 0.903986 -0.5141013 0 0.8577295 -0.5141013 0 0.8577295 -0.5956999 0 0.803207 -0.6715571 0 0.7409528 -0.5956999 0 0.803207 -0.7409532 0 0.6715566 -0.6715571 0 0.7409528 -0.7409532 0 0.6715566 -0.8032025 0 0.5957062 -0.857732 0 0.514097 -0.8032025 0 0.5957062 -0.857732 0 0.514097 -0.9039898 0 0.4275541 -0.9039898 0 0.4275541 -0.9415401 0 0.3369009 -0.9415401 0 0.3369009 -0.9700344 0 0.2429678 -0.9700344 0 0.2429678 -0.9891751 0 0.1467402 -0.998796 0 0.04905643 -0.9891751 0 0.1467402 -0.998796 0 0.04905643 0 0 -1 0 0 -1 0 0.9996892 -0.02492711 0 0.9996892 -0.02492711 0 0.9972042 -0.07472555 0 0.9972042 -0.07472555 0 0.9922375 -0.1243566 0 0.9922375 -0.1243566 0 0.9848066 -0.1736548 0 0.9749308 -0.2225083 0 0.9848066 -0.1736548 0 0.9749308 -0.2225083 0 0.9626266 -0.2708323 0 0.9479274 -0.3184866 0 0.9626266 -0.2708323 0 0.9479274 -0.3184866 0 0.9308751 -0.3653379 0 0.9308751 -0.3653379 0 0.9115022 -0.4112952 0 0.9115022 -0.4112952 0 0.8898653 -0.4562233 0 0.8898653 -0.4562233 0 0.8660308 -0.4999907 0 0.8660308 -0.4999907 0 0.8400229 -0.5425511 0 0.8400229 -0.5425511 0 0.8119457 -0.5837329 0 0.8119457 -0.5837329 0 0.7818213 -0.6235026 0 0.7818213 -0.6235026 0 0.7497844 -0.6616822 0 0.7497844 -0.6616822 0 0.7158675 -0.6982363 0 0.7158675 -0.6982363 0 0.6801786 -0.7330465 0 0.6801786 -0.7330465 0 0.6427793 -0.7660514 0 0.6427793 -0.7660514 0 0.6038157 -0.7971239 0 0.6038157 -0.7971239 0 0.5633072 -0.8262476 0 0.5633072 -0.8262476 0 0.5214409 -0.8532874 0 0.5214409 -0.8532874 0 0.4782483 -0.8782247 0 0.4782483 -0.8782247 0 0.433887 -0.9009673 0 0.433887 -0.9009673 0 0.388437 -0.9214752 0 0.388437 -0.9214752 0 0.3420214 -0.9396921 0 0.2947547 -0.955573 0 0.3420214 -0.9396921 0 0.2947547 -0.955573 0 0.2467538 -0.9690782 0 0.1981464 -0.9801725 0 0.2467538 -0.9690782 0 0.1981464 -0.9801725 0 0.1490441 -0.9888306 0 0.1490441 -0.9888306 0 0.09956536 -0.995031 0 0.04984742 -0.9987568 0 0.09956536 -0.995031 0 0.04984742 -0.9987568 0 0 -1 0 0 -1 0 -0.04984742 -0.9987568 0 -0.04984742 -0.9987568 0 -0.09956811 -0.9950308 -0 -0.14904 -0.9888312 0 -0.09956811 -0.9950308 0 -0.14904 -0.9888312 0 -0.1981464 -0.9801725 0 -0.1981464 -0.9801725 0 -0.2467538 -0.9690782 0 -0.2467538 -0.9690782 0 -0.2947547 -0.955573 0 -0.2947547 -0.955573 -0 -0.3420304 -0.9396889 0 -0.3420304 -0.9396889 0 -0.3884171 -0.9214836 0 -0.3884171 -0.9214836 -0 -0.4338979 -0.9009621 0 -0.4338979 -0.9009621 0 -0.4782483 -0.8782247 0 -0.4782483 -0.8782247 0 -0.5214285 -0.853295 0 -0.5214285 -0.853295 0 -0.5633331 -0.8262299 0 -0.5633331 -0.8262299 0 -0.603789 -0.7971442 0 -0.603789 -0.7971442 0 -0.6428066 -0.7660284 0 -0.6428066 -0.7660284 0 -0.6801647 -0.7330593 0 -0.6801647 -0.7330593 0 -0.7158675 -0.6982363 0 -0.7158675 -0.6982363 -0 -0.7497844 -0.6616822 0 -0.7497844 -0.6616822 0 -0.7818213 -0.6235026 0 -0.7818213 -0.6235026 0 -0.8119457 -0.5837329 0 -0.8119457 -0.5837329 -0 -0.8400229 -0.5425511 0 -0.8400229 -0.5425511 0 -0.8660308 -0.4999907 0 -0.8660308 -0.4999907 0 -0.8898766 -0.4562013 0 -0.8898766 -0.4562013 0 -0.9115022 -0.4112952 0 -0.9115022 -0.4112952 0 -0.9308751 -0.3653379 0 -0.9308751 -0.3653379 0 -0.9479274 -0.3184866 0 -0.9479274 -0.3184866 0 -0.9626193 -0.2708581 0 -0.9626193 -0.2708581 0 -0.9749308 -0.2225083 0 -0.9749308 -0.2225083 0 -0.9848066 -0.1736548 0 -0.9848066 -0.1736548 0 -0.9922375 -0.1243566 0 -0.9922375 -0.1243566 0 -0.9972042 -0.07472555 0 -0.9972042 -0.07472555 0 -0.9996892 -0.02492711 0 -0.9996892 -0.02492711 0 -0.9996893 0.02492703 0 -0.9996893 0.02492703 0 -0.9972042 0.07472555 0 -0.9972042 0.07472555 0 -0.9922375 0.124357 0 -0.9922375 0.124357 0 -0.9848066 0.1736548 0 -0.9848066 0.1736548 0 -0.9749308 0.2225083 0 -0.9749308 0.2225083 0 -0.9626195 0.2708572 0 -0.9626195 0.2708572 0 -0.9479271 0.3184876 0 -0.9479271 0.3184876 0 -0.9308751 0.3653379 0 -0.9308751 0.3653379 0 -0.9115025 0.4112945 0 -0.9115025 0.4112945 0 -0.8898762 0.456202 0 -0.8898762 0.456202 0 -0.8660312 0.49999 0 -0.8400229 0.5425511 0 -0.8660312 0.49999 0 -0.8119457 0.5837329 0 -0.8400229 0.5425511 0 -0.8119457 0.5837329 0 -0.7818205 0.6235034 0 -0.7818205 0.6235034 0 -0.7497852 0.6616814 0 -0.7497852 0.6616814 0 -0.7158675 0.6982363 0 -0.6801637 0.7330602 0 -0.7158675 0.6982363 0 -0.6801637 0.7330602 0 -0.6428077 0.7660276 0 -0.6037878 0.797145 0 -0.6428077 0.7660276 0 -0.6037878 0.797145 0 -0.5633342 0.8262291 0 -0.5633342 0.8262291 0 -0.5214272 0.8532958 0 -0.5214272 0.8532958 0 -0.4782483 0.8782247 0 -0.4782483 0.8782247 0 -0.4338992 0.9009614 0 -0.3884156 0.9214843 0 -0.4338992 0.9009614 0 -0.3884156 0.9214843 0 -0.3420304 0.9396889 0 -0.3420304 0.9396889 0 -0.2947563 0.9555724 0 -0.2947563 0.9555724 0 -0.2467521 0.9690786 0 -0.2467521 0.9690786 0 -0.1981481 0.9801722 0 -0.1981481 0.9801722 0 -0.1490383 0.9888315 0 -0.1490383 0.9888315 0 -0.09956983 0.9950306 0 -0.04984742 0.9987568 0 -0.09956983 0.9950306 0 -0.04984742 0.9987568 0 0 1 -0 0 1 0 0.04984742 0.9987568 -0 0.04984742 0.9987568 0 0.09956707 0.9950308 -0 0.09956707 0.9950308 0 0.1490424 0.9888309 -0 0.1490424 0.9888309 0 0.1981481 0.9801722 -0 0.1981481 0.9801722 0 0.2467521 0.9690786 -0 0.2467521 0.9690786 0 0.2947563 0.9555724 -0 0.2947563 0.9555724 0 0.3420214 0.9396921 0 0.3884356 0.9214759 -0 0.3420214 0.9396921 0 0.3884356 0.9214759 0 0.4338884 0.9009666 -0 0.4338884 0.9009666 0 0.4782483 0.8782247 0 0.5214396 0.8532882 -0 0.4782483 0.8782247 0 0.5214396 0.8532882 0 0.5633084 0.8262468 -0 0.5633084 0.8262468 0 0.6038147 0.7971247 -0 0.6038147 0.7971247 0 0.6427803 0.7660506 -0 0.6427803 0.7660506 0 0.6801776 0.7330473 -0 0.6801776 0.7330473 0 0.7158675 0.6982363 -0 0.7158675 0.6982363 0 0.7497852 0.6616814 -0 0.7497852 0.6616814 -0 0.7818205 0.6235034 0 0.7818205 0.6235034 0 0.8119457 0.5837329 0 0.8119457 0.5837329 0 0.8400229 0.5425511 0 0.8400229 0.5425511 -0 0.8660312 0.49999 0 0.8660312 0.49999 0 0.889865 0.456224 0 0.889865 0.456224 0 0.9115025 0.4112945 0 0.9115025 0.4112945 -0 0.9308751 0.3653379 0 0.9308751 0.3653379 -0 0.9479271 0.3184876 0 0.9479271 0.3184876 0 0.9626268 0.2708314 0 0.9626268 0.2708314 -0 0.9749308 0.2225083 0 0.9749308 0.2225083 -0 0.9848066 0.1736548 0 0.9848066 0.1736548 0 0.9922375 0.124357 0 0.9922375 0.124357 0 0.9972042 0.07472555 0 0.9972042 0.07472555 0 0.9996893 0.02492703 0 0.9996893 0.02492703 0 0 -1 0 0 -1 0 0.9996892 -0.02492703 0 0.9996892 -0.02492703 0 0.9972 -0.07478113 0 0.9972 -0.07478113 0 0.9922444 -0.1243018 0 0.9847971 -0.1737088 0 0.9922444 -0.1243018 0 0.9847971 -0.1737088 0 0.9749429 -0.2224554 0 0.9749429 -0.2224554 0 0.9626196 -0.2708572 0 0.9626196 -0.2708572 0 0.947927 -0.3184876 0 0.9308749 -0.3653378 0 0.947927 -0.3184876 0 0.9308749 -0.3653378 0 0.9115022 -0.4112952 0 0.9115022 -0.4112952 0 0.889854 -0.4562454 0 0.889854 -0.4562454 0 0.8660308 -0.4999907 0 0.8660308 -0.4999907 0 0.8400482 -0.5425118 0 0.8400482 -0.5425118 0 0.8119193 -0.5837696 0 0.8119193 -0.5837696 0 0.7818213 -0.6235026 0 0.7818213 -0.6235026 0 0.7497845 -0.6616822 0 0.7497845 -0.6616822 0 0.7158952 -0.6982077 0 0.7158952 -0.6982077 0 0.6801369 -0.7330851 0 0.6801369 -0.7330851 0 0.6428341 -0.7660055 0 0.6428341 -0.7660055 0 0.6037622 -0.7971645 0 0.6037622 -0.7971645 0 0.5633589 -0.8262122 0 0.5633589 -0.8262122 0 0.5214285 -0.853295 0 0.5214285 -0.853295 0 0.4782483 -0.8782247 0 0.4782483 -0.8782247 0 0.4338979 -0.9009621 0 0.4338979 -0.9009621 0 0.3884186 -0.921483 0 0.3420288 -0.9396895 0 0.3884186 -0.921483 0 0.3420288 -0.9396895 0 0.2947547 -0.9555729 0 0.2467405 -0.9690816 0 0.2947547 -0.9555729 0 0.2467405 -0.9690816 0 0.1981464 -0.9801724 0 0.14904 -0.9888312 0 0.1981464 -0.9801724 0 0.09957534 -0.99503 0 0.14904 -0.9888312 0 0.09957534 -0.99503 0 0.0498457 -0.9987569 0 0 -1 0 0.0498457 -0.9987569 -0 -0.0498457 -0.9987569 0 0 -1 0 -0.0498457 -0.9987569 0 -0.09956431 -0.9950311 -0 -0.14904 -0.9888312 0 -0.09956431 -0.9950311 0 -0.14904 -0.9888312 0 -0.1981464 -0.9801724 0 -0.1981464 -0.9801724 0 -0.2467671 -0.9690748 0 -0.2467671 -0.9690748 0 -0.2947547 -0.9555729 0 -0.2947547 -0.9555729 0 -0.3420288 -0.9396895 0 -0.3420288 -0.9396895 0 -0.3884186 -0.921483 0 -0.3884186 -0.921483 0 -0.4338979 -0.9009621 0 -0.4338979 -0.9009621 0 -0.4782483 -0.8782247 0 -0.4782483 -0.8782247 -0 -0.5214285 -0.853295 0 -0.5214285 -0.853295 0 -0.5633071 -0.8262476 0 -0.5633071 -0.8262476 0 -0.6038157 -0.7971239 0 -0.6038157 -0.7971239 0 -0.6427793 -0.7660515 0 -0.6427793 -0.7660515 0 -0.6801924 -0.7330336 0 -0.6801924 -0.7330336 0 -0.7158396 -0.6982648 0 -0.7158396 -0.6982648 0 -0.7497845 -0.6616822 0 -0.7497845 -0.6616822 0 -0.7818213 -0.6235026 0 -0.7818213 -0.6235026 0 -0.8119721 -0.5836962 0 -0.8119721 -0.5836962 0 -0.8399974 -0.5425903 0 -0.8399974 -0.5425903 0 -0.8660308 -0.4999907 0 -0.8660308 -0.4999907 0 -0.8898992 -0.4561572 0 -0.8898992 -0.4561572 0 -0.9115022 -0.4112952 0 -0.9115022 -0.4112952 0 -0.9308749 -0.3653378 0 -0.9308749 -0.3653378 0 -0.947927 -0.3184876 0 -0.947927 -0.3184876 0 -0.9626196 -0.2708572 0 -0.9626196 -0.2708572 0 -0.9749188 -0.2225612 0 -0.9749188 -0.2225612 0 -0.9848161 -0.1736008 0 -0.9848161 -0.1736008 0 -0.9922307 -0.1244114 0 -0.9922307 -0.1244114 0 -0.9972082 -0.07467047 0 -0.9972082 -0.07467047 0 -0.9996892 -0.02492703 0 -0.9996892 -0.02492703 0 -0.9996892 0.02492703 0 -0.9996892 0.02492703 0 -0.9972082 0.0746702 0 -0.9972082 0.0746702 0 -0.9922307 0.1244118 0 -0.9922307 0.1244118 0 -0.9848161 0.1736008 0 -0.9848161 0.1736008 0 -0.9749188 0.2225612 0 -0.9749188 0.2225612 0 -0.9626196 0.2708572 0 -0.9626196 0.2708572 0 -0.947927 0.3184876 0 -0.947927 0.3184876 0 -0.9308749 0.3653378 0 -0.9308749 0.3653378 0 -0.9115019 0.4112958 0 -0.9115019 0.4112958 0 -0.8898996 0.4561565 0 -0.8898996 0.4561565 0 -0.8399974 0.5425903 0 -0.8660303 0.4999914 0 -0.8660303 0.4999914 0 -0.8399974 0.5425903 0 -0.8119733 0.5836946 0 -0.8119733 0.5836946 0 -0.7818205 0.6235035 0 -0.7497836 0.661683 0 -0.7818205 0.6235035 0 -0.7497836 0.661683 0 -0.7158396 0.6982648 0 -0.6801933 0.7330327 0 -0.7158396 0.6982648 0 -0.6801933 0.7330327 0 -0.6427804 0.7660506 0 -0.6038147 0.7971247 0 -0.6427804 0.7660506 0 -0.6038147 0.7971247 0 -0.5633084 0.8262468 0 -0.5633084 0.8262468 0 -0.5214273 0.8532958 0 -0.5214273 0.8532958 0 -0.4782483 0.8782247 0 -0.4782483 0.8782247 0 -0.4338964 0.9009628 0 -0.4338964 0.9009628 0 -0.3884186 0.921483 0 -0.3420304 0.9396889 0 -0.3884186 0.921483 0 -0.3420304 0.9396889 0 -0.2947563 0.9555725 0 -0.2947563 0.9555725 0 -0.2467654 0.9690753 0 -0.2467654 0.9690753 0 -0.1981481 0.9801721 0 -0.1981481 0.9801721 0 -0.1490383 0.9888315 0 -0.09956431 0.9950311 0 -0.1490383 0.9888315 0 -0.09956431 0.9950311 0 -0.04984396 0.9987569 0 -0.04984396 0.9987569 0 0 1 -0 0 1 0 0.04984396 0.9987569 -0 0.04984396 0.9987569 0 0.09957534 0.99503 -0 0.09957534 0.99503 0 0.1490383 0.9888315 -0 0.1490383 0.9888315 0 0.1981481 0.9801721 -0 0.1981481 0.9801721 0 0.2467388 0.9690821 -0 0.2467388 0.9690821 0 0.2947563 0.9555725 -0 0.2947563 0.9555725 0 0.3420304 0.9396889 -0 0.3420304 0.9396889 0 0.3884186 0.921483 -0 0.3884186 0.921483 0 0.4338964 0.9009628 -0 0.4338964 0.9009628 0 0.4782483 0.8782247 -0 0.4782483 0.8782247 0 0.5214273 0.8532958 -0 0.5214273 0.8532958 0 0.5633602 0.8262115 -0 0.5633602 0.8262115 0 0.6037611 0.7971653 -0 0.6037611 0.7971653 0 0.6428351 0.7660046 -0 0.6428351 0.7660046 0 0.6801379 0.7330843 -0 0.6801379 0.7330843 0 0.7158952 0.6982077 -0 0.7158952 0.6982077 -0 0.7497836 0.661683 0 0.7497836 0.661683 -0 0.7818205 0.6235035 0 0.7818205 0.6235035 0 0.8119205 0.583768 0 0.8119205 0.583768 -0 0.8400482 0.5425118 0 0.8400482 0.5425118 -0 0.8660303 0.4999914 0 0.8660303 0.4999914 -0 0.8898544 0.4562446 0 0.8898544 0.4562446 -0 0.9115019 0.4112958 0 0.9115019 0.4112958 -0 0.9308749 0.3653378 0 0.9308749 0.3653378 -0 0.947927 0.3184876 0 0.947927 0.3184876 -0 0.9626196 0.2708572 0 0.9626196 0.2708572 -0 0.9749429 0.2224554 0 0.9749429 0.2224554 -0 0.9847971 0.1737088 0 0.9847971 0.1737088 0 0.9922444 0.1243022 0 0.9922444 0.1243022 0 0.9972 0.07478087 -0 0.9972 0.07478087 0 0.9996892 0.02492703 -0 0.9996892 0.02492703 -1 0 0 -1 -0 0 0 -1 0 0 -1 0 1 0 0 1 -0 0 0 1 -0 0 1 0 0 0 1 0 0 1 0 0 1 0 0 1 0 0 1 0 0 1 0 0 1 0 0 1 1 0 0 1 0 0 0 1 0 0 1 -0 -1 0 0 -1 0 0 0 -1 0 0 -1 0 0 0 1 0 0 1</float_array>
          <technique_common>
            <accessor count="5700" source="#cubenormals-array0-array" stride="3">
              <param type="float" name="X"/>
              <param type="float" name="Y"/>
              <param type="float" name="Z"/>
            </accessor>
          </technique_common>
        </source>
        <vertices id="cubeverts-array0-vertices">
          <input semantic="POSITION" source="#cubeverts-array0"/>
        </vertices>
        <triangles count="5700" material="ref_Body002">
          <input offset="0" semantic="VERTEX" source="#cubeverts-array0-vertices"/>
          <input offset="1" semantic="NORMAL" source="#cubenormals-array0"/>
          <p>0 0 1 0 2 0 3 1 4 1 0 1 1 2 4 2 5 2 5 3 4 3 6 3 0 4 4 4 1 4 7 5 8 5 9 5 10 6 11 6 8 6 12 7 13 7 3 7 4 8 13 8 14 8 14 9 13 9 15 9 3 10 13 10 4 10 16 11 17 11 11 11 13 12 18 12 19 12 17 13 20 13 11 13 9 14 20 14 21 14 21 15 20 15 12 15 8 16 20 16 9 16 11 17 20 17 8 17 22 18 23 18 24 18 25 19 26 19 27 19 27 20 26 20 28 20 29 21 30 21 23 21 24 22 31 22 20 22 13 23 31 23 18 23 20 24 31 24 12 24 25 25 31 25 26 25 23 26 31 26 24 26 18 27 31 27 25 27 30 28 31 28 23 28 26 29 31 29 32 29 12 30 31 30 13 30 30 31 33 31 31 31 34 32 35 32 36 32 35 33 37 33 38 33 34 34 37 34 35 34 37 35 39 35 40 35 40 36 39 36 41 36 39 37 42 37 43 37 34 38 42 38 37 38 37 39 42 39 39 39 34 40 44 40 42 40 34 41 45 41 44 41 45 42 46 42 47 42 47 43 46 43 48 43 34 44 46 44 45 44 46 45 49 45 50 45 50 46 49 46 51 46 34 47 49 47 46 47 34 48 52 48 49 48 34 49 53 49 52 49 34 50 54 50 53 50 34 51 55 51 54 51 55 52 56 52 57 52 56 53 58 53 59 53 55 54 58 54 56 54 58 55 60 55 61 55 60 56 62 56 63 56 58 57 62 57 60 57 58 58 64 58 62 58 58 59 65 59 64 59 58 60 66 60 65 60 34 61 66 61 55 61 55 62 66 62 58 62 31 63 67 63 34 63 33 64 67 64 31 64 34 65 67 65 66 65 68 66 69 66 70 66 71 67 72 67 73 67 74 68 75 68 69 68 70 69 76 69 71 69 71 70 76 70 72 70 76 71 77 71 78 71 79 72 80 72 75 72 81 73 80 73 79 73 69 74 80 74 70 74 75 75 80 75 69 75 80 76 82 76 70 76 77 77 82 77 83 77 84 78 82 78 80 78 76 79 82 79 77 79 70 80 82 80 76 80 84 81 85 81 82 81 84 82 86 82 85 82 87 83 88 83 89 83 88 84 90 84 91 84 88 85 92 85 90 85 88 86 93 86 92 86 93 87 94 87 95 87 87 88 96 88 88 88 93 89 96 89 94 89 88 90 96 90 93 90 87 91 97 91 96 91 87 92 98 92 97 92 87 93 99 93 98 93 99 94 100 94 101 94 99 95 102 95 100 95 87 96 33 96 99 96 99 97 33 97 102 97 82 98 103 98 87 98 85 99 103 99 82 99 87 100 103 100 33 100 103 101 104 101 33 101 86 102 105 102 104 102 105 103 106 103 107 103 108 104 109 104 110 104 109 105 111 105 110 105 110 106 112 106 106 106 111 107 112 107 110 107 113 108 114 108 112 108 112 109 115 109 106 109 114 110 115 110 112 110 116 111 117 111 118 111 118 112 117 112 115 112 115 113 117 113 106 113 117 114 119 114 106 114 120 115 121 115 119 115 119 116 121 116 106 116 122 117 123 117 121 117 106 118 123 118 107 118 121 119 123 119 106 119 105 120 124 120 104 120 107 121 125 121 126 121 123 122 125 122 107 122 126 123 67 123 124 123 125 124 67 124 126 124 127 125 128 125 129 125 125 126 130 126 67 126 128 127 130 127 129 127 129 128 130 128 125 128 67 129 131 129 132 129 132 130 131 130 133 130 133 131 131 131 134 131 135 132 136 132 130 132 131 133 137 133 138 133 138 134 137 134 139 134 136 135 140 135 130 135 130 136 141 136 67 136 67 137 141 137 131 137 131 138 141 138 137 138 140 139 141 139 130 139 67 140 33 140 104 140 67 141 104 141 124 141 84 142 106 142 86 142 86 143 106 143 105 143 33 144 142 144 102 144 30 145 142 145 33 145 102 146 143 146 100 146 142 147 143 147 102 147 100 148 144 148 101 148 143 149 144 149 100 149 101 150 145 150 99 150 144 151 145 151 101 151 99 152 146 152 98 152 145 153 146 153 99 153 98 154 147 154 97 154 146 155 147 155 98 155 97 156 148 156 96 156 147 157 148 157 97 157 96 158 149 158 94 158 148 159 149 159 96 159 94 160 150 160 95 160 149 161 150 161 94 161 95 162 151 162 93 162 150 163 151 163 95 163 93 164 152 164 92 164 151 165 152 165 93 165 92 166 153 166 90 166 152 167 153 167 92 167 90 168 154 168 91 168 153 169 154 169 90 169 91 170 155 170 88 170 154 171 155 171 91 171 88 172 156 172 89 172 155 173 156 173 88 173 156 174 157 174 89 174 89 175 157 175 87 175 66 176 132 176 158 176 67 177 132 177 66 177 158 178 133 178 159 178 132 179 133 179 158 179 159 180 134 180 160 180 133 181 134 181 159 181 160 182 131 182 161 182 161 183 131 183 162 183 134 184 131 184 160 184 131 185 138 185 162 185 162 186 139 186 163 186 138 187 139 187 162 187 163 188 137 188 164 188 139 189 137 189 163 189 164 190 141 190 165 190 137 191 141 191 164 191 165 192 140 192 166 192 141 193 140 193 165 193 166 194 136 194 167 194 140 195 136 195 166 195 167 196 135 196 168 196 168 197 135 197 169 197 136 198 135 198 167 198 135 199 130 199 169 199 169 200 128 200 170 200 130 201 128 201 169 201 170 202 127 202 171 202 128 203 127 203 170 203 171 204 129 204 172 204 127 205 129 205 171 205 129 206 125 206 172 206 172 207 125 207 173 207 29 208 142 208 30 208 174 209 157 209 156 209 175 210 32 210 31 210 176 211 142 211 29 211 177 212 143 212 142 212 177 213 142 213 176 213 178 214 144 214 143 214 178 215 143 215 177 215 179 216 145 216 144 216 179 217 144 217 178 217 180 218 145 218 179 218 180 219 146 219 145 219 181 220 176 220 29 220 181 221 29 221 23 221 182 222 147 222 146 222 182 223 146 223 180 223 183 224 177 224 176 224 183 225 176 225 181 225 184 226 148 226 147 226 184 227 147 227 182 227 185 228 177 228 183 228 185 229 178 229 177 229 186 230 149 230 148 230 186 231 148 231 184 231 187 232 178 232 185 232 187 233 179 233 178 233 188 234 149 234 186 234 188 235 150 235 149 235 189 236 180 236 179 236 189 237 179 237 187 237 190 238 151 238 150 238 190 239 150 239 188 239 191 240 23 240 22 240 191 241 181 241 23 241 192 242 182 242 180 242 192 243 180 243 189 243 193 244 152 244 151 244 193 245 151 245 190 245 194 246 181 246 191 246 194 247 183 247 181 247 195 248 182 248 192 248 195 249 184 249 182 249 196 250 153 250 152 250 196 251 152 251 193 251 197 252 185 252 183 252 197 253 183 253 194 253 198 254 186 254 184 254 198 255 184 255 195 255 199 256 153 256 196 256 199 257 154 257 153 257 200 258 185 258 197 258 200 259 187 259 185 259 201 260 186 260 198 260 201 261 188 261 186 261 202 262 155 262 154 262 202 263 154 263 199 263 203 264 189 264 187 264 203 265 187 265 200 265 204 266 188 266 201 266 204 267 190 267 188 267 205 268 156 268 155 268 205 269 174 269 156 269 205 270 155 270 202 270 206 271 22 271 24 271 206 272 191 272 22 272 207 273 192 273 189 273 207 274 189 274 203 274 208 275 193 275 190 275 208 276 190 276 204 276 209 277 194 277 191 277 209 278 191 278 206 278 210 279 192 279 207 279 210 280 195 280 192 280 211 281 196 281 193 281 211 282 193 282 208 282 212 283 194 283 209 283 212 284 197 284 194 284 213 285 195 285 210 285 213 286 198 286 195 286 214 287 196 287 211 287 214 288 199 288 196 288 215 289 200 289 197 289 215 290 197 290 212 290 216 291 201 291 198 291 216 292 198 292 213 292 217 293 199 293 214 293 217 294 202 294 199 294 218 295 203 295 200 295 218 296 200 296 215 296 219 297 204 297 201 297 219 298 201 298 216 298 220 299 202 299 217 299 220 300 205 300 202 300 220 301 221 301 174 301 220 302 174 302 205 302 222 303 24 303 20 303 222 304 206 304 24 304 223 305 207 305 203 305 223 306 203 306 218 306 224 307 204 307 219 307 224 308 208 308 204 308 225 309 206 309 222 309 225 310 209 310 206 310 225 311 212 311 209 311 226 312 210 312 207 312 226 313 207 313 223 313 227 314 208 314 224 314 227 315 211 315 208 315 228 316 212 316 225 316 229 317 210 317 226 317 229 318 213 318 210 318 230 319 211 319 227 319 230 320 214 320 211 320 231 321 212 321 228 321 231 322 215 322 212 322 232 323 216 323 213 323 232 324 213 324 229 324 233 325 217 325 214 325 233 326 214 326 230 326 234 327 223 327 218 327 234 328 218 328 215 328 234 329 215 329 231 329 235 330 219 330 216 330 235 331 216 331 232 331 236 332 220 332 217 332 236 333 221 333 220 333 236 334 217 334 233 334 236 335 237 335 221 335 236 336 238 336 237 336 239 337 20 337 17 337 239 338 222 338 20 338 240 339 223 339 234 339 241 340 219 340 235 340 241 341 224 341 219 341 242 342 225 342 222 342 242 343 222 343 239 343 243 344 223 344 240 344 243 345 229 345 226 345 243 346 226 346 223 346 244 347 227 347 224 347 244 348 224 348 241 348 245 349 228 349 225 349 245 350 231 350 228 350 245 351 225 351 242 351 246 352 229 352 243 352 247 353 230 353 227 353 247 354 227 354 244 354 248 355 231 355 245 355 249 356 232 356 229 356 249 357 229 357 246 357 250 358 233 358 230 358 250 359 230 359 247 359 251 360 234 360 231 360 251 361 231 361 248 361 252 362 235 362 232 362 252 363 232 363 249 363 253 364 236 364 233 364 253 365 238 365 236 365 253 366 233 366 250 366 254 367 17 367 16 367 254 368 16 368 11 368 254 369 239 369 17 369 255 370 240 370 234 370 255 371 234 371 251 371 256 372 241 372 235 372 256 373 235 373 252 373 256 374 244 374 241 374 257 375 239 375 254 375 257 376 242 376 239 376 258 377 240 377 255 377 258 378 243 378 240 378 259 379 244 379 256 379 260 380 245 380 242 380 260 381 242 381 257 381 261 382 243 382 258 382 261 383 246 383 243 383 262 384 244 384 259 384 262 385 247 385 244 385 263 386 248 386 245 386 263 387 245 387 260 387 264 388 246 388 261 388 264 389 249 389 246 389 265 390 253 390 250 390 265 391 247 391 262 391 265 392 250 392 247 392 266 393 251 393 248 393 266 394 248 394 263 394 267 395 249 395 264 395 267 396 252 396 249 396 268 397 238 397 253 397 268 398 253 398 265 398 268 399 269 399 238 399 270 400 254 400 11 400 271 401 255 401 251 401 271 402 251 402 266 402 272 403 259 403 256 403 272 404 252 404 267 404 272 405 256 405 252 405 273 406 254 406 270 406 273 407 257 407 254 407 274 408 258 408 255 408 274 409 255 409 271 409 275 410 259 410 272 410 276 411 263 411 260 411 276 412 257 412 273 412 276 413 260 413 257 413 277 414 258 414 274 414 277 415 261 415 258 415 278 416 262 416 259 416 278 417 259 417 275 417 279 418 263 418 276 418 280 419 267 419 264 419 280 420 264 420 261 420 280 421 261 421 277 421 281 422 265 422 262 422 281 423 262 423 278 423 282 424 271 424 266 424 282 425 263 425 279 425 282 426 266 426 263 426 283 427 267 427 280 427 284 428 268 428 265 428 284 429 269 429 268 429 284 430 285 430 269 430 284 431 265 431 281 431 286 432 11 432 10 432 286 433 270 433 11 433 287 434 271 434 282 434 288 435 272 435 267 435 288 436 267 436 283 436 289 437 273 437 270 437 289 438 270 438 286 438 290 439 274 439 271 439 290 440 271 440 287 440 291 441 275 441 272 441 291 442 272 442 288 442 292 443 273 443 289 443 292 444 276 444 273 444 293 445 274 445 290 445 293 446 277 446 274 446 294 447 275 447 291 447 294 448 278 448 275 448 295 449 276 449 292 449 295 450 279 450 276 450 296 451 277 451 293 451 296 452 280 452 277 452 297 453 278 453 294 453 297 454 281 454 278 454 298 455 279 455 295 455 298 456 282 456 279 456 299 457 280 457 296 457 299 458 283 458 280 458 300 459 281 459 297 459 300 460 301 460 285 460 300 461 285 461 284 461 300 462 284 462 281 462 302 463 286 463 10 463 302 464 10 464 8 464 302 465 8 465 7 465 303 466 282 466 298 466 303 467 287 467 282 467 304 468 283 468 299 468 304 469 288 469 283 469 305 470 289 470 286 470 305 471 292 471 289 471 305 472 286 472 302 472 306 473 290 473 287 473 306 474 287 474 303 474 307 475 291 475 288 475 307 476 288 476 304 476 308 477 292 477 305 477 309 478 293 478 290 478 309 479 290 479 306 479 310 480 294 480 291 480 310 481 297 481 294 481 310 482 291 482 307 482 311 483 295 483 292 483 311 484 292 484 308 484 312 485 296 485 293 485 312 486 293 486 309 486 313 487 297 487 310 487 314 488 295 488 311 488 314 489 298 489 295 489 315 490 299 490 296 490 315 491 296 491 312 491 316 492 300 492 297 492 316 493 301 493 300 493 316 494 317 494 301 494 316 495 297 495 313 495 318 496 302 496 7 496 319 497 303 497 298 497 319 498 298 498 314 498 319 499 306 499 303 499 320 500 299 500 315 500 320 501 307 501 304 501 320 502 304 502 299 502 321 503 305 503 302 503 321 504 302 504 318 504 322 505 309 505 306 505 322 506 306 506 319 506 323 507 307 507 320 507 324 508 308 508 305 508 324 509 311 509 308 509 324 510 305 510 321 510 325 511 309 511 322 511 326 512 307 512 323 512 326 513 310 513 307 513 326 514 313 514 310 514 327 515 311 515 324 515 328 516 309 516 325 516 328 517 312 517 309 517 329 518 313 518 326 518 330 519 314 519 311 519 330 520 311 520 327 520 331 521 315 521 312 521 331 522 312 522 328 522 331 523 320 523 315 523 332 524 313 524 329 524 332 525 333 525 317 525 332 526 317 526 316 526 332 527 316 527 313 527 334 528 7 528 9 528 334 529 318 529 7 529 335 530 319 530 314 530 335 531 314 531 330 531 336 532 320 532 331 532 337 533 318 533 334 533 337 534 321 534 318 534 338 535 322 535 319 535 338 536 319 536 335 536 339 537 320 537 336 537 339 538 323 538 320 538 340 539 321 539 337 539 340 540 324 540 321 540 341 541 325 541 322 541 341 542 322 542 338 542 342 543 326 543 323 543 342 544 329 544 326 544 342 545 323 545 339 545 343 546 327 546 324 546 343 547 324 547 340 547 344 548 328 548 325 548 344 549 325 549 341 549 345 550 329 550 342 550 346 551 327 551 343 551 346 552 330 552 327 552 347 553 331 553 328 553 347 554 328 554 344 554 347 555 336 555 331 555 348 556 332 556 329 556 348 557 333 557 332 557 348 558 329 558 345 558 348 559 349 559 333 559 350 560 334 560 9 560 350 561 9 561 21 561 351 562 338 562 335 562 351 563 330 563 346 563 351 564 335 564 330 564 352 565 336 565 347 565 353 566 337 566 334 566 353 567 334 567 350 567 354 568 338 568 351 568 355 569 342 569 339 569 355 570 339 570 336 570 355 571 336 571 352 571 356 572 340 572 337 572 356 573 337 573 353 573 357 574 341 574 338 574 357 575 338 575 354 575 358 576 342 576 355 576 359 577 343 577 340 577 359 578 340 578 356 578 360 579 344 579 341 579 360 580 341 580 357 580 361 581 342 581 358 581 361 582 345 582 342 582 361 583 348 583 345 583 362 584 346 584 343 584 362 585 343 585 359 585 363 586 347 586 344 586 363 587 344 587 360 587 364 588 348 588 361 588 364 589 365 589 349 589 364 590 366 590 365 590 364 591 349 591 348 591 367 592 21 592 12 592 367 593 350 593 21 593 368 594 351 594 346 594 368 595 346 595 362 595 369 596 347 596 363 596 369 597 352 597 347 597 370 598 350 598 367 598 370 599 356 599 353 599 370 600 353 600 350 600 371 601 351 601 368 601 371 602 354 602 351 602 372 603 352 603 369 603 372 604 355 604 352 604 373 605 359 605 356 605 373 606 356 606 370 606 374 607 360 607 357 607 374 608 354 608 371 608 374 609 357 609 354 609 375 610 361 610 358 610 375 611 358 611 355 611 375 612 355 612 372 612 376 613 359 613 373 613 377 614 360 614 374 614 378 615 361 615 375 615 379 616 359 616 376 616 379 617 362 617 359 617 380 618 363 618 360 618 380 619 360 619 377 619 381 620 366 620 364 620 381 621 361 621 378 621 381 622 364 622 361 622 382 623 12 623 3 623 382 624 367 624 12 624 383 625 368 625 362 625 383 626 362 626 379 626 384 627 363 627 380 627 384 628 369 628 363 628 385 629 370 629 367 629 385 630 373 630 370 630 385 631 367 631 382 631 386 632 371 632 368 632 386 633 374 633 371 633 386 634 368 634 383 634 387 635 372 635 369 635 387 636 375 636 372 636 387 637 369 637 384 637 388 638 373 638 385 638 389 639 374 639 386 639 390 640 375 640 387 640 391 641 373 641 388 641 391 642 376 642 373 642 392 643 380 643 377 643 392 644 377 644 374 644 392 645 374 645 389 645 393 646 378 646 375 646 393 647 381 647 378 647 393 648 375 648 390 648 394 649 379 649 376 649 394 650 376 650 391 650 395 651 384 651 380 651 395 652 380 652 392 652 396 653 366 653 381 653 396 654 397 654 366 654 396 655 398 655 397 655 396 656 381 656 393 656 399 657 382 657 3 657 399 658 3 658 0 658 399 659 0 659 2 659 400 660 383 660 379 660 400 661 379 661 394 661 401 662 384 662 395 662 402 663 385 663 382 663 402 664 382 664 399 664 403 665 386 665 383 665 403 666 383 666 400 666 404 667 384 667 401 667 404 668 387 668 384 668 405 669 385 669 402 669 405 670 388 670 385 670 406 671 386 671 403 671 406 672 389 672 386 672 407 673 387 673 404 673 407 674 390 674 387 674 408 675 391 675 388 675 408 676 388 676 405 676 409 677 389 677 406 677 409 678 392 678 389 678 410 679 393 679 390 679 410 680 390 680 407 680 411 681 394 681 391 681 411 682 391 682 408 682 412 683 392 683 409 683 412 684 395 684 392 684 413 685 396 685 393 685 413 686 393 686 410 686 413 687 398 687 396 687 413 688 414 688 398 688 415 689 399 689 2 689 416 690 394 690 411 690 416 691 400 691 394 691 417 692 395 692 412 692 417 693 401 693 395 693 418 694 405 694 402 694 418 695 399 695 415 695 418 696 402 696 399 696 419 697 403 697 400 697 419 698 400 698 416 698 420 699 401 699 417 699 420 700 404 700 401 700 421 701 408 701 405 701 421 702 405 702 418 702 422 703 403 703 419 703 422 704 406 704 403 704 423 705 404 705 420 705 423 706 407 706 404 706 424 707 408 707 421 707 425 708 409 708 406 708 425 709 412 709 409 709 425 710 406 710 422 710 426 711 407 711 423 711 426 712 410 712 407 712 427 713 411 713 408 713 427 714 408 714 424 714 428 715 412 715 425 715 429 716 410 716 426 716 429 717 413 717 410 717 429 718 414 718 413 718 430 719 2 719 1 719 430 720 1 720 5 720 430 721 415 721 2 721 431 722 416 722 411 722 431 723 411 723 427 723 432 724 417 724 412 724 432 725 412 725 428 725 433 726 418 726 415 726 433 727 421 727 418 727 433 728 415 728 430 728 434 729 422 729 419 729 434 730 419 730 416 730 434 731 416 731 431 731 435 732 417 732 432 732 435 733 420 733 417 733 435 734 423 734 420 734 436 735 421 735 433 735 436 736 424 736 421 736 437 737 422 737 434 737 438 738 423 738 435 738 439 739 424 739 436 739 440 740 422 740 437 740 440 741 425 741 422 741 440 742 428 742 425 742 441 743 423 743 438 743 441 744 426 744 423 744 441 745 429 745 426 745 442 746 424 746 439 746 442 747 427 747 424 747 443 748 428 748 440 748 443 749 432 749 428 749 444 750 429 750 441 750 444 751 445 751 414 751 444 752 446 752 445 752 444 753 414 753 429 753 447 754 430 754 5 754 448 755 427 755 442 755 448 756 431 756 427 756 449 757 432 757 443 757 450 758 436 758 433 758 450 759 430 759 447 759 450 760 433 760 430 760 451 761 431 761 448 761 451 762 434 762 431 762 452 763 435 763 432 763 452 764 432 764 449 764 453 765 436 765 450 765 454 766 437 766 434 766 454 767 434 767 451 767 455 768 435 768 452 768 455 769 438 769 435 769 456 770 436 770 453 770 456 771 439 771 436 771 457 772 443 772 440 772 457 773 437 773 454 773 457 774 440 774 437 774 458 775 441 775 438 775 458 776 438 776 455 776 459 777 442 777 439 777 459 778 448 778 442 778 459 779 439 779 456 779 460 780 443 780 457 780 461 781 444 781 441 781 461 782 446 782 444 782 461 783 441 783 458 783 462 784 5 784 6 784 462 785 6 785 4 785 462 786 447 786 5 786 463 787 451 787 448 787 463 788 448 788 459 788 464 789 449 789 443 789 464 790 443 790 460 790 465 791 447 791 462 791 465 792 453 792 450 792 465 793 450 793 447 793 466 794 451 794 463 794 467 795 452 795 449 795 467 796 449 796 464 796 468 797 453 797 465 797 469 798 454 798 451 798 469 799 451 799 466 799 469 800 457 800 454 800 470 801 455 801 452 801 470 802 452 802 467 802 471 803 453 803 468 803 471 804 456 804 453 804 472 805 460 805 457 805 472 806 457 806 469 806 473 807 455 807 470 807 473 808 458 808 455 808 474 809 456 809 471 809 474 810 459 810 456 810 475 811 460 811 472 811 476 812 458 812 473 812 476 813 477 813 446 813 476 814 446 814 461 814 476 815 461 815 458 815 478 816 462 816 4 816 479 817 459 817 474 817 479 818 463 818 459 818 480 819 460 819 475 819 480 820 464 820 460 820 481 821 462 821 478 821 481 822 465 822 462 822 482 823 463 823 479 823 482 824 466 824 463 824 483 825 470 825 467 825 483 826 464 826 480 826 483 827 467 827 464 827 484 828 465 828 481 828 484 829 468 829 465 829 485 830 466 830 482 830 485 831 469 831 466 831 486 832 470 832 483 832 487 833 471 833 468 833 487 834 474 834 471 834 487 835 468 835 484 835 488 836 469 836 485 836 488 837 472 837 469 837 489 838 473 838 470 838 489 839 476 839 473 839 489 840 470 840 486 840 490 841 474 841 487 841 491 842 475 842 472 842 491 843 472 843 488 843 492 844 476 844 489 844 492 845 477 845 476 845 492 846 493 846 477 846 494 847 4 847 14 847 494 848 478 848 4 848 495 849 479 849 474 849 495 850 482 850 479 850 495 851 474 851 490 851 496 852 480 852 475 852 496 853 475 853 491 853 496 854 483 854 480 854 497 855 484 855 481 855 497 856 481 856 478 856 497 857 478 857 494 857 498 858 482 858 495 858 499 859 483 859 496 859 500 860 484 860 497 860 501 861 485 861 482 861 501 862 488 862 485 862 501 863 482 863 498 863 502 864 486 864 483 864 502 865 489 865 486 865 502 866 483 866 499 866 503 867 484 867 500 867 503 868 487 868 484 868 504 869 488 869 501 869 505 870 489 870 502 870 506 871 490 871 487 871 506 872 487 872 503 872 507 873 488 873 504 873 507 874 491 874 488 874 508 875 489 875 505 875 508 876 493 876 492 876 508 877 509 877 493 877 508 878 510 878 509 878 508 879 492 879 489 879 511 880 14 880 15 880 511 881 494 881 14 881 512 882 490 882 506 882 512 883 495 883 490 883 513 884 491 884 507 884 513 885 496 885 491 885 513 886 499 886 496 886 514 887 494 887 511 887 514 888 497 888 494 888 515 889 495 889 512 889 515 890 498 890 495 890 516 891 499 891 513 891 517 892 497 892 514 892 517 893 500 893 497 893 518 894 498 894 515 894 518 895 501 895 498 895 519 896 502 896 499 896 519 897 499 897 516 897 520 898 500 898 517 898 520 899 503 899 500 899 521 900 507 900 504 900 521 901 501 901 518 901 521 902 504 902 501 902 522 903 505 903 502 903 522 904 508 904 505 904 522 905 502 905 519 905 523 906 506 906 503 906 523 907 503 907 520 907 524 908 507 908 521 908 525 909 508 909 522 909 525 910 510 910 508 910 525 911 526 911 510 911 527 912 511 912 15 912 527 913 15 913 13 913 528 914 506 914 523 914 528 915 512 915 506 915 529 916 513 916 507 916 529 917 507 917 524 917 530 918 511 918 527 918 530 919 517 919 514 919 530 920 514 920 511 920 531 921 515 921 512 921 531 922 512 922 528 922 532 923 516 923 513 923 532 924 513 924 529 924 533 925 517 925 530 925 534 926 518 926 515 926 534 927 515 927 531 927 535 928 522 928 519 928 535 929 519 929 516 929 535 930 516 930 532 930 536 931 520 931 517 931 536 932 517 932 533 932 537 933 521 933 518 933 537 934 518 934 534 934 538 935 522 935 535 935 539 936 523 936 520 936 539 937 520 937 536 937 540 938 524 938 521 938 540 939 521 939 537 939 541 940 522 940 538 940 541 941 525 941 522 941 541 942 526 942 525 942 542 943 13 943 19 943 542 944 527 944 13 944 543 945 523 945 539 945 543 946 528 946 523 946 544 947 529 947 524 947 544 948 524 948 540 948 545 949 530 949 527 949 545 950 527 950 542 950 546 951 528 951 543 951 546 952 531 952 528 952 547 953 529 953 544 953 547 954 532 954 529 954 548 955 530 955 545 955 548 956 533 956 530 956 549 957 531 957 546 957 549 958 534 958 531 958 550 959 532 959 547 959 550 960 535 960 532 960 551 961 533 961 548 961 551 962 539 962 536 962 551 963 536 963 533 963 552 964 534 964 549 964 552 965 537 965 534 965 553 966 535 966 550 966 553 967 538 967 535 967 554 968 539 968 551 968 555 969 540 969 537 969 555 970 537 970 552 970 556 971 541 971 538 971 556 972 526 972 541 972 556 973 538 973 553 973 556 974 557 974 526 974 558 975 542 975 19 975 558 976 19 976 18 976 559 977 546 977 543 977 559 978 539 978 554 978 559 979 543 979 539 979 560 980 547 980 544 980 560 981 544 981 540 981 560 982 540 982 555 982 561 983 542 983 558 983 561 984 545 984 542 984 562 985 546 985 559 985 563 986 547 986 560 986 564 987 545 987 561 987 564 988 548 988 545 988 565 989 549 989 546 989 565 990 552 990 549 990 565 991 546 991 562 991 566 992 550 992 547 992 566 993 547 993 563 993 567 994 551 994 548 994 567 995 548 995 564 995 568 996 552 996 565 996 568 997 555 997 552 997 569 998 553 998 550 998 569 999 550 999 566 999 570 1000 554 1000 551 1000 570 1001 551 1001 567 1001 571 1002 555 1002 568 1002 572 1003 556 1003 553 1003 572 1004 557 1004 556 1004 572 1005 553 1005 569 1005 572 1006 573 1006 557 1006 574 1007 18 1007 25 1007 574 1008 558 1008 18 1008 575 1009 554 1009 570 1009 575 1010 559 1010 554 1010 576 1011 555 1011 571 1011 576 1012 560 1012 555 1012 576 1013 563 1013 560 1013 577 1014 558 1014 574 1014 577 1015 561 1015 558 1015 578 1016 559 1016 575 1016 578 1017 562 1017 559 1017 579 1018 563 1018 576 1018 580 1019 561 1019 577 1019 580 1020 564 1020 561 1020 580 1021 567 1021 564 1021 581 1022 562 1022 578 1022 581 1023 565 1023 562 1023 582 1024 563 1024 579 1024 582 1025 566 1025 563 1025 582 1026 569 1026 566 1026 583 1027 567 1027 580 1027 583 1028 570 1028 567 1028 584 1029 565 1029 581 1029 584 1030 568 1030 565 1030 585 1031 569 1031 582 1031 586 1032 570 1032 583 1032 587 1033 568 1033 584 1033 587 1034 571 1034 568 1034 588 1035 573 1035 572 1035 588 1036 569 1036 585 1036 588 1037 589 1037 573 1037 588 1038 590 1038 589 1038 588 1039 572 1039 569 1039 591 1040 25 1040 27 1040 591 1041 574 1041 25 1041 591 1042 577 1042 574 1042 592 1043 578 1043 575 1043 592 1044 570 1044 586 1044 592 1045 575 1045 570 1045 593 1046 571 1046 587 1046 593 1047 576 1047 571 1047 594 1048 577 1048 591 1048 595 1049 578 1049 592 1049 595 1050 581 1050 578 1050 596 1051 576 1051 593 1051 596 1052 579 1052 576 1052 597 1053 577 1053 594 1053 597 1054 580 1054 577 1054 598 1055 581 1055 595 1055 599 1056 582 1056 579 1056 599 1057 579 1057 596 1057 600 1058 580 1058 597 1058 600 1059 583 1059 580 1059 601 1060 587 1060 584 1060 601 1061 581 1061 598 1061 601 1062 584 1062 581 1062 602 1063 582 1063 599 1063 602 1064 585 1064 582 1064 603 1065 586 1065 583 1065 603 1066 583 1066 600 1066 604 1067 593 1067 587 1067 604 1068 587 1068 601 1068 605 1069 585 1069 602 1069 605 1070 588 1070 585 1070 605 1071 590 1071 588 1071 605 1072 606 1072 590 1072 607 1073 27 1073 28 1073 607 1074 28 1074 26 1074 607 1075 591 1075 27 1075 608 1076 592 1076 586 1076 608 1077 586 1077 603 1077 609 1078 593 1078 604 1078 610 1079 594 1079 591 1079 610 1080 591 1080 607 1080 611 1081 595 1081 592 1081 611 1082 592 1082 608 1082 612 1083 596 1083 593 1083 612 1084 593 1084 609 1084 613 1085 597 1085 594 1085 613 1086 600 1086 597 1086 613 1087 594 1087 610 1087 614 1088 595 1088 611 1088 614 1089 598 1089 595 1089 615 1090 599 1090 596 1090 615 1091 596 1091 612 1091 616 1092 600 1092 613 1092 616 1093 603 1093 600 1093 617 1094 601 1094 598 1094 617 1095 598 1095 614 1095 618 1096 599 1096 615 1096 618 1097 602 1097 599 1097 619 1098 603 1098 616 1098 620 1099 601 1099 617 1099 620 1100 604 1100 601 1100 621 1101 602 1101 618 1101 621 1102 605 1102 602 1102 621 1103 606 1103 605 1103 622 1104 610 1104 607 1104 622 1105 607 1105 26 1105 623 1106 603 1106 619 1106 623 1107 608 1107 603 1107 623 1108 611 1108 608 1108 624 1109 604 1109 620 1109 624 1110 609 1110 604 1110 625 1111 610 1111 622 1111 626 1112 611 1112 623 1112 626 1113 614 1113 611 1113 627 1114 609 1114 624 1114 627 1115 612 1115 609 1115 628 1116 613 1116 610 1116 628 1117 610 1117 625 1117 629 1118 614 1118 626 1118 630 1119 612 1119 627 1119 630 1120 615 1120 612 1120 631 1121 616 1121 613 1121 631 1122 613 1122 628 1122 632 1123 617 1123 614 1123 632 1124 614 1124 629 1124 632 1125 620 1125 617 1125 633 1126 618 1126 615 1126 633 1127 615 1127 630 1127 634 1128 619 1128 616 1128 634 1129 616 1129 631 1129 635 1130 624 1130 620 1130 635 1131 620 1131 632 1131 636 1132 621 1132 618 1132 636 1133 606 1133 621 1133 636 1134 618 1134 633 1134 636 1135 637 1135 606 1135 636 1136 638 1136 637 1136 639 1137 26 1137 32 1137 639 1138 175 1138 640 1138 639 1139 32 1139 175 1139 639 1140 625 1140 622 1140 639 1141 622 1141 26 1141 641 1142 623 1142 619 1142 641 1143 619 1143 634 1143 642 1144 624 1144 635 1144 643 1145 639 1145 640 1145 643 1146 625 1146 639 1146 644 1147 626 1147 623 1147 644 1148 623 1148 641 1148 645 1149 627 1149 624 1149 645 1150 624 1150 642 1150 646 1151 643 1151 640 1151 646 1152 640 1152 647 1152 646 1153 647 1153 648 1153 646 1154 631 1154 628 1154 646 1155 625 1155 643 1155 646 1156 628 1156 625 1156 649 1157 629 1157 626 1157 649 1158 626 1158 644 1158 650 1159 630 1159 627 1159 650 1160 627 1160 645 1160 651 1161 634 1161 631 1161 651 1162 648 1162 652 1162 651 1163 646 1163 648 1163 651 1164 631 1164 646 1164 653 1165 632 1165 629 1165 653 1166 629 1166 649 1166 654 1167 630 1167 650 1167 654 1168 633 1168 630 1168 654 1169 636 1169 633 1169 655 1170 651 1170 652 1170 655 1171 634 1171 651 1171 656 1172 632 1172 653 1172 656 1173 635 1173 632 1173 657 1174 636 1174 654 1174 657 1175 638 1175 636 1175 658 1176 634 1176 655 1176 658 1177 655 1177 652 1177 658 1178 644 1178 641 1178 658 1179 652 1179 659 1179 658 1180 659 1180 660 1180 658 1181 641 1181 634 1181 661 1182 635 1182 656 1182 661 1183 642 1183 635 1183 662 1184 658 1184 660 1184 662 1185 644 1185 658 1185 663 1186 642 1186 661 1186 663 1187 645 1187 642 1187 664 1188 662 1188 660 1188 664 1189 644 1189 662 1189 664 1190 660 1190 665 1190 664 1191 649 1191 644 1191 666 1192 650 1192 645 1192 666 1193 645 1193 663 1193 667 1194 664 1194 665 1194 667 1195 649 1195 664 1195 667 1196 665 1196 668 1196 667 1197 668 1197 669 1197 667 1198 653 1198 649 1198 667 1199 656 1199 653 1199 670 1200 654 1200 650 1200 670 1201 650 1201 666 1201 671 1202 667 1202 669 1202 671 1203 669 1203 672 1203 671 1204 656 1204 667 1204 673 1205 657 1205 654 1205 673 1206 638 1206 657 1206 673 1207 654 1207 670 1207 673 1208 674 1208 638 1208 673 1209 675 1209 674 1209 676 1210 661 1210 656 1210 676 1211 663 1211 661 1211 676 1212 656 1212 671 1212 676 1213 671 1213 672 1213 677 1214 663 1214 676 1214 677 1215 672 1215 678 1215 677 1216 676 1216 672 1216 679 1217 663 1217 677 1217 679 1218 677 1218 678 1218 679 1219 678 1219 680 1219 679 1220 680 1220 681 1220 679 1221 666 1221 663 1221 682 1222 670 1222 666 1222 682 1223 673 1223 670 1223 682 1224 666 1224 679 1224 682 1225 679 1225 681 1225 683 1226 675 1226 673 1226 683 1227 681 1227 684 1227 683 1228 684 1228 685 1228 683 1229 682 1229 681 1229 683 1230 673 1230 682 1230 683 1231 685 1231 675 1231 686 1232 687 1232 688 1232 173 1233 689 1233 172 1233 690 1234 691 1234 34 1234 690 1235 34 1235 36 1235 692 1236 693 1236 691 1236 692 1237 691 1237 690 1237 694 1238 695 1238 693 1238 694 1239 693 1239 692 1239 696 1240 697 1240 695 1240 696 1241 695 1241 694 1241 698 1242 699 1242 697 1242 698 1243 697 1243 696 1243 700 1244 36 1244 35 1244 700 1245 690 1245 36 1245 701 1246 702 1246 699 1246 701 1247 699 1247 698 1247 703 1248 692 1248 690 1248 703 1249 690 1249 700 1249 704 1250 705 1250 702 1250 704 1251 702 1251 701 1251 706 1252 694 1252 692 1252 706 1253 692 1253 703 1253 707 1254 708 1254 705 1254 707 1255 705 1255 704 1255 709 1256 694 1256 706 1256 709 1257 696 1257 694 1257 710 1258 711 1258 708 1258 710 1259 708 1259 707 1259 712 1260 696 1260 709 1260 712 1261 698 1261 696 1261 713 1262 714 1262 711 1262 713 1263 711 1263 710 1263 715 1264 35 1264 38 1264 715 1265 700 1265 35 1265 716 1266 701 1266 698 1266 716 1267 698 1267 712 1267 717 1268 718 1268 714 1268 717 1269 714 1269 713 1269 719 1270 700 1270 715 1270 719 1271 703 1271 700 1271 720 1272 704 1272 701 1272 720 1273 701 1273 716 1273 721 1274 722 1274 718 1274 721 1275 718 1275 717 1275 723 1276 706 1276 703 1276 723 1277 703 1277 719 1277 724 1278 707 1278 704 1278 724 1279 704 1279 720 1279 725 1280 726 1280 722 1280 725 1281 722 1281 721 1281 727 1282 706 1282 723 1282 727 1283 709 1283 706 1283 728 1284 707 1284 724 1284 728 1285 710 1285 707 1285 729 1286 726 1286 725 1286 729 1287 730 1287 726 1287 731 1288 709 1288 727 1288 731 1289 712 1289 709 1289 732 1290 710 1290 728 1290 732 1291 713 1291 710 1291 733 1292 688 1292 730 1292 733 1293 686 1293 688 1293 733 1294 730 1294 729 1294 734 1295 38 1295 37 1295 734 1296 715 1296 38 1296 735 1297 712 1297 731 1297 735 1298 716 1298 712 1298 736 1299 717 1299 713 1299 736 1300 713 1300 732 1300 737 1301 719 1301 715 1301 737 1302 715 1302 734 1302 738 1303 720 1303 716 1303 738 1304 716 1304 735 1304 739 1305 721 1305 717 1305 739 1306 717 1306 736 1306 740 1307 719 1307 737 1307 740 1308 723 1308 719 1308 741 1309 720 1309 738 1309 741 1310 724 1310 720 1310 742 1311 725 1311 721 1311 742 1312 721 1312 739 1312 743 1313 727 1313 723 1313 743 1314 723 1314 740 1314 744 1315 728 1315 724 1315 744 1316 724 1316 741 1316 745 1317 729 1317 725 1317 745 1318 725 1318 742 1318 746 1319 731 1319 727 1319 746 1320 727 1320 743 1320 747 1321 732 1321 728 1321 747 1322 728 1322 744 1322 748 1323 729 1323 745 1323 748 1324 749 1324 686 1324 748 1325 733 1325 729 1325 748 1326 686 1326 733 1326 750 1327 37 1327 40 1327 750 1328 734 1328 37 1328 751 1329 735 1329 731 1329 751 1330 731 1330 746 1330 752 1331 732 1331 747 1331 752 1332 736 1332 732 1332 753 1333 734 1333 750 1333 753 1334 737 1334 734 1334 754 1335 735 1335 751 1335 754 1336 738 1336 735 1336 755 1337 736 1337 752 1337 755 1338 739 1338 736 1338 756 1339 740 1339 737 1339 756 1340 737 1340 753 1340 757 1341 738 1341 754 1341 757 1342 741 1342 738 1342 758 1343 742 1343 739 1343 758 1344 745 1344 742 1344 758 1345 739 1345 755 1345 759 1346 740 1346 756 1346 759 1347 743 1347 740 1347 760 1348 744 1348 741 1348 760 1349 741 1349 757 1349 761 1350 745 1350 758 1350 762 1351 743 1351 759 1351 762 1352 746 1352 743 1352 763 1353 744 1353 760 1353 763 1354 747 1354 744 1354 764 1355 748 1355 745 1355 764 1356 749 1356 748 1356 764 1357 745 1357 761 1357 764 1358 765 1358 749 1358 766 1359 40 1359 41 1359 766 1360 750 1360 40 1360 767 1361 751 1361 746 1361 767 1362 746 1362 762 1362 768 1363 752 1363 747 1363 768 1364 747 1364 763 1364 769 1365 750 1365 766 1365 769 1366 753 1366 750 1366 770 1367 754 1367 751 1367 770 1368 757 1368 754 1368 770 1369 751 1369 767 1369 771 1370 755 1370 752 1370 771 1371 752 1371 768 1371 772 1372 756 1372 753 1372 772 1373 753 1373 769 1373 773 1374 757 1374 770 1374 774 1375 758 1375 755 1375 774 1376 755 1376 771 1376 775 1377 759 1377 756 1377 775 1378 756 1378 772 1378 776 1379 760 1379 757 1379 776 1380 763 1380 760 1380 776 1381 757 1381 773 1381 777 1382 758 1382 774 1382 777 1383 761 1383 758 1383 778 1384 759 1384 775 1384 778 1385 762 1385 759 1385 778 1386 767 1386 762 1386 779 1387 768 1387 763 1387 779 1388 763 1388 776 1388 780 1389 764 1389 761 1389 780 1390 765 1390 764 1390 780 1391 781 1391 765 1391 780 1392 761 1392 777 1392 782 1393 41 1393 39 1393 782 1394 766 1394 41 1394 783 1395 770 1395 767 1395 783 1396 767 1396 778 1396 784 1397 768 1397 779 1397 785 1398 769 1398 766 1398 785 1399 766 1399 782 1399 785 1400 772 1400 769 1400 786 1401 770 1401 783 1401 787 1402 768 1402 784 1402 787 1403 771 1403 768 1403 788 1404 772 1404 785 1404 789 1405 773 1405 770 1405 789 1406 776 1406 773 1406 789 1407 770 1407 786 1407 790 1408 771 1408 787 1408 790 1409 777 1409 774 1409 790 1410 774 1410 771 1410 791 1411 772 1411 788 1411 791 1412 775 1412 772 1412 792 1413 776 1413 789 1413 793 1414 777 1414 790 1414 794 1415 775 1415 791 1415 794 1416 778 1416 775 1416 795 1417 776 1417 792 1417 795 1418 779 1418 776 1418 796 1419 780 1419 777 1419 796 1420 781 1420 780 1420 796 1421 777 1421 793 1421 796 1422 797 1422 781 1422 796 1423 798 1423 797 1423 799 1424 39 1424 43 1424 799 1425 782 1425 39 1425 799 1426 785 1426 782 1426 800 1427 778 1427 794 1427 800 1428 783 1428 778 1428 801 1429 779 1429 795 1429 801 1430 784 1430 779 1430 802 1431 785 1431 799 1431 803 1432 786 1432 783 1432 803 1433 783 1433 800 1433 804 1434 784 1434 801 1434 804 1435 787 1435 784 1435 805 1436 785 1436 802 1436 805 1437 788 1437 785 1437 805 1438 791 1438 788 1438 806 1439 789 1439 786 1439 806 1440 786 1440 803 1440 807 1441 790 1441 787 1441 807 1442 787 1442 804 1442 808 1443 791 1443 805 1443 809 1444 792 1444 789 1444 809 1445 789 1445 806 1445 810 1446 793 1446 790 1446 810 1447 790 1447 807 1447 811 1448 800 1448 794 1448 811 1449 794 1449 791 1449 811 1450 791 1450 808 1450 812 1451 795 1451 792 1451 812 1452 792 1452 809 1452 813 1453 796 1453 793 1453 813 1454 798 1454 796 1454 813 1455 793 1455 810 1455 814 1456 43 1456 42 1456 814 1457 799 1457 43 1457 815 1458 800 1458 811 1458 816 1459 801 1459 795 1459 816 1460 795 1460 812 1460 817 1461 802 1461 799 1461 817 1462 799 1462 814 1462 818 1463 803 1463 800 1463 818 1464 800 1464 815 1464 819 1465 804 1465 801 1465 819 1466 801 1466 816 1466 820 1467 802 1467 817 1467 820 1468 805 1468 802 1468 821 1469 803 1469 818 1469 821 1470 806 1470 803 1470 822 1471 804 1471 819 1471 822 1472 807 1472 804 1472 823 1473 805 1473 820 1473 823 1474 808 1474 805 1474 824 1475 809 1475 806 1475 824 1476 812 1476 809 1476 824 1477 806 1477 821 1477 825 1478 807 1478 822 1478 825 1479 810 1479 807 1479 825 1480 813 1480 810 1480 826 1481 808 1481 823 1481 826 1482 811 1482 808 1482 827 1483 812 1483 824 1483 828 1484 813 1484 825 1484 828 1485 829 1485 798 1485 828 1486 830 1486 829 1486 828 1487 798 1487 813 1487 831 1488 42 1488 44 1488 831 1489 817 1489 814 1489 831 1490 814 1490 42 1490 832 1491 811 1491 826 1491 832 1492 815 1492 811 1492 833 1493 812 1493 827 1493 833 1494 816 1494 812 1494 834 1495 817 1495 831 1495 835 1496 815 1496 832 1496 835 1497 818 1497 815 1497 836 1498 822 1498 819 1498 836 1499 816 1499 833 1499 836 1500 819 1500 816 1500 837 1501 817 1501 834 1501 837 1502 820 1502 817 1502 837 1503 823 1503 820 1503 838 1504 821 1504 818 1504 838 1505 818 1505 835 1505 839 1506 822 1506 836 1506 840 1507 823 1507 837 1507 841 1508 824 1508 821 1508 841 1509 821 1509 838 1509 842 1510 822 1510 839 1510 842 1511 825 1511 822 1511 843 1512 826 1512 823 1512 843 1513 832 1513 826 1513 843 1514 823 1514 840 1514 844 1515 827 1515 824 1515 844 1516 824 1516 841 1516 845 1517 825 1517 842 1517 845 1518 828 1518 825 1518 845 1519 846 1519 830 1519 845 1520 830 1520 828 1520 847 1521 831 1521 44 1521 847 1522 44 1522 45 1522 847 1523 45 1523 47 1523 848 1524 832 1524 843 1524 849 1525 833 1525 827 1525 849 1526 827 1526 844 1526 850 1527 831 1527 847 1527 850 1528 834 1528 831 1528 851 1529 835 1529 832 1529 851 1530 832 1530 848 1530 852 1531 836 1531 833 1531 852 1532 833 1532 849 1532 853 1533 837 1533 834 1533 853 1534 834 1534 850 1534 854 1535 841 1535 838 1535 854 1536 838 1536 835 1536 854 1537 835 1537 851 1537 855 1538 839 1538 836 1538 855 1539 836 1539 852 1539 856 1540 840 1540 837 1540 856 1541 837 1541 853 1541 857 1542 841 1542 854 1542 858 1543 839 1543 855 1543 858 1544 842 1544 839 1544 858 1545 845 1545 842 1545 859 1546 843 1546 840 1546 859 1547 840 1547 856 1547 860 1548 841 1548 857 1548 860 1549 844 1549 841 1549 861 1550 845 1550 858 1550 861 1551 846 1551 845 1551 862 1552 847 1552 47 1552 863 1553 843 1553 859 1553 863 1554 848 1554 843 1554 864 1555 844 1555 860 1555 864 1556 849 1556 844 1556 865 1557 847 1557 862 1557 865 1558 850 1558 847 1558 866 1559 851 1559 848 1559 866 1560 848 1560 863 1560 867 1561 849 1561 864 1561 867 1562 852 1562 849 1562 868 1563 856 1563 853 1563 868 1564 850 1564 865 1564 868 1565 853 1565 850 1565 869 1566 851 1566 866 1566 869 1567 854 1567 851 1567 869 1568 857 1568 854 1568 870 1569 858 1569 855 1569 870 1570 852 1570 867 1570 870 1571 855 1571 852 1571 871 1572 856 1572 868 1572 872 1573 857 1573 869 1573 873 1574 858 1574 870 1574 874 1575 863 1575 859 1575 874 1576 856 1576 871 1576 874 1577 859 1577 856 1577 875 1578 860 1578 857 1578 875 1579 857 1579 872 1579 876 1580 861 1580 858 1580 876 1581 846 1581 861 1581 876 1582 877 1582 846 1582 876 1583 858 1583 873 1583 878 1584 47 1584 48 1584 878 1585 48 1585 46 1585 878 1586 862 1586 47 1586 879 1587 863 1587 874 1587 880 1588 864 1588 860 1588 880 1589 867 1589 864 1589 880 1590 860 1590 875 1590 881 1591 865 1591 862 1591 881 1592 862 1592 878 1592 882 1593 866 1593 863 1593 882 1594 863 1594 879 1594 883 1595 867 1595 880 1595 884 1596 868 1596 865 1596 884 1597 865 1597 881 1597 885 1598 869 1598 866 1598 885 1599 872 1599 869 1599 885 1600 866 1600 882 1600 886 1601 867 1601 883 1601 886 1602 873 1602 870 1602 886 1603 870 1603 867 1603 887 1604 871 1604 868 1604 887 1605 868 1605 884 1605 888 1606 872 1606 885 1606 889 1607 873 1607 886 1607 890 1608 874 1608 871 1608 890 1609 871 1609 887 1609 891 1610 872 1610 888 1610 891 1611 875 1611 872 1611 892 1612 873 1612 889 1612 892 1613 893 1613 877 1613 892 1614 876 1614 873 1614 892 1615 877 1615 876 1615 894 1616 878 1616 46 1616 894 1617 46 1617 50 1617 895 1618 879 1618 874 1618 895 1619 874 1619 890 1619 896 1620 875 1620 891 1620 896 1621 880 1621 875 1621 897 1622 878 1622 894 1622 897 1623 881 1623 878 1623 898 1624 879 1624 895 1624 898 1625 882 1625 879 1625 898 1626 885 1626 882 1626 899 1627 880 1627 896 1627 899 1628 883 1628 880 1628 900 1629 887 1629 884 1629 900 1630 881 1630 897 1630 900 1631 884 1631 881 1631 901 1632 885 1632 898 1632 902 1633 889 1633 886 1633 902 1634 883 1634 899 1634 902 1635 886 1635 883 1635 903 1636 887 1636 900 1636 904 1637 885 1637 901 1637 904 1638 888 1638 885 1638 905 1639 889 1639 902 1639 906 1640 887 1640 903 1640 906 1641 890 1641 887 1641 907 1642 891 1642 888 1642 907 1643 888 1643 904 1643 908 1644 892 1644 889 1644 908 1645 893 1645 892 1645 908 1646 889 1646 905 1646 908 1647 909 1647 893 1647 910 1648 894 1648 50 1648 911 1649 895 1649 890 1649 911 1650 890 1650 906 1650 911 1651 898 1651 895 1651 912 1652 896 1652 891 1652 912 1653 891 1653 907 1653 913 1654 900 1654 897 1654 913 1655 897 1655 894 1655 913 1656 894 1656 910 1656 914 1657 901 1657 898 1657 914 1658 898 1658 911 1658 915 1659 899 1659 896 1659 915 1660 896 1660 912 1660 916 1661 900 1661 913 1661 917 1662 901 1662 914 1662 918 1663 902 1663 899 1663 918 1664 899 1664 915 1664 919 1665 903 1665 900 1665 919 1666 900 1666 916 1666 919 1667 906 1667 903 1667 920 1668 904 1668 901 1668 920 1669 901 1669 917 1669 921 1670 905 1670 902 1670 921 1671 902 1671 918 1671 922 1672 906 1672 919 1672 923 1673 907 1673 904 1673 923 1674 904 1674 920 1674 923 1675 912 1675 907 1675 924 1676 908 1676 905 1676 924 1677 909 1677 908 1677 924 1678 925 1678 909 1678 924 1679 905 1679 921 1679 926 1680 50 1680 51 1680 926 1681 51 1681 49 1681 926 1682 910 1682 50 1682 927 1683 914 1683 911 1683 927 1684 911 1684 906 1684 927 1685 906 1685 922 1685 928 1686 912 1686 923 1686 929 1687 910 1687 926 1687 929 1688 913 1688 910 1688 930 1689 914 1689 927 1689 931 1690 912 1690 928 1690 931 1691 918 1691 915 1691 931 1692 915 1692 912 1692 932 1693 913 1693 929 1693 932 1694 916 1694 913 1694 933 1695 914 1695 930 1695 933 1696 917 1696 914 1696 933 1697 920 1697 917 1697 934 1698 918 1698 931 1698 935 1699 916 1699 932 1699 935 1700 919 1700 916 1700 936 1701 920 1701 933 1701 937 1702 924 1702 921 1702 937 1703 921 1703 918 1703 937 1704 918 1704 934 1704 938 1705 919 1705 935 1705 938 1706 922 1706 919 1706 939 1707 928 1707 923 1707 939 1708 920 1708 936 1708 939 1709 923 1709 920 1709 940 1710 925 1710 924 1710 940 1711 924 1711 937 1711 940 1712 941 1712 925 1712 940 1713 942 1713 941 1713 943 1714 926 1714 49 1714 944 1715 922 1715 938 1715 944 1716 927 1716 922 1716 945 1717 928 1717 939 1717 946 1718 926 1718 943 1718 946 1719 929 1719 926 1719 946 1720 932 1720 929 1720 947 1721 930 1721 927 1721 947 1722 927 1722 944 1722 948 1723 934 1723 931 1723 948 1724 928 1724 945 1724 948 1725 931 1725 928 1725 949 1726 932 1726 946 1726 950 1727 933 1727 930 1727 950 1728 930 1728 947 1728 951 1729 934 1729 948 1729 952 1730 935 1730 932 1730 952 1731 938 1731 935 1731 952 1732 932 1732 949 1732 953 1733 936 1733 933 1733 953 1734 933 1734 950 1734 954 1735 934 1735 951 1735 954 1736 937 1736 934 1736 955 1737 938 1737 952 1737 956 1738 939 1738 936 1738 956 1739 945 1739 939 1739 956 1740 936 1740 953 1740 957 1741 940 1741 937 1741 957 1742 942 1742 940 1742 957 1743 937 1743 954 1743 958 1744 49 1744 52 1744 958 1745 52 1745 53 1745 958 1746 943 1746 49 1746 959 1747 947 1747 944 1747 959 1748 944 1748 938 1748 959 1749 938 1749 955 1749 960 1750 945 1750 956 1750 961 1751 943 1751 958 1751 961 1752 946 1752 943 1752 962 1753 947 1753 959 1753 963 1754 948 1754 945 1754 963 1755 945 1755 960 1755 964 1756 946 1756 961 1756 964 1757 949 1757 946 1757 965 1758 950 1758 947 1758 965 1759 953 1759 950 1759 965 1760 947 1760 962 1760 966 1761 948 1761 963 1761 966 1762 951 1762 948 1762 967 1763 952 1763 949 1763 967 1764 949 1764 964 1764 968 1765 953 1765 965 1765 969 1766 951 1766 966 1766 969 1767 954 1767 951 1767 970 1768 952 1768 967 1768 970 1769 955 1769 952 1769 971 1770 956 1770 953 1770 971 1771 953 1771 968 1771 972 1772 954 1772 969 1772 972 1773 973 1773 942 1773 972 1774 942 1774 957 1774 972 1775 957 1775 954 1775 974 1776 958 1776 53 1776 975 1777 955 1777 970 1777 975 1778 959 1778 955 1778 976 1779 963 1779 960 1779 976 1780 956 1780 971 1780 976 1781 960 1781 956 1781 977 1782 961 1782 958 1782 977 1783 958 1783 974 1783 977 1784 964 1784 961 1784 978 1785 962 1785 959 1785 978 1786 959 1786 975 1786 979 1787 963 1787 976 1787 980 1788 964 1788 977 1788 980 1789 967 1789 964 1789 981 1790 962 1790 978 1790 981 1791 965 1791 962 1791 982 1792 963 1792 979 1792 982 1793 966 1793 963 1793 983 1794 967 1794 980 1794 984 1795 968 1795 965 1795 984 1796 965 1796 981 1796 985 1797 972 1797 969 1797 985 1798 969 1798 966 1798 985 1799 966 1799 982 1799 986 1800 970 1800 967 1800 986 1801 967 1801 983 1801 986 1802 975 1802 970 1802 987 1803 971 1803 968 1803 987 1804 976 1804 971 1804 987 1805 968 1805 984 1805 988 1806 973 1806 972 1806 988 1807 972 1807 985 1807 988 1808 989 1808 973 1808 990 1809 53 1809 54 1809 990 1810 54 1810 55 1810 990 1811 974 1811 53 1811 991 1812 975 1812 986 1812 992 1813 976 1813 987 1813 993 1814 977 1814 974 1814 993 1815 974 1815 990 1815 994 1816 978 1816 975 1816 994 1817 975 1817 991 1817 995 1818 979 1818 976 1818 995 1819 976 1819 992 1819 996 1820 980 1820 977 1820 996 1821 977 1821 993 1821 997 1822 981 1822 978 1822 997 1823 978 1823 994 1823 998 1824 982 1824 979 1824 998 1825 979 1825 995 1825 999 1826 980 1826 996 1826 999 1827 983 1827 980 1827 1000 1828 981 1828 997 1828 1000 1829 984 1829 981 1829 1001 1830 982 1830 998 1830 1001 1831 985 1831 982 1831 1002 1832 983 1832 999 1832 1002 1833 986 1833 983 1833 1003 1834 984 1834 1000 1834 1003 1835 987 1835 984 1835 1004 1836 985 1836 1001 1836 1004 1837 1005 1837 989 1837 1004 1838 988 1838 985 1838 1004 1839 989 1839 988 1839 1006 1840 990 1840 55 1840 1007 1841 986 1841 1002 1841 1007 1842 991 1842 986 1842 1007 1843 994 1843 991 1843 1008 1844 987 1844 1003 1844 1008 1845 992 1845 987 1845 1009 1846 996 1846 993 1846 1009 1847 993 1847 990 1847 1009 1848 990 1848 1006 1848 1010 1849 994 1849 1007 1849 1011 1850 992 1850 1008 1850 1011 1851 995 1851 992 1851 1012 1852 999 1852 996 1852 1012 1853 996 1853 1009 1853 1013 1854 994 1854 1010 1854 1013 1855 1000 1855 997 1855 1013 1856 997 1856 994 1856 1014 1857 995 1857 1011 1857 1014 1858 998 1858 995 1858 1015 1859 999 1859 1012 1859 1016 1860 1000 1860 1013 1860 1017 1861 1001 1861 998 1861 1017 1862 998 1862 1014 1862 1018 1863 1002 1863 999 1863 1018 1864 1007 1864 1002 1864 1018 1865 999 1865 1015 1865 1019 1866 1003 1866 1000 1866 1019 1867 1000 1867 1016 1867 1020 1868 1004 1868 1001 1868 1020 1869 1005 1869 1004 1869 1020 1870 1001 1870 1017 1870 1020 1871 1021 1871 1005 1871 1022 1872 55 1872 57 1872 1022 1873 1009 1873 1006 1873 1022 1874 1006 1874 55 1874 1023 1875 1010 1875 1007 1875 1023 1876 1007 1876 1018 1876 1024 1877 1008 1877 1003 1877 1024 1878 1011 1878 1008 1878 1024 1879 1003 1879 1019 1879 1025 1880 1009 1880 1022 1880 1026 1881 1010 1881 1023 1881 1027 1882 1014 1882 1011 1882 1027 1883 1011 1883 1024 1883 1028 1884 1012 1884 1009 1884 1028 1885 1009 1885 1025 1885 1029 1886 1013 1886 1010 1886 1029 1887 1016 1887 1013 1887 1029 1888 1010 1888 1026 1888 1030 1889 1014 1889 1027 1889 1031 1890 1015 1890 1012 1890 1031 1891 1012 1891 1028 1891 1032 1892 1016 1892 1029 1892 1033 1893 1014 1893 1030 1893 1033 1894 1017 1894 1014 1894 1033 1895 1020 1895 1017 1895 1034 1896 1015 1896 1031 1896 1034 1897 1018 1897 1015 1897 1035 1898 1016 1898 1032 1898 1035 1899 1019 1899 1016 1899 1036 1900 1020 1900 1033 1900 1036 1901 1021 1901 1020 1901 1036 1902 1037 1902 1021 1902 1038 1903 1022 1903 57 1903 1038 1904 57 1904 56 1904 1039 1905 1023 1905 1018 1905 1039 1906 1018 1906 1034 1906 1040 1907 1019 1907 1035 1907 1040 1908 1024 1908 1019 1908 1040 1909 1027 1909 1024 1909 1041 1910 1022 1910 1038 1910 1041 1911 1025 1911 1022 1911 1041 1912 1028 1912 1025 1912 1042 1913 1023 1913 1039 1913 1042 1914 1026 1914 1023 1914 1043 1915 1030 1915 1027 1915 1043 1916 1027 1916 1040 1916 1044 1917 1028 1917 1041 1917 1045 1918 1026 1918 1042 1918 1045 1919 1029 1919 1026 1919 1046 1920 1030 1920 1043 1920 1047 1921 1031 1921 1028 1921 1047 1922 1028 1922 1044 1922 1048 1923 1029 1923 1045 1923 1048 1924 1032 1924 1029 1924 1049 1925 1033 1925 1030 1925 1049 1926 1030 1926 1046 1926 1050 1927 1034 1927 1031 1927 1050 1928 1031 1928 1047 1928 1050 1929 1039 1929 1034 1929 1051 1930 1040 1930 1035 1930 1051 1931 1032 1931 1048 1931 1051 1932 1035 1932 1032 1932 1052 1933 1037 1933 1036 1933 1052 1934 1033 1934 1049 1934 1052 1935 1036 1935 1033 1935 1052 1936 1053 1936 1037 1936 1054 1937 1038 1937 56 1937 1054 1938 1041 1938 1038 1938 1054 1939 56 1939 59 1939 1055 1940 1039 1940 1050 1940 1056 1941 1040 1941 1051 1941 1057 1942 1041 1942 1054 1942 1058 1943 1042 1943 1039 1943 1058 1944 1039 1944 1055 1944 1059 1945 1043 1945 1040 1945 1059 1946 1040 1946 1056 1946 1060 1947 1044 1947 1041 1947 1060 1948 1041 1948 1057 1948 1061 1949 1045 1949 1042 1949 1061 1950 1042 1950 1058 1950 1062 1951 1046 1951 1043 1951 1062 1952 1043 1952 1059 1952 1063 1953 1047 1953 1044 1953 1063 1954 1044 1954 1060 1954 1064 1955 1048 1955 1045 1955 1064 1956 1045 1956 1061 1956 1065 1957 1046 1957 1062 1957 1065 1958 1049 1958 1046 1958 1065 1959 1052 1959 1049 1959 1066 1960 1050 1960 1047 1960 1066 1961 1047 1961 1063 1961 1067 1962 1051 1962 1048 1962 1067 1963 1048 1963 1064 1963 1068 1964 1052 1964 1065 1964 1068 1965 1053 1965 1052 1965 1068 1966 1069 1966 1053 1966 1070 1967 59 1967 58 1967 1070 1968 1054 1968 59 1968 1071 1969 1050 1969 1066 1969 1071 1970 1055 1970 1050 1970 1072 1971 1051 1971 1067 1971 1072 1972 1056 1972 1051 1972 1073 1973 1054 1973 1070 1973 1073 1974 1057 1974 1054 1974 1074 1975 1055 1975 1071 1975 1074 1976 1058 1976 1055 1976 1075 1977 1059 1977 1056 1977 1075 1978 1056 1978 1072 1978 1076 1979 1057 1979 1073 1979 1076 1980 1063 1980 1060 1980 1076 1981 1060 1981 1057 1981 1077 1982 1058 1982 1074 1982 1077 1983 1061 1983 1058 1983 1078 1984 1059 1984 1075 1984 1078 1985 1062 1985 1059 1985 1079 1986 1063 1986 1076 1986 1080 1987 1064 1987 1061 1987 1080 1988 1061 1988 1077 1988 1081 1989 1062 1989 1078 1989 1081 1990 1065 1990 1062 1990 1082 1991 1071 1991 1066 1991 1082 1992 1063 1992 1079 1992 1082 1993 1066 1993 1063 1993 1083 1994 1064 1994 1080 1994 1083 1995 1067 1995 1064 1995 1084 1996 1069 1996 1068 1996 1084 1997 1065 1997 1081 1997 1084 1998 1068 1998 1065 1998 1084 1999 1085 1999 1069 1999 1084 2000 1086 2000 1085 2000 1087 2001 1070 2001 58 2001 1087 2002 58 2002 61 2002 1088 2003 1074 2003 1071 2003 1088 2004 1071 2004 1082 2004 1089 2005 1067 2005 1083 2005 1089 2006 1072 2006 1067 2006 1089 2007 1075 2007 1072 2007 1090 2008 1070 2008 1087 2008 1090 2009 1073 2009 1070 2009 1091 2010 1074 2010 1088 2010 1092 2011 1075 2011 1089 2011 1093 2012 1076 2012 1073 2012 1093 2013 1073 2013 1090 2013 1094 2014 1077 2014 1074 2014 1094 2015 1080 2015 1077 2015 1094 2016 1074 2016 1091 2016 1095 2017 1078 2017 1075 2017 1095 2018 1075 2018 1092 2018 1096 2019 1079 2019 1076 2019 1096 2020 1076 2020 1093 2020 1097 2021 1080 2021 1094 2021 1098 2022 1081 2022 1078 2022 1098 2023 1084 2023 1081 2023 1098 2024 1078 2024 1095 2024 1099 2025 1082 2025 1079 2025 1099 2026 1079 2026 1096 2026 1100 2027 1083 2027 1080 2027 1100 2028 1080 2028 1097 2028 1101 2029 1086 2029 1084 2029 1101 2030 1084 2030 1098 2030 1102 2031 61 2031 60 2031 1102 2032 60 2032 63 2032 1102 2033 1087 2033 61 2033 1102 2034 1090 2034 1087 2034 1103 2035 1088 2035 1082 2035 1103 2036 1082 2036 1099 2036 1104 2037 1089 2037 1083 2037 1104 2038 1083 2038 1100 2038 1105 2039 1090 2039 1102 2039 1106 2040 1091 2040 1088 2040 1106 2041 1094 2041 1091 2041 1106 2042 1088 2042 1103 2042 1107 2043 1092 2043 1089 2043 1107 2044 1089 2044 1104 2044 1108 2045 1090 2045 1105 2045 1108 2046 1093 2046 1090 2046 1108 2047 1096 2047 1093 2047 1109 2048 1094 2048 1106 2048 1110 2049 1092 2049 1107 2049 1110 2050 1095 2050 1092 2050 1110 2051 1098 2051 1095 2051 1111 2052 1096 2052 1108 2052 1111 2053 1099 2053 1096 2053 1112 2054 1094 2054 1109 2054 1112 2055 1097 2055 1094 2055 1113 2056 1098 2056 1110 2056 1114 2057 1099 2057 1111 2057 1115 2058 1097 2058 1112 2058 1115 2059 1100 2059 1097 2059 1115 2060 1104 2060 1100 2060 1116 2061 1101 2061 1098 2061 1116 2062 1098 2062 1113 2062 1116 2063 1117 2063 1086 2063 1116 2064 1118 2064 1117 2064 1116 2065 1086 2065 1101 2065 1119 2066 1102 2066 63 2066 1119 2067 1105 2067 1102 2067 1120 2068 1099 2068 1114 2068 1120 2069 1103 2069 1099 2069 1120 2070 1106 2070 1103 2070 1121 2071 1104 2071 1115 2071 1122 2072 1105 2072 1119 2072 1123 2073 1109 2073 1106 2073 1123 2074 1106 2074 1120 2074 1124 2075 1107 2075 1104 2075 1124 2076 1104 2076 1121 2076 1125 2077 1108 2077 1105 2077 1125 2078 1105 2078 1122 2078 1126 2079 1109 2079 1123 2079 1127 2080 1110 2080 1107 2080 1127 2081 1107 2081 1124 2081 1128 2082 1111 2082 1108 2082 1128 2083 1108 2083 1125 2083 1129 2084 1112 2084 1109 2084 1129 2085 1109 2085 1126 2085 1130 2086 1116 2086 1113 2086 1130 2087 1110 2087 1127 2087 1130 2088 1113 2088 1110 2088 1131 2089 1111 2089 1128 2089 1131 2090 1114 2090 1111 2090 1132 2091 1115 2091 1112 2091 1132 2092 1112 2092 1129 2092 1133 2093 1118 2093 1116 2093 1133 2094 1116 2094 1130 2094 1134 2095 1119 2095 63 2095 1134 2096 63 2096 62 2096 1135 2097 1120 2097 1114 2097 1135 2098 1114 2098 1131 2098 1136 2099 1121 2099 1115 2099 1136 2100 1115 2100 1132 2100 1137 2101 1122 2101 1119 2101 1137 2102 1119 2102 1134 2102 1138 2103 1123 2103 1120 2103 1138 2104 1120 2104 1135 2104 1139 2105 1124 2105 1121 2105 1139 2106 1121 2106 1136 2106 1140 2107 1125 2107 1122 2107 1140 2108 1122 2108 1137 2108 1140 2109 1128 2109 1125 2109 1141 2110 1126 2110 1123 2110 1141 2111 1123 2111 1138 2111 1142 2112 1127 2112 1124 2112 1142 2113 1130 2113 1127 2113 1142 2114 1124 2114 1139 2114 1143 2115 1128 2115 1140 2115 1144 2116 1126 2116 1141 2116 1144 2117 1129 2117 1126 2117 1145 2118 1130 2118 1142 2118 1145 2119 1133 2119 1130 2119 1146 2120 1131 2120 1128 2120 1146 2121 1128 2121 1143 2121 1147 2122 1129 2122 1144 2122 1147 2123 1136 2123 1132 2123 1147 2124 1132 2124 1129 2124 1148 2125 1133 2125 1145 2125 1148 2126 1118 2126 1133 2126 1148 2127 1149 2127 1118 2127 1148 2128 1150 2128 1149 2128 1151 2129 62 2129 64 2129 1151 2130 1137 2130 1134 2130 1151 2131 1134 2131 62 2131 1152 2132 1131 2132 1146 2132 1152 2133 1135 2133 1131 2133 1153 2134 1136 2134 1147 2134 1154 2135 1137 2135 1151 2135 1155 2136 1135 2136 1152 2136 1155 2137 1138 2137 1135 2137 1156 2138 1139 2138 1136 2138 1156 2139 1136 2139 1153 2139 1157 2140 1143 2140 1140 2140 1157 2141 1137 2141 1154 2141 1157 2142 1140 2142 1137 2142 1158 2143 1138 2143 1155 2143 1158 2144 1141 2144 1138 2144 1159 2145 1142 2145 1139 2145 1159 2146 1139 2146 1156 2146 1160 2147 1146 2147 1143 2147 1160 2148 1143 2148 1157 2148 1161 2149 1144 2149 1141 2149 1161 2150 1141 2150 1158 2150 1162 2151 1145 2151 1142 2151 1162 2152 1142 2152 1159 2152 1163 2153 1146 2153 1160 2153 1164 2154 1144 2154 1161 2154 1164 2155 1147 2155 1144 2155 1165 2156 1150 2156 1148 2156 1165 2157 1145 2157 1162 2157 1165 2158 1148 2158 1145 2158 1166 2159 64 2159 65 2159 1166 2160 65 2160 66 2160 1166 2161 66 2161 158 2161 1166 2162 1151 2162 64 2162 1167 2163 1155 2163 1152 2163 1167 2164 1152 2164 1146 2164 1167 2165 1146 2165 1163 2165 1168 2166 1153 2166 1147 2166 1168 2167 1147 2167 1164 2167 1169 2168 158 2168 159 2168 1169 2169 1154 2169 1151 2169 1169 2170 1166 2170 158 2170 1169 2171 1151 2171 1166 2171 1170 2172 1155 2172 1167 2172 1171 2173 1153 2173 1168 2173 1171 2174 1156 2174 1153 2174 1172 2175 1157 2175 1154 2175 1172 2176 159 2176 160 2176 1172 2177 1169 2177 159 2177 1172 2178 1154 2178 1169 2178 1173 2179 1158 2179 1155 2179 1173 2180 1155 2180 1170 2180 1174 2181 1159 2181 1156 2181 1174 2182 1156 2182 1171 2182 1175 2183 1172 2183 160 2183 1175 2184 160 2184 161 2184 1175 2185 161 2185 162 2185 1175 2186 1160 2186 1157 2186 1175 2187 1157 2187 1172 2187 1176 2188 1164 2188 1161 2188 1176 2189 1161 2189 1158 2189 1176 2190 1158 2190 1173 2190 1177 2191 1159 2191 1174 2191 1177 2192 1162 2192 1159 2192 1178 2193 1175 2193 162 2193 1178 2194 1160 2194 1175 2194 1178 2195 1163 2195 1160 2195 1179 2196 1164 2196 1176 2196 1180 2197 1162 2197 1177 2197 1180 2198 1150 2198 1165 2198 1180 2199 1165 2199 1162 2199 1180 2200 1181 2200 1150 2200 1180 2201 1182 2201 1181 2201 1183 2202 1163 2202 1178 2202 1183 2203 162 2203 163 2203 1183 2204 1178 2204 162 2204 1183 2205 1167 2205 1163 2205 1184 2206 1164 2206 1179 2206 1184 2207 1168 2207 1164 2207 1184 2208 1171 2208 1168 2208 1185 2209 1183 2209 163 2209 1185 2210 1167 2210 1183 2210 1185 2211 163 2211 164 2211 1185 2212 1170 2212 1167 2212 1186 2213 1171 2213 1184 2213 1187 2214 1185 2214 164 2214 1187 2215 1170 2215 1185 2215 1187 2216 164 2216 165 2216 1187 2217 1173 2217 1170 2217 1188 2218 1177 2218 1174 2218 1188 2219 1174 2219 1171 2219 1188 2220 1171 2220 1186 2220 1189 2221 1176 2221 1173 2221 1189 2222 1173 2222 1187 2222 1189 2223 1187 2223 165 2223 1189 2224 165 2224 166 2224 1190 2225 1177 2225 1188 2225 1191 2226 1189 2226 166 2226 1191 2227 1176 2227 1189 2227 1191 2228 166 2228 167 2228 1191 2229 1179 2229 1176 2229 1192 2230 1182 2230 1180 2230 1192 2231 1180 2231 1177 2231 1192 2232 1177 2232 1190 2232 1193 2233 1184 2233 1179 2233 1193 2234 1191 2234 167 2234 1193 2235 1179 2235 1191 2235 1193 2236 167 2236 168 2236 1194 2237 1186 2237 1184 2237 1194 2238 1184 2238 1193 2238 1194 2239 168 2239 169 2239 1194 2240 169 2240 170 2240 1194 2241 1193 2241 168 2241 1195 2242 1188 2242 1186 2242 1195 2243 1186 2243 1194 2243 1195 2244 1194 2244 170 2244 1195 2245 170 2245 171 2245 1196 2246 1190 2246 1188 2246 1196 2247 1188 2247 1195 2247 1196 2248 1195 2248 171 2248 1197 2249 1182 2249 1192 2249 1197 2250 1192 2250 1190 2250 1197 2251 1190 2251 1196 2251 1197 2252 171 2252 172 2252 1197 2253 1196 2253 171 2253 1197 2254 172 2254 689 2254 1197 2255 689 2255 1182 2255 31 2256 34 2256 175 2256 175 2257 691 2257 640 2257 34 2258 691 2258 175 2258 640 2259 693 2259 647 2259 691 2260 693 2260 640 2260 647 2261 695 2261 648 2261 693 2262 695 2262 647 2262 648 2263 697 2263 652 2263 695 2264 697 2264 648 2264 652 2265 699 2265 659 2265 697 2266 699 2266 652 2266 659 2267 702 2267 660 2267 699 2268 702 2268 659 2268 660 2269 705 2269 665 2269 702 2270 705 2270 660 2270 665 2271 708 2271 668 2271 705 2272 708 2272 665 2272 668 2273 711 2273 669 2273 708 2274 711 2274 668 2274 669 2275 714 2275 672 2275 711 2276 714 2276 669 2276 672 2277 718 2277 678 2277 714 2278 718 2278 672 2278 678 2279 722 2279 680 2279 718 2280 722 2280 678 2280 680 2281 726 2281 681 2281 722 2282 726 2282 680 2282 681 2283 730 2283 684 2283 726 2284 730 2284 681 2284 684 2285 688 2285 685 2285 730 2286 688 2286 684 2286 688 2287 687 2287 685 2287 1198 2288 87 2288 157 2288 82 2289 87 2289 1198 2289 82 2290 1198 2290 1199 2290 83 2291 1199 2291 1200 2291 83 2292 82 2292 1199 2292 77 2293 1200 2293 1201 2293 77 2294 83 2294 1200 2294 78 2295 1201 2295 1202 2295 78 2296 77 2296 1201 2296 76 2297 1202 2297 1203 2297 76 2298 78 2298 1202 2298 72 2299 1203 2299 1204 2299 72 2300 76 2300 1203 2300 73 2301 1204 2301 1205 2301 73 2302 72 2302 1204 2302 71 2303 1205 2303 1206 2303 71 2304 73 2304 1205 2304 70 2305 1206 2305 1207 2305 70 2306 71 2306 1206 2306 68 2307 1207 2307 1208 2307 68 2308 70 2308 1207 2308 69 2309 1208 2309 1209 2309 69 2310 68 2310 1208 2310 74 2311 1209 2311 1210 2311 74 2312 69 2312 1209 2312 75 2313 1210 2313 1211 2313 75 2314 74 2314 1210 2314 79 2315 1211 2315 1212 2315 79 2316 75 2316 1211 2316 81 2317 1212 2317 1213 2317 81 2318 79 2318 1212 2318 80 2319 1213 2319 1214 2319 80 2320 81 2320 1213 2320 84 2321 80 2321 1214 2321 1215 2322 1216 2322 1217 2322 1217 2323 1218 2323 1219 2323 1219 2324 1218 2324 1220 2324 1220 2325 1218 2325 1221 2325 1216 2326 1218 2326 1217 2326 1222 2327 1223 2327 1224 2327 1225 2328 1226 2328 1218 2328 1218 2329 1226 2329 1221 2329 1221 2330 1227 2330 1222 2330 1223 2331 1227 2331 1228 2331 1228 2332 1227 2332 1229 2332 1222 2333 1227 2333 1223 2333 1230 2334 1231 2334 1232 2334 1232 2335 1231 2335 1226 2335 1221 2336 1233 2336 1227 2336 1227 2337 1233 2337 1234 2337 1234 2338 1233 2338 1235 2338 1236 2339 1237 2339 1238 2339 1239 2340 1240 2340 1237 2340 1237 2341 1240 2341 1238 2341 1233 2342 1241 2342 1242 2342 1242 2343 1241 2343 1243 2343 1244 2344 1245 2344 1240 2344 1231 2345 1245 2345 1226 2345 1238 2346 1245 2346 1231 2346 1240 2347 1245 2347 1238 2347 1221 2348 1246 2348 1233 2348 1245 2349 1246 2349 1226 2349 1233 2350 1246 2350 1241 2350 1241 2351 1246 2351 1247 2351 1226 2352 1246 2352 1221 2352 1245 2353 106 2353 1246 2353 1248 2354 1249 2354 1250 2354 1249 2355 1251 2355 1252 2355 1248 2356 1253 2356 1249 2356 1249 2357 1253 2357 1251 2357 1253 2358 1254 2358 1255 2358 1255 2359 1254 2359 1256 2359 1256 2360 1254 2360 1257 2360 1254 2361 1258 2361 1259 2361 1253 2362 1258 2362 1254 2362 1253 2363 1260 2363 1258 2363 1253 2364 1261 2364 1260 2364 1248 2365 1262 2365 1253 2365 1253 2366 1262 2366 1261 2366 1262 2367 1263 2367 1264 2367 1248 2368 1265 2368 1262 2368 1262 2369 1265 2369 1263 2369 1248 2370 1266 2370 1265 2370 1266 2371 1267 2371 1268 2371 1248 2372 1267 2372 1266 2372 1248 2373 1269 2373 1267 2373 1269 2374 1270 2374 1271 2374 1270 2375 1272 2375 1273 2375 1248 2376 1272 2376 1269 2376 1269 2377 1272 2377 1270 2377 1248 2378 1274 2378 1272 2378 1274 2379 1275 2379 1276 2379 1248 2380 1275 2380 1274 2380 1275 2381 1277 2381 1278 2381 1248 2382 1277 2382 1275 2382 1248 2383 1279 2383 1277 2383 1248 2384 1214 2384 1279 2384 1248 2385 84 2385 1214 2385 1246 2386 84 2386 1248 2386 106 2387 84 2387 1246 2387 1280 2388 123 2388 122 2388 1280 2389 1281 2389 123 2389 1282 2390 122 2390 121 2390 1282 2391 1280 2391 122 2391 1283 2392 121 2392 120 2392 1283 2393 1282 2393 121 2393 1284 2394 120 2394 119 2394 1284 2395 1283 2395 120 2395 1285 2396 119 2396 117 2396 1285 2397 1284 2397 119 2397 1286 2398 117 2398 116 2398 1286 2399 1285 2399 117 2399 1287 2400 116 2400 118 2400 1287 2401 1286 2401 116 2401 1288 2402 118 2402 115 2402 1288 2403 1287 2403 118 2403 1289 2404 115 2404 114 2404 1289 2405 1288 2405 115 2405 1290 2406 114 2406 113 2406 1290 2407 1289 2407 114 2407 1291 2408 113 2408 112 2408 1291 2409 1290 2409 113 2409 1292 2410 112 2410 111 2410 1292 2411 1291 2411 112 2411 1293 2412 111 2412 109 2412 1293 2413 1292 2413 111 2413 1294 2414 109 2414 108 2414 1294 2415 1293 2415 109 2415 1295 2416 108 2416 110 2416 1295 2417 1294 2417 108 2417 1245 2418 1295 2418 110 2418 1245 2419 110 2419 106 2419 173 2420 123 2420 1281 2420 125 2421 123 2421 173 2421 103 2422 85 2422 1296 2422 1296 2423 85 2423 1297 2423 1298 2424 1299 2424 1300 2424 1300 2425 1301 2425 1298 2425 1298 2426 1302 2426 1299 2426 1301 2427 1303 2427 1298 2427 1298 2428 1304 2428 1302 2428 1303 2429 1305 2429 1298 2429 1298 2430 1306 2430 1304 2430 1305 2431 1307 2431 1298 2431 1298 2432 1308 2432 1306 2432 1307 2433 1309 2433 1298 2433 1298 2434 1310 2434 1308 2434 1309 2435 1311 2435 1298 2435 1298 2436 1312 2436 1310 2436 1311 2437 1313 2437 1298 2437 1298 2438 1314 2438 1312 2438 1313 2439 1315 2439 1298 2439 1298 2440 1316 2440 1314 2440 1315 2441 1317 2441 1298 2441 1298 2442 1318 2442 1316 2442 1317 2443 1319 2443 1298 2443 1298 2444 1320 2444 1318 2444 1319 2445 1321 2445 1298 2445 1298 2446 1322 2446 1320 2446 1321 2447 1323 2447 1298 2447 1298 2448 1324 2448 1322 2448 1323 2449 1325 2449 1298 2449 1298 2450 1326 2450 1324 2450 1325 2451 1327 2451 1298 2451 1298 2452 1328 2452 1326 2452 1327 2453 1329 2453 1298 2453 1298 2454 1330 2454 1328 2454 1331 2455 104 2455 1332 2455 1333 2456 104 2456 1331 2456 1334 2457 104 2457 1333 2457 1335 2458 104 2458 1334 2458 1336 2459 104 2459 1335 2459 1337 2460 104 2460 1336 2460 1338 2461 104 2461 1337 2461 1339 2462 104 2462 1338 2462 1340 2463 104 2463 1339 2463 1341 2464 104 2464 1340 2464 1330 2465 104 2465 1341 2465 1298 2466 104 2466 1330 2466 104 2467 1342 2467 1332 2467 104 2468 1343 2468 1342 2468 104 2469 1344 2469 1343 2469 104 2470 1345 2470 1344 2470 104 2471 1346 2471 1345 2471 104 2472 1347 2472 1346 2472 104 2473 1348 2473 1347 2473 104 2474 1349 2474 1348 2474 104 2475 1350 2475 1349 2475 1351 2476 1296 2476 1352 2476 1353 2477 1296 2477 1351 2477 1354 2478 1296 2478 1353 2478 1355 2479 1296 2479 1354 2479 1356 2480 1296 2480 1355 2480 1357 2481 1296 2481 1356 2481 1358 2482 1296 2482 1357 2482 1359 2483 1296 2483 1358 2483 1360 2484 1296 2484 1359 2484 1361 2485 1296 2485 1360 2485 1362 2486 1296 2486 1361 2486 1363 2487 1296 2487 1362 2487 1364 2488 1296 2488 1363 2488 1365 2489 1296 2489 1364 2489 1366 2490 1296 2490 1365 2490 1367 2491 1296 2491 1366 2491 1368 2492 1296 2492 1367 2492 1369 2493 1296 2493 1368 2493 1370 2494 1296 2494 1369 2494 1329 2495 1296 2495 1298 2495 1371 2496 1296 2496 1329 2496 1352 2497 1296 2497 1371 2497 104 2498 1372 2498 1350 2498 1370 2499 1373 2499 1296 2499 104 2500 1374 2500 1372 2500 1373 2501 1375 2501 1296 2501 104 2502 1376 2502 1374 2502 1375 2503 1377 2503 1296 2503 104 2504 1378 2504 1376 2504 1377 2505 1379 2505 1296 2505 104 2506 1380 2506 1378 2506 1379 2507 1381 2507 1296 2507 104 2508 1382 2508 1380 2508 1381 2509 1383 2509 1296 2509 104 2510 1384 2510 1382 2510 1383 2511 1385 2511 1296 2511 104 2512 1386 2512 1384 2512 1385 2513 1387 2513 1296 2513 104 2514 1388 2514 1386 2514 1387 2515 1389 2515 1296 2515 104 2516 1390 2516 1388 2516 1389 2517 1391 2517 1296 2517 1391 2518 1392 2518 1296 2518 1393 2519 103 2519 1392 2519 1394 2520 103 2520 1393 2520 1395 2521 103 2521 1394 2521 1396 2522 103 2522 1395 2522 1397 2523 103 2523 1396 2523 1398 2524 103 2524 1397 2524 1399 2525 103 2525 1398 2525 1400 2526 103 2526 1399 2526 1401 2527 103 2527 1400 2527 1402 2528 103 2528 1401 2528 1403 2529 103 2529 1402 2529 1404 2530 103 2530 1403 2530 1405 2531 103 2531 1404 2531 1406 2532 103 2532 1405 2532 1407 2533 103 2533 1406 2533 1408 2534 103 2534 1407 2534 1409 2535 103 2535 1408 2535 1410 2536 103 2536 1409 2536 1411 2537 103 2537 1410 2537 1392 2538 103 2538 1296 2538 1412 2539 103 2539 1411 2539 1413 2540 103 2540 1412 2540 1414 2541 103 2541 1413 2541 1415 2542 103 2542 1414 2542 1416 2543 103 2543 1415 2543 1417 2544 103 2544 1416 2544 1418 2545 103 2545 1417 2545 1419 2546 103 2546 1418 2546 1420 2547 103 2547 1419 2547 1421 2548 103 2548 1420 2548 1422 2549 103 2549 1421 2549 104 2550 103 2550 1423 2550 104 2551 1423 2551 1390 2551 1423 2552 103 2552 1424 2552 1424 2553 103 2553 1422 2553 86 2554 104 2554 1425 2554 1425 2555 104 2555 1298 2555 1297 2556 1426 2556 1427 2556 1427 2557 1428 2557 1297 2557 1297 2558 1429 2558 1426 2558 1428 2559 1430 2559 1297 2559 1297 2560 1431 2560 1429 2560 1430 2561 1432 2561 1297 2561 1297 2562 1433 2562 1431 2562 1432 2563 1434 2563 1297 2563 1297 2564 1435 2564 1433 2564 1434 2565 1436 2565 1297 2565 1297 2566 1437 2566 1435 2566 1436 2567 1438 2567 1297 2567 1297 2568 1439 2568 1437 2568 1438 2569 1440 2569 1297 2569 1297 2570 1441 2570 1439 2570 1440 2571 1442 2571 1297 2571 1297 2572 1443 2572 1441 2572 1442 2573 1444 2573 1297 2573 1297 2574 1445 2574 1443 2574 1444 2575 1446 2575 1297 2575 1297 2576 1447 2576 1445 2576 1446 2577 1448 2577 1297 2577 1297 2578 1449 2578 1447 2578 1448 2579 1450 2579 1297 2579 1297 2580 1451 2580 1449 2580 1450 2581 1452 2581 1297 2581 1297 2582 1453 2582 1451 2582 1452 2583 1454 2583 1297 2583 1297 2584 1455 2584 1453 2584 1454 2585 1456 2585 1297 2585 1297 2586 1457 2586 1455 2586 1456 2587 1458 2587 1297 2587 1457 2588 85 2588 1459 2588 1459 2589 85 2589 1460 2589 1460 2590 85 2590 1461 2590 1461 2591 85 2591 1462 2591 1462 2592 85 2592 1463 2592 1463 2593 85 2593 1464 2593 1464 2594 85 2594 1465 2594 1465 2595 85 2595 1466 2595 1466 2596 85 2596 1467 2596 1467 2597 85 2597 1468 2597 1468 2598 85 2598 1469 2598 1297 2599 85 2599 1457 2599 85 2600 1470 2600 1469 2600 85 2601 1471 2601 1470 2601 85 2602 1472 2602 1471 2602 85 2603 1473 2603 1472 2603 85 2604 1474 2604 1473 2604 85 2605 1475 2605 1474 2605 85 2606 1476 2606 1475 2606 85 2607 1477 2607 1476 2607 85 2608 1478 2608 1477 2608 85 2609 1479 2609 1478 2609 1480 2610 1425 2610 1481 2610 1481 2611 1425 2611 1482 2611 1482 2612 1425 2612 1483 2612 1458 2613 1425 2613 1297 2613 1483 2614 1425 2614 1484 2614 1484 2615 1425 2615 1485 2615 1485 2616 1425 2616 1486 2616 1486 2617 1425 2617 1487 2617 1487 2618 1425 2618 1488 2618 1488 2619 1425 2619 1489 2619 1489 2620 1425 2620 1490 2620 1490 2621 1425 2621 1491 2621 1491 2622 1425 2622 1492 2622 1492 2623 1425 2623 1493 2623 1493 2624 1425 2624 1494 2624 1494 2625 1425 2625 1495 2625 1495 2626 1425 2626 1496 2626 1496 2627 1425 2627 1497 2627 1497 2628 1425 2628 1498 2628 1498 2629 1425 2629 1499 2629 1499 2630 1425 2630 1458 2630 1480 2631 1500 2631 1425 2631 85 2632 1501 2632 1479 2632 1500 2633 1502 2633 1425 2633 85 2634 1503 2634 1501 2634 1502 2635 1504 2635 1425 2635 85 2636 1505 2636 1503 2636 1504 2637 1506 2637 1425 2637 85 2638 1507 2638 1505 2638 1506 2639 1508 2639 1425 2639 85 2640 1509 2640 1507 2640 1508 2641 1510 2641 1425 2641 85 2642 1511 2642 1509 2642 1510 2643 1512 2643 1425 2643 85 2644 1513 2644 1511 2644 1512 2645 1514 2645 1425 2645 85 2646 1515 2646 1513 2646 1514 2647 1516 2647 1425 2647 85 2648 1517 2648 1515 2648 1516 2649 1518 2649 1425 2649 1518 2650 1519 2650 1425 2650 1519 2651 86 2651 1425 2651 1520 2652 86 2652 1521 2652 1521 2653 86 2653 1522 2653 1522 2654 86 2654 1523 2654 1523 2655 86 2655 1524 2655 1524 2656 86 2656 1525 2656 1525 2657 86 2657 1526 2657 1526 2658 86 2658 1527 2658 1527 2659 86 2659 1528 2659 1528 2660 86 2660 1529 2660 1529 2661 86 2661 1530 2661 1530 2662 86 2662 1531 2662 1531 2663 86 2663 1532 2663 1532 2664 86 2664 1533 2664 1533 2665 86 2665 1534 2665 1534 2666 86 2666 1535 2666 1535 2667 86 2667 1536 2667 1536 2668 86 2668 1537 2668 1537 2669 86 2669 1538 2669 1538 2670 86 2670 1539 2670 1539 2671 86 2671 1540 2671 1540 2672 86 2672 1541 2672 1541 2673 86 2673 1542 2673 1542 2674 86 2674 1543 2674 1543 2675 86 2675 1544 2675 1544 2676 86 2676 1545 2676 1545 2677 86 2677 1546 2677 1546 2678 86 2678 1547 2678 1547 2679 86 2679 1548 2679 1548 2680 86 2680 1549 2680 1549 2681 86 2681 1519 2681 85 2682 86 2682 1550 2682 85 2683 1550 2683 1517 2683 1550 2684 86 2684 1551 2684 1551 2685 86 2685 1520 2685 124 2686 105 2686 1552 2686 1552 2687 105 2687 1553 2687 1554 2688 1555 2688 1556 2688 1556 2689 1557 2689 1554 2689 1554 2690 1558 2690 1555 2690 1557 2691 1559 2691 1554 2691 1554 2692 1560 2692 1558 2692 1559 2693 1561 2693 1554 2693 1554 2694 1562 2694 1560 2694 1561 2695 1563 2695 1554 2695 1554 2696 1564 2696 1562 2696 1563 2697 1565 2697 1554 2697 1554 2698 1566 2698 1564 2698 1565 2699 1567 2699 1554 2699 1554 2700 1568 2700 1566 2700 1567 2701 1569 2701 1554 2701 1554 2702 1570 2702 1568 2702 1569 2703 1571 2703 1554 2703 1554 2704 1572 2704 1570 2704 1571 2705 1573 2705 1554 2705 1554 2706 1574 2706 1572 2706 1573 2707 1575 2707 1554 2707 1554 2708 1576 2708 1574 2708 1575 2709 1577 2709 1554 2709 1554 2710 1578 2710 1576 2710 1577 2711 1579 2711 1554 2711 1554 2712 1580 2712 1578 2712 1579 2713 1581 2713 1554 2713 1554 2714 1582 2714 1580 2714 1581 2715 1583 2715 1554 2715 1554 2716 1584 2716 1582 2716 1583 2717 1585 2717 1554 2717 1554 2718 1586 2718 1584 2718 1585 2719 1587 2719 1554 2719 1554 2720 126 2720 1586 2720 1588 2721 126 2721 1589 2721 1590 2722 126 2722 1588 2722 1591 2723 126 2723 1590 2723 1592 2724 126 2724 1591 2724 1593 2725 126 2725 1592 2725 1594 2726 126 2726 1593 2726 1595 2727 126 2727 1594 2727 1586 2728 126 2728 1595 2728 126 2729 1596 2729 1589 2729 126 2730 1597 2730 1596 2730 126 2731 1598 2731 1597 2731 126 2732 1599 2732 1598 2732 126 2733 1600 2733 1599 2733 126 2734 1601 2734 1600 2734 126 2735 1602 2735 1601 2735 126 2736 1603 2736 1602 2736 126 2737 1604 2737 1603 2737 126 2738 1605 2738 1604 2738 126 2739 1606 2739 1605 2739 126 2740 1607 2740 1606 2740 126 2741 1608 2741 1607 2741 126 2742 1609 2742 1608 2742 126 2743 1610 2743 1609 2743 126 2744 1611 2744 1610 2744 126 2745 1612 2745 1611 2745 1613 2746 1552 2746 1614 2746 1615 2747 1552 2747 1613 2747 1616 2748 1552 2748 1615 2748 1617 2749 1552 2749 1616 2749 1618 2750 1552 2750 1617 2750 1619 2751 1552 2751 1618 2751 1620 2752 1552 2752 1619 2752 1621 2753 1552 2753 1620 2753 1622 2754 1552 2754 1621 2754 1623 2755 1552 2755 1622 2755 1624 2756 1552 2756 1623 2756 1625 2757 1552 2757 1624 2757 1626 2758 1552 2758 1625 2758 1627 2759 1552 2759 1626 2759 1628 2760 1552 2760 1627 2760 1629 2761 1552 2761 1628 2761 1630 2762 1552 2762 1629 2762 1631 2763 1552 2763 1630 2763 1632 2764 1552 2764 1631 2764 1633 2765 1552 2765 1632 2765 1634 2766 1552 2766 1633 2766 1635 2767 1552 2767 1634 2767 1636 2768 1552 2768 1635 2768 1637 2769 1552 2769 1636 2769 1587 2770 1552 2770 1554 2770 1614 2771 1552 2771 1587 2771 126 2772 1638 2772 1612 2772 1637 2773 1639 2773 1552 2773 126 2774 1640 2774 1638 2774 1639 2775 1641 2775 1552 2775 126 2776 1642 2776 1640 2776 1641 2777 1643 2777 1552 2777 126 2778 1644 2778 1642 2778 1643 2779 1645 2779 1552 2779 126 2780 1646 2780 1644 2780 1645 2781 1647 2781 1552 2781 1647 2782 1648 2782 1552 2782 1649 2783 124 2783 1648 2783 1650 2784 124 2784 1649 2784 1651 2785 124 2785 1650 2785 1652 2786 124 2786 1651 2786 1653 2787 124 2787 1652 2787 1654 2788 124 2788 1653 2788 1655 2789 124 2789 1654 2789 1656 2790 124 2790 1655 2790 1657 2791 124 2791 1656 2791 1658 2792 124 2792 1657 2792 1659 2793 124 2793 1658 2793 1660 2794 124 2794 1659 2794 1661 2795 124 2795 1660 2795 1662 2796 124 2796 1661 2796 1648 2797 124 2797 1552 2797 1663 2798 124 2798 1662 2798 1664 2799 124 2799 1663 2799 1665 2800 124 2800 1664 2800 1666 2801 124 2801 1665 2801 1667 2802 124 2802 1666 2802 1668 2803 124 2803 1667 2803 1669 2804 124 2804 1668 2804 1670 2805 124 2805 1669 2805 1671 2806 124 2806 1670 2806 1672 2807 124 2807 1671 2807 1673 2808 124 2808 1672 2808 1674 2809 124 2809 1673 2809 1675 2810 124 2810 1674 2810 1676 2811 124 2811 1675 2811 1677 2812 124 2812 1676 2812 1678 2813 124 2813 1677 2813 126 2814 124 2814 1679 2814 126 2815 1679 2815 1646 2815 1679 2816 124 2816 1680 2816 1680 2817 124 2817 1678 2817 107 2818 126 2818 1681 2818 1681 2819 126 2819 1554 2819 1553 2820 1682 2820 1683 2820 1683 2821 1684 2821 1553 2821 1553 2822 1685 2822 1682 2822 1684 2823 1686 2823 1553 2823 1553 2824 1687 2824 1685 2824 1686 2825 1688 2825 1553 2825 1553 2826 1689 2826 1687 2826 1688 2827 1690 2827 1553 2827 1553 2828 1691 2828 1689 2828 1690 2829 1692 2829 1553 2829 1553 2830 1693 2830 1691 2830 1692 2831 1694 2831 1553 2831 1553 2832 1695 2832 1693 2832 1694 2833 1696 2833 1553 2833 1553 2834 1697 2834 1695 2834 1696 2835 1698 2835 1553 2835 1553 2836 1699 2836 1697 2836 1698 2837 1700 2837 1553 2837 1553 2838 1701 2838 1699 2838 1700 2839 1702 2839 1553 2839 1553 2840 1703 2840 1701 2840 1702 2841 1704 2841 1553 2841 1553 2842 1705 2842 1703 2842 1704 2843 1706 2843 1553 2843 1553 2844 1707 2844 1705 2844 1706 2845 1708 2845 1553 2845 1553 2846 1709 2846 1707 2846 1708 2847 1710 2847 1553 2847 1553 2848 1711 2848 1709 2848 1710 2849 1712 2849 1553 2849 1553 2850 1713 2850 1711 2850 1713 2851 105 2851 1714 2851 1714 2852 105 2852 1715 2852 1715 2853 105 2853 1716 2853 1716 2854 105 2854 1717 2854 1717 2855 105 2855 1718 2855 1718 2856 105 2856 1719 2856 1719 2857 105 2857 1720 2857 1553 2858 105 2858 1713 2858 105 2859 1721 2859 1720 2859 105 2860 1722 2860 1721 2860 105 2861 1723 2861 1722 2861 105 2862 1724 2862 1723 2862 105 2863 1725 2863 1724 2863 105 2864 1726 2864 1725 2864 105 2865 1727 2865 1726 2865 105 2866 1728 2866 1727 2866 105 2867 1729 2867 1728 2867 105 2868 1730 2868 1729 2868 105 2869 1731 2869 1730 2869 105 2870 1732 2870 1731 2870 105 2871 1733 2871 1732 2871 105 2872 1734 2872 1733 2872 105 2873 1735 2873 1734 2873 105 2874 1736 2874 1735 2874 105 2875 1737 2875 1736 2875 1738 2876 1681 2876 1739 2876 1739 2877 1681 2877 1740 2877 1740 2878 1681 2878 1741 2878 1712 2879 1681 2879 1553 2879 1741 2880 1681 2880 1742 2880 1742 2881 1681 2881 1743 2881 1743 2882 1681 2882 1744 2882 1744 2883 1681 2883 1745 2883 1745 2884 1681 2884 1746 2884 1746 2885 1681 2885 1747 2885 1747 2886 1681 2886 1748 2886 1748 2887 1681 2887 1749 2887 1749 2888 1681 2888 1750 2888 1750 2889 1681 2889 1751 2889 1751 2890 1681 2890 1752 2890 1752 2891 1681 2891 1753 2891 1753 2892 1681 2892 1754 2892 1754 2893 1681 2893 1755 2893 1755 2894 1681 2894 1756 2894 1756 2895 1681 2895 1757 2895 1757 2896 1681 2896 1758 2896 1758 2897 1681 2897 1759 2897 1759 2898 1681 2898 1760 2898 1760 2899 1681 2899 1761 2899 1761 2900 1681 2900 1712 2900 1738 2901 1762 2901 1681 2901 105 2902 1763 2902 1737 2902 1762 2903 1764 2903 1681 2903 105 2904 1765 2904 1763 2904 1764 2905 1766 2905 1681 2905 105 2906 1767 2906 1765 2906 1766 2907 1768 2907 1681 2907 105 2908 1769 2908 1767 2908 1768 2909 1770 2909 1681 2909 105 2910 1771 2910 1769 2910 1770 2911 1772 2911 1681 2911 105 2912 1773 2912 1771 2912 1772 2913 1774 2913 1681 2913 1774 2914 1775 2914 1681 2914 1775 2915 107 2915 1681 2915 1776 2916 107 2916 1777 2916 1777 2917 107 2917 1778 2917 1778 2918 107 2918 1779 2918 1779 2919 107 2919 1780 2919 1780 2920 107 2920 1781 2920 1781 2921 107 2921 1782 2921 1782 2922 107 2922 1783 2922 1783 2923 107 2923 1784 2923 1784 2924 107 2924 1785 2924 1785 2925 107 2925 1786 2925 1786 2926 107 2926 1787 2926 1787 2927 107 2927 1788 2927 1788 2928 107 2928 1789 2928 1789 2929 107 2929 1790 2929 1790 2930 107 2930 1791 2930 1791 2931 107 2931 1792 2931 1792 2932 107 2932 1793 2932 1793 2933 107 2933 1794 2933 1794 2934 107 2934 1795 2934 1795 2935 107 2935 1796 2935 1796 2936 107 2936 1797 2936 1797 2937 107 2937 1798 2937 1798 2938 107 2938 1799 2938 1799 2939 107 2939 1800 2939 1800 2940 107 2940 1801 2940 1801 2941 107 2941 1802 2941 1802 2942 107 2942 1803 2942 1803 2943 107 2943 1804 2943 1804 2944 107 2944 1805 2944 1805 2945 107 2945 1775 2945 105 2946 107 2946 1806 2946 105 2947 1806 2947 1773 2947 1806 2948 107 2948 1807 2948 1807 2949 107 2949 1776 2949 675 2950 685 2950 1808 2950 675 2951 1808 2951 1809 2951 674 2952 1809 2952 1810 2952 674 2953 675 2953 1809 2953 638 2954 1810 2954 1811 2954 638 2955 674 2955 1810 2955 637 2956 1811 2956 1812 2956 637 2957 638 2957 1811 2957 606 2958 1812 2958 1813 2958 606 2959 637 2959 1812 2959 590 2960 1813 2960 1814 2960 590 2961 606 2961 1813 2961 589 2962 1814 2962 1815 2962 589 2963 590 2963 1814 2963 573 2964 1815 2964 1816 2964 573 2965 589 2965 1815 2965 557 2966 573 2966 1816 2966 557 2967 1816 2967 1817 2967 526 2968 1817 2968 1818 2968 526 2969 557 2969 1817 2969 526 2970 1818 2970 1819 2970 510 2971 526 2971 1819 2971 509 2972 1819 2972 1820 2972 509 2973 510 2973 1819 2973 493 2974 1820 2974 1821 2974 493 2975 509 2975 1820 2975 477 2976 1821 2976 1822 2976 477 2977 493 2977 1821 2977 446 2978 1822 2978 1823 2978 446 2979 477 2979 1822 2979 445 2980 1823 2980 1824 2980 445 2981 446 2981 1823 2981 414 2982 1824 2982 1825 2982 414 2983 445 2983 1824 2983 398 2984 1825 2984 1826 2984 398 2985 414 2985 1825 2985 397 2986 1826 2986 1827 2986 397 2987 398 2987 1826 2987 366 2988 1827 2988 1828 2988 366 2989 397 2989 1827 2989 365 2990 1828 2990 1829 2990 365 2991 1829 2991 1830 2991 365 2992 366 2992 1828 2992 349 2993 365 2993 1830 2993 333 2994 1830 2994 1831 2994 333 2995 1831 2995 1832 2995 333 2996 349 2996 1830 2996 317 2997 1832 2997 1833 2997 317 2998 333 2998 1832 2998 301 2999 1833 2999 1834 2999 301 3000 317 3000 1833 3000 285 3001 301 3001 1834 3001 269 3002 1834 3002 1835 3002 269 3003 285 3003 1834 3003 238 3004 1835 3004 1836 3004 238 3005 269 3005 1835 3005 237 3006 1836 3006 1837 3006 237 3007 1837 3007 1838 3007 237 3008 238 3008 1836 3008 221 3009 237 3009 1838 3009 174 3010 1838 3010 1839 3010 174 3011 221 3011 1838 3011 157 3012 1839 3012 1198 3012 157 3013 174 3013 1839 3013 173 3014 1281 3014 689 3014 689 3015 1840 3015 1182 3015 1281 3016 1840 3016 689 3016 1182 3017 1841 3017 1181 3017 1840 3018 1841 3018 1182 3018 1181 3019 1842 3019 1150 3019 1841 3020 1842 3020 1181 3020 1150 3021 1843 3021 1149 3021 1842 3022 1843 3022 1150 3022 1149 3023 1844 3023 1118 3023 1843 3024 1844 3024 1149 3024 1118 3025 1845 3025 1117 3025 1844 3026 1845 3026 1118 3026 1117 3027 1846 3027 1086 3027 1845 3028 1846 3028 1117 3028 1086 3029 1847 3029 1085 3029 1846 3030 1847 3030 1086 3030 1847 3031 1848 3031 1085 3031 1085 3032 1848 3032 1069 3032 1848 3033 1849 3033 1069 3033 1069 3034 1849 3034 1053 3034 1849 3035 1850 3035 1053 3035 1053 3036 1850 3036 1037 3036 1850 3037 1851 3037 1037 3037 1021 3038 1852 3038 1005 3038 1037 3039 1852 3039 1021 3039 1851 3040 1852 3040 1037 3040 1852 3041 1853 3041 1005 3041 989 3042 1854 3042 973 3042 1005 3043 1854 3043 989 3043 1853 3044 1854 3044 1005 3044 1854 3045 1855 3045 973 3045 942 3046 1856 3046 941 3046 973 3047 1856 3047 942 3047 1855 3048 1856 3048 973 3048 1856 3049 1857 3049 941 3049 941 3050 1858 3050 925 3050 1857 3051 1858 3051 941 3051 925 3052 1859 3052 909 3052 1858 3053 1859 3053 925 3053 909 3054 1860 3054 893 3054 1859 3055 1860 3055 909 3055 893 3056 1861 3056 877 3056 1860 3057 1861 3057 893 3057 846 3058 1862 3058 830 3058 877 3059 1862 3059 846 3059 1861 3060 1862 3060 877 3060 1862 3061 1863 3061 830 3061 830 3062 1864 3062 829 3062 1863 3063 1864 3063 830 3063 829 3064 1865 3064 798 3064 1864 3065 1865 3065 829 3065 797 3066 1866 3066 781 3066 798 3067 1866 3067 797 3067 1865 3068 1866 3068 798 3068 1866 3069 1867 3069 781 3069 765 3070 1868 3070 749 3070 781 3071 1868 3071 765 3071 1867 3072 1868 3072 781 3072 1868 3073 1869 3073 749 3073 686 3074 1870 3074 687 3074 749 3075 1870 3075 686 3075 1869 3076 1870 3076 749 3076 1870 3077 1871 3077 687 3077 685 3078 1872 3078 1808 3078 1873 3079 1872 3079 685 3079 1871 3080 1872 3080 1874 3080 687 3081 1874 3081 1875 3081 687 3082 1875 3082 1873 3082 687 3083 1871 3083 1874 3083 685 3084 687 3084 1873 3084 1871 3085 1808 3085 1872 3085 1279 3086 1214 3086 1213 3086 1876 3087 1877 3087 1808 3087 1808 3088 1877 3088 1809 3088 1878 3089 1879 3089 1876 3089 1876 3090 1879 3090 1877 3090 1880 3091 1881 3091 1878 3091 1878 3092 1881 3092 1879 3092 1882 3093 1883 3093 1880 3093 1880 3094 1883 3094 1881 3094 1884 3095 1885 3095 1882 3095 1882 3096 1885 3096 1883 3096 1809 3097 1886 3097 1810 3097 1877 3098 1886 3098 1809 3098 1887 3099 1888 3099 1884 3099 1884 3100 1888 3100 1885 3100 1879 3101 1889 3101 1877 3101 1877 3102 1889 3102 1886 3102 1890 3103 1891 3103 1887 3103 1887 3104 1891 3104 1888 3104 1881 3105 1892 3105 1879 3105 1879 3106 1892 3106 1889 3106 1893 3107 1894 3107 1890 3107 1890 3108 1894 3108 1891 3108 1881 3109 1895 3109 1892 3109 1883 3110 1895 3110 1881 3110 1896 3111 1897 3111 1893 3111 1893 3112 1897 3112 1894 3112 1883 3113 1898 3113 1895 3113 1885 3114 1898 3114 1883 3114 1899 3115 1900 3115 1896 3115 1896 3116 1900 3116 1897 3116 1810 3117 1901 3117 1811 3117 1886 3118 1901 3118 1810 3118 1888 3119 1902 3119 1885 3119 1885 3120 1902 3120 1898 3120 1903 3121 1904 3121 1899 3121 1899 3122 1904 3122 1900 3122 1886 3123 1905 3123 1901 3123 1889 3124 1905 3124 1886 3124 1891 3125 1906 3125 1888 3125 1888 3126 1906 3126 1902 3126 1907 3127 1908 3127 1903 3127 1903 3128 1908 3128 1904 3128 1892 3129 1909 3129 1889 3129 1889 3130 1909 3130 1905 3130 1894 3131 1910 3131 1891 3131 1891 3132 1910 3132 1906 3132 1911 3133 1912 3133 1907 3133 1907 3134 1912 3134 1908 3134 1892 3135 1913 3135 1909 3135 1895 3136 1913 3136 1892 3136 1894 3137 1914 3137 1910 3137 1897 3138 1914 3138 1894 3138 1915 3139 1916 3139 1911 3139 1917 3140 1916 3140 1915 3140 1911 3141 1916 3141 1912 3141 1895 3142 1918 3142 1913 3142 1898 3143 1918 3143 1895 3143 1897 3144 1919 3144 1914 3144 1900 3145 1919 3145 1897 3145 1248 3146 1920 3146 1917 3146 1250 3147 1920 3147 1248 3147 1917 3148 1920 3148 1916 3148 1811 3149 1921 3149 1812 3149 1901 3150 1921 3150 1811 3150 1902 3151 1922 3151 1898 3151 1898 3152 1922 3152 1918 3152 1904 3153 1923 3153 1900 3153 1900 3154 1923 3154 1919 3154 1905 3155 1924 3155 1901 3155 1901 3156 1924 3156 1921 3156 1906 3157 1925 3157 1902 3157 1902 3158 1925 3158 1922 3158 1908 3159 1926 3159 1904 3159 1904 3160 1926 3160 1923 3160 1909 3161 1927 3161 1905 3161 1905 3162 1927 3162 1924 3162 1906 3163 1928 3163 1925 3163 1910 3164 1928 3164 1906 3164 1908 3165 1929 3165 1926 3165 1912 3166 1929 3166 1908 3166 1913 3167 1930 3167 1909 3167 1909 3168 1930 3168 1927 3168 1914 3169 1931 3169 1910 3169 1910 3170 1931 3170 1928 3170 1916 3171 1932 3171 1912 3171 1912 3172 1932 3172 1929 3172 1918 3173 1933 3173 1913 3173 1913 3174 1933 3174 1930 3174 1914 3175 1934 3175 1931 3175 1919 3176 1934 3176 1914 3176 1250 3177 1935 3177 1920 3177 1916 3178 1935 3178 1932 3178 1249 3179 1935 3179 1250 3179 1920 3180 1935 3180 1916 3180 1812 3181 1936 3181 1813 3181 1921 3182 1936 3182 1812 3182 1918 3183 1937 3183 1933 3183 1922 3184 1937 3184 1918 3184 1919 3185 1938 3185 1934 3185 1923 3186 1938 3186 1919 3186 1921 3187 1939 3187 1936 3187 1924 3188 1939 3188 1921 3188 1925 3189 1940 3189 1922 3189 1922 3190 1940 3190 1937 3190 1923 3191 1941 3191 1938 3191 1926 3192 1941 3192 1923 3192 1924 3193 1942 3193 1939 3193 1930 3194 1942 3194 1927 3194 1927 3195 1942 3195 1924 3195 1925 3196 1943 3196 1940 3196 1928 3197 1943 3197 1925 3197 1926 3198 1944 3198 1941 3198 1929 3199 1944 3199 1926 3199 1930 3200 1945 3200 1942 3200 1928 3201 1946 3201 1943 3201 1931 3202 1946 3202 1928 3202 1932 3203 1947 3203 1929 3203 1929 3204 1947 3204 1944 3204 1930 3205 1948 3205 1945 3205 1933 3206 1948 3206 1930 3206 1937 3207 1948 3207 1933 3207 1931 3208 1949 3208 1946 3208 1934 3209 1949 3209 1931 3209 1932 3210 1950 3210 1947 3210 1935 3211 1950 3211 1932 3211 1249 3212 1950 3212 1935 3212 1252 3213 1950 3213 1249 3213 1936 3214 1951 3214 1813 3214 1813 3215 1951 3215 1814 3215 1937 3216 1952 3216 1948 3216 1941 3217 1953 3217 1938 3217 1938 3218 1953 3218 1934 3218 1934 3219 1953 3219 1949 3219 1939 3220 1954 3220 1936 3220 1936 3221 1954 3221 1951 3221 1940 3222 1955 3222 1937 3222 1937 3223 1955 3223 1952 3223 1941 3224 1956 3224 1953 3224 1942 3225 1957 3225 1939 3225 1939 3226 1957 3226 1954 3226 1943 3227 1958 3227 1940 3227 1946 3228 1958 3228 1943 3228 1940 3229 1958 3229 1955 3229 1944 3230 1959 3230 1941 3230 1947 3231 1959 3231 1944 3231 1941 3232 1959 3232 1956 3232 1945 3233 1960 3233 1942 3233 1942 3234 1960 3234 1957 3234 1946 3235 1961 3235 1958 3235 1947 3236 1962 3236 1959 3236 1948 3237 1963 3237 1945 3237 1945 3238 1963 3238 1960 3238 1949 3239 1964 3239 1946 3239 1946 3240 1964 3240 1961 3240 1947 3241 1965 3241 1962 3241 1950 3242 1965 3242 1947 3242 1252 3243 1965 3243 1950 3243 1251 3244 1965 3244 1252 3244 1253 3245 1965 3245 1251 3245 1814 3246 1966 3246 1815 3246 1951 3247 1966 3247 1814 3247 1954 3248 1966 3248 1951 3248 1952 3249 1967 3249 1948 3249 1948 3250 1967 3250 1963 3250 1953 3251 1968 3251 1949 3251 1949 3252 1968 3252 1964 3252 1954 3253 1969 3253 1966 3253 1955 3254 1970 3254 1952 3254 1952 3255 1970 3255 1967 3255 1956 3256 1971 3256 1953 3256 1953 3257 1971 3257 1968 3257 1959 3258 1971 3258 1956 3258 1954 3259 1972 3259 1969 3259 1957 3260 1972 3260 1954 3260 1958 3261 1973 3261 1955 3261 1955 3262 1973 3262 1970 3262 1959 3263 1974 3263 1971 3263 1957 3264 1975 3264 1972 3264 1960 3265 1975 3265 1957 3265 1958 3266 1976 3266 1973 3266 1961 3267 1976 3267 1958 3267 1959 3268 1977 3268 1974 3268 1962 3269 1977 3269 1959 3269 1963 3270 1978 3270 1960 3270 1960 3271 1978 3271 1975 3271 1961 3272 1979 3272 1976 3272 1964 3273 1979 3273 1961 3273 1965 3274 1980 3274 1962 3274 1255 3275 1980 3275 1253 3275 1962 3276 1980 3276 1977 3276 1253 3277 1980 3277 1965 3277 1815 3278 1981 3278 1816 3278 1966 3279 1981 3279 1815 3279 1970 3280 1982 3280 1967 3280 1963 3281 1982 3281 1978 3281 1967 3282 1982 3282 1963 3282 1964 3283 1983 3283 1979 3283 1968 3284 1983 3284 1964 3284 1966 3285 1984 3285 1981 3285 1969 3286 1984 3286 1966 3286 1970 3287 1985 3287 1982 3287 1971 3288 1986 3288 1968 3288 1968 3289 1986 3289 1983 3289 1972 3290 1987 3290 1969 3290 1969 3291 1987 3291 1984 3291 1973 3292 1988 3292 1970 3292 1970 3293 1988 3293 1985 3293 1974 3294 1989 3294 1971 3294 1971 3295 1989 3295 1986 3295 1975 3296 1990 3296 1972 3296 1972 3297 1990 3297 1987 3297 1976 3298 1991 3298 1973 3298 1973 3299 1991 3299 1988 3299 1977 3300 1992 3300 1974 3300 1974 3301 1992 3301 1989 3301 1982 3302 1993 3302 1978 3302 1978 3303 1993 3303 1975 3303 1975 3304 1993 3304 1990 3304 1979 3305 1994 3305 1976 3305 1976 3306 1994 3306 1991 3306 1980 3307 1995 3307 1977 3307 1255 3308 1995 3308 1980 3308 1977 3309 1995 3309 1992 3309 1981 3310 1996 3310 1816 3310 1816 3311 1996 3311 1817 3311 1984 3312 1996 3312 1981 3312 1982 3313 1997 3313 1993 3313 1986 3314 1998 3314 1983 3314 1983 3315 1998 3315 1979 3315 1979 3316 1998 3316 1994 3316 1984 3317 1999 3317 1996 3317 1985 3318 2000 3318 1982 3318 1982 3319 2000 3319 1997 3319 1986 3320 2001 3320 1998 3320 1989 3321 2001 3321 1986 3321 1987 3322 2002 3322 1984 3322 1984 3323 2002 3323 1999 3323 1985 3324 2003 3324 2000 3324 1988 3325 2003 3325 1985 3325 1989 3326 2004 3326 2001 3326 1987 3327 2005 3327 2002 3327 1990 3328 2005 3328 1987 3328 1988 3329 2006 3329 2003 3329 1991 3330 2006 3330 1988 3330 1994 3331 2006 3331 1991 3331 1989 3332 2007 3332 2004 3332 1992 3333 2007 3333 1989 3333 1995 3334 2007 3334 1992 3334 1990 3335 2008 3335 2005 3335 1993 3336 2008 3336 1990 3336 1997 3337 2008 3337 1993 3337 1994 3338 2009 3338 2006 3338 1995 3339 2010 3339 2007 3339 1256 3340 2010 3340 1255 3340 1255 3341 2010 3341 1995 3341 1817 3342 2011 3342 1818 3342 1996 3343 2011 3343 1817 3343 1997 3344 2012 3344 2008 3344 2000 3345 2012 3345 1997 3345 2001 3346 2013 3346 1998 3346 1994 3347 2013 3347 2009 3347 1998 3348 2013 3348 1994 3348 1996 3349 2014 3349 2011 3349 1999 3350 2014 3350 1996 3350 2000 3351 2015 3351 2012 3351 2004 3352 2016 3352 2001 3352 2001 3353 2016 3353 2013 3353 2002 3354 2017 3354 1999 3354 1999 3355 2017 3355 2014 3355 2003 3356 2018 3356 2000 3356 2000 3357 2018 3357 2015 3357 2007 3358 2019 3358 2004 3358 2004 3359 2019 3359 2016 3359 2005 3360 2020 3360 2002 3360 2002 3361 2020 3361 2017 3361 2006 3362 2021 3362 2003 3362 2003 3363 2021 3363 2018 3363 2010 3364 2022 3364 2007 3364 2007 3365 2022 3365 2019 3365 2008 3366 2023 3366 2005 3366 2005 3367 2023 3367 2020 3367 2009 3368 2024 3368 2006 3368 2006 3369 2024 3369 2021 3369 1256 3370 2025 3370 2010 3370 2010 3371 2025 3371 2022 3371 1257 3372 2025 3372 1256 3372 1254 3373 2025 3373 1257 3373 1818 3374 2026 3374 1819 3374 2011 3375 2026 3375 1818 3375 2012 3376 2027 3376 2008 3376 2008 3377 2027 3377 2023 3377 2013 3378 2028 3378 2009 3378 2009 3379 2028 3379 2024 3379 2014 3380 2029 3380 2011 3380 2011 3381 2029 3381 2026 3381 2018 3382 2030 3382 2015 3382 2015 3383 2030 3383 2012 3383 2012 3384 2030 3384 2027 3384 2016 3385 2031 3385 2013 3385 2013 3386 2031 3386 2028 3386 2017 3387 2032 3387 2014 3387 2020 3388 2032 3388 2017 3388 2014 3389 2032 3389 2029 3389 2018 3390 2033 3390 2030 3390 2016 3391 2034 3391 2031 3391 2019 3392 2034 3392 2016 3392 2020 3393 2035 3393 2032 3393 2018 3394 2036 3394 2033 3394 2021 3395 2036 3395 2018 3395 2024 3396 2036 3396 2021 3396 2019 3397 2037 3397 2034 3397 2022 3398 2037 3398 2019 3398 2020 3399 2038 3399 2035 3399 2023 3400 2038 3400 2020 3400 2024 3401 2039 3401 2036 3401 2022 3402 2040 3402 2037 3402 2025 3403 2040 3403 2022 3403 1254 3404 2040 3404 2025 3404 1819 3405 2041 3405 1820 3405 2026 3406 2041 3406 1819 3406 2023 3407 2042 3407 2038 3407 2027 3408 2042 3408 2023 3408 2024 3409 2043 3409 2039 3409 2028 3410 2043 3410 2024 3410 2026 3411 2044 3411 2041 3411 2032 3412 2044 3412 2029 3412 2029 3413 2044 3413 2026 3413 2027 3414 2045 3414 2042 3414 2030 3415 2045 3415 2027 3415 2034 3416 2046 3416 2031 3416 2028 3417 2046 3417 2043 3417 2031 3418 2046 3418 2028 3418 2032 3419 2047 3419 2044 3419 2030 3420 2048 3420 2045 3420 2033 3421 2048 3421 2030 3421 2034 3422 2049 3422 2046 3422 2035 3423 2050 3423 2032 3423 2032 3424 2050 3424 2047 3424 2036 3425 2051 3425 2033 3425 2033 3426 2051 3426 2048 3426 2037 3427 2052 3427 2034 3427 2040 3428 2052 3428 2037 3428 2034 3429 2052 3429 2049 3429 2038 3430 2053 3430 2035 3430 2035 3431 2053 3431 2050 3431 2039 3432 2054 3432 2036 3432 2036 3433 2054 3433 2051 3433 1254 3434 2055 3434 2040 3434 2040 3435 2055 3435 2052 3435 1259 3436 2055 3436 1254 3436 1820 3437 2056 3437 1821 3437 2041 3438 2056 3438 1820 3438 2042 3439 2057 3439 2038 3439 2038 3440 2057 3440 2053 3440 2043 3441 2058 3441 2039 3441 2039 3442 2058 3442 2054 3442 2041 3443 2059 3443 2056 3443 2044 3444 2059 3444 2041 3444 2045 3445 2060 3445 2042 3445 2042 3446 2060 3446 2057 3446 2046 3447 2061 3447 2043 3447 2043 3448 2061 3448 2058 3448 2047 3449 2062 3449 2044 3449 2044 3450 2062 3450 2059 3450 2050 3451 2062 3451 2047 3451 2048 3452 2063 3452 2045 3452 2051 3453 2063 3453 2048 3453 2045 3454 2063 3454 2060 3454 2049 3455 2064 3455 2046 3455 2046 3456 2064 3456 2061 3456 2050 3457 2065 3457 2062 3457 2051 3458 2066 3458 2063 3458 2052 3459 2067 3459 2049 3459 2049 3460 2067 3460 2064 3460 2050 3461 2068 3461 2065 3461 2053 3462 2068 3462 2050 3462 2054 3463 2069 3463 2051 3463 2051 3464 2069 3464 2066 3464 1258 3465 2070 3465 1259 3465 2055 3466 2070 3466 2052 3466 1259 3467 2070 3467 2055 3467 2052 3468 2070 3468 2067 3468 1821 3469 2071 3469 1822 3469 2056 3470 2071 3470 1821 3470 2053 3471 2072 3471 2068 3471 2057 3472 2072 3472 2053 3472 2058 3473 2073 3473 2054 3473 2054 3474 2073 3474 2069 3474 2056 3475 2074 3475 2071 3475 2059 3476 2074 3476 2056 3476 2060 3477 2075 3477 2057 3477 2057 3478 2075 3478 2072 3478 2058 3479 2076 3479 2073 3479 2061 3480 2076 3480 2058 3480 2059 3481 2077 3481 2074 3481 2062 3482 2077 3482 2059 3482 2060 3483 2078 3483 2075 3483 2063 3484 2078 3484 2060 3484 2061 3485 2079 3485 2076 3485 2064 3486 2079 3486 2061 3486 2065 3487 2080 3487 2062 3487 2062 3488 2080 3488 2077 3488 2068 3489 2080 3489 2065 3489 2066 3490 2081 3490 2063 3490 2063 3491 2081 3491 2078 3491 2067 3492 2082 3492 2064 3492 2070 3493 2082 3493 2067 3493 2064 3494 2082 3494 2079 3494 2068 3495 2083 3495 2080 3495 2069 3496 2084 3496 2066 3496 2073 3497 2084 3497 2069 3497 2066 3498 2084 3498 2081 3498 2070 3499 2085 3499 2082 3499 1260 3500 2085 3500 1258 3500 1258 3501 2085 3501 2070 3501 1822 3502 2086 3502 1823 3502 1823 3503 2086 3503 1824 3503 2071 3504 2086 3504 1822 3504 2068 3505 2087 3505 2083 3505 2072 3506 2087 3506 2068 3506 2073 3507 2088 3507 2084 3507 2074 3508 2089 3508 2071 3508 2077 3509 2089 3509 2074 3509 2071 3510 2089 3510 2086 3510 2075 3511 2090 3511 2072 3511 2072 3512 2090 3512 2087 3512 2079 3513 2091 3513 2076 3513 2076 3514 2091 3514 2073 3514 2073 3515 2091 3515 2088 3515 2077 3516 2092 3516 2089 3516 2078 3517 2093 3517 2075 3517 2075 3518 2093 3518 2090 3518 2082 3519 2094 3519 2079 3519 2079 3520 2094 3520 2091 3520 2077 3521 2095 3521 2092 3521 2080 3522 2095 3522 2077 3522 2081 3523 2096 3523 2078 3523 2078 3524 2096 3524 2093 3524 2085 3525 2097 3525 2082 3525 2082 3526 2097 3526 2094 3526 2080 3527 2098 3527 2095 3527 2083 3528 2098 3528 2080 3528 2084 3529 2099 3529 2081 3529 2088 3530 2099 3530 2084 3530 2081 3531 2099 3531 2096 3531 1260 3532 2100 3532 2085 3532 1261 3533 2100 3533 1260 3533 1262 3534 2100 3534 1261 3534 2085 3535 2100 3535 2097 3535 2086 3536 2101 3536 1824 3536 2087 3537 2102 3537 2083 3537 2090 3538 2102 3538 2087 3538 2083 3539 2102 3539 2098 3539 2088 3540 2103 3540 2099 3540 2086 3541 2104 3541 2101 3541 2089 3542 2104 3542 2086 3542 2092 3543 2104 3543 2089 3543 2090 3544 2105 3544 2102 3544 2088 3545 2106 3545 2103 3545 2091 3546 2106 3546 2088 3546 2092 3547 2107 3547 2104 3547 2095 3548 2107 3548 2092 3548 2090 3549 2108 3549 2105 3549 2093 3550 2108 3550 2090 3550 2096 3551 2108 3551 2093 3551 2097 3552 2109 3552 2094 3552 2091 3553 2109 3553 2106 3553 2094 3554 2109 3554 2091 3554 2095 3555 2110 3555 2107 3555 2096 3556 2111 3556 2108 3556 2097 3557 2112 3557 2109 3557 2098 3558 2113 3558 2095 3558 2095 3559 2113 3559 2110 3559 2102 3560 2113 3560 2098 3560 2099 3561 2114 3561 2096 3561 2096 3562 2114 3562 2111 3562 2100 3563 2115 3563 2097 3563 2097 3564 2115 3564 2112 3564 1262 3565 2115 3565 2100 3565 1264 3566 2115 3566 1262 3566 1824 3567 2116 3567 1825 3567 2101 3568 2116 3568 1824 3568 2105 3569 2117 3569 2102 3569 2102 3570 2117 3570 2113 3570 2103 3571 2118 3571 2099 3571 2099 3572 2118 3572 2114 3572 2104 3573 2119 3573 2101 3573 2107 3574 2119 3574 2104 3574 2101 3575 2119 3575 2116 3575 2105 3576 2120 3576 2117 3576 2106 3577 2121 3577 2103 3577 2109 3578 2121 3578 2106 3578 2103 3579 2121 3579 2118 3579 2107 3580 2122 3580 2119 3580 2110 3581 2122 3581 2107 3581 2108 3582 2123 3582 2105 3582 2105 3583 2123 3583 2120 3583 2109 3584 2124 3584 2121 3584 2110 3585 2125 3585 2122 3585 2111 3586 2126 3586 2108 3586 2108 3587 2126 3587 2123 3587 2109 3588 2127 3588 2124 3588 2112 3589 2127 3589 2109 3589 2113 3590 2128 3590 2110 3590 2117 3591 2128 3591 2113 3591 2110 3592 2128 3592 2125 3592 2114 3593 2129 3593 2111 3593 2118 3594 2129 3594 2114 3594 2111 3595 2129 3595 2126 3595 2112 3596 2130 3596 2127 3596 2115 3597 2130 3597 2112 3597 1264 3598 2130 3598 2115 3598 1825 3599 2131 3599 1826 3599 2116 3600 2131 3600 1825 3600 2117 3601 2132 3601 2128 3601 2118 3602 2133 3602 2129 3602 2116 3603 2134 3603 2131 3603 2119 3604 2134 3604 2116 3604 2117 3605 2135 3605 2132 3605 2120 3606 2135 3606 2117 3606 2118 3607 2136 3607 2133 3607 2121 3608 2136 3608 2118 3608 2122 3609 2137 3609 2119 3609 2119 3610 2137 3610 2134 3610 2120 3611 2138 3611 2135 3611 2123 3612 2138 3612 2120 3612 2126 3613 2138 3613 2123 3613 2121 3614 2139 3614 2136 3614 2124 3615 2139 3615 2121 3615 2122 3616 2140 3616 2137 3616 2125 3617 2140 3617 2122 3617 2126 3618 2141 3618 2138 3618 2129 3619 2141 3619 2126 3619 2124 3620 2142 3620 2139 3620 2127 3621 2142 3621 2124 3621 2125 3622 2143 3622 2140 3622 2128 3623 2143 3623 2125 3623 2133 3624 2144 3624 2129 3624 2129 3625 2144 3625 2141 3625 2127 3626 2145 3626 2142 3626 1263 3627 2145 3627 1264 3627 1265 3628 2145 3628 1263 3628 2130 3629 2145 3629 2127 3629 1264 3630 2145 3630 2130 3630 1826 3631 2146 3631 1827 3631 1827 3632 2146 3632 1828 3632 2131 3633 2146 3633 1826 3633 2128 3634 2147 3634 2143 3634 2132 3635 2147 3635 2128 3635 2133 3636 2148 3636 2144 3636 2134 3637 2149 3637 2131 3637 2131 3638 2149 3638 2146 3638 2132 3639 2150 3639 2147 3639 2135 3640 2150 3640 2132 3640 2136 3641 2151 3641 2133 3641 2133 3642 2151 3642 2148 3642 2139 3643 2151 3643 2136 3643 2137 3644 2152 3644 2134 3644 2134 3645 2152 3645 2149 3645 2138 3646 2153 3646 2135 3646 2135 3647 2153 3647 2150 3647 2142 3648 2154 3648 2139 3648 2139 3649 2154 3649 2151 3649 2140 3650 2155 3650 2137 3650 2137 3651 2155 3651 2152 3651 2138 3652 2156 3652 2153 3652 2144 3653 2156 3653 2141 3653 2141 3654 2156 3654 2138 3654 2145 3655 2157 3655 2142 3655 2142 3656 2157 3656 2154 3656 2143 3657 2158 3657 2140 3657 2140 3658 2158 3658 2155 3658 2144 3659 2159 3659 2156 3659 2145 3660 2160 3660 2157 3660 1265 3661 2160 3661 2145 3661 2146 3662 2161 3662 1828 3662 2147 3663 2162 3663 2143 3663 2143 3664 2162 3664 2158 3664 2148 3665 2163 3665 2144 3665 2144 3666 2163 3666 2159 3666 2146 3667 2164 3667 2161 3667 2149 3668 2164 3668 2146 3668 2150 3669 2165 3669 2147 3669 2147 3670 2165 3670 2162 3670 2148 3671 2166 3671 2163 3671 2151 3672 2166 3672 2148 3672 2149 3673 2167 3673 2164 3673 2152 3674 2167 3674 2149 3674 2155 3675 2167 3675 2152 3675 2153 3676 2168 3676 2150 3676 2150 3677 2168 3677 2165 3677 2151 3678 2169 3678 2166 3678 2154 3679 2169 3679 2151 3679 2155 3680 2170 3680 2167 3680 2158 3681 2170 3681 2155 3681 2156 3682 2171 3682 2153 3682 2153 3683 2171 3683 2168 3683 2154 3684 2172 3684 2169 3684 2157 3685 2172 3685 2154 3685 2158 3686 2173 3686 2170 3686 2159 3687 2174 3687 2156 3687 2156 3688 2174 3688 2171 3688 2157 3689 2175 3689 2172 3689 1266 3690 2175 3690 1265 3690 2160 3691 2175 3691 2157 3691 1265 3692 2175 3692 2160 3692 2164 3693 2176 3693 2161 3693 1828 3694 2176 3694 1829 3694 2161 3695 2176 3695 1828 3695 2158 3696 2177 3696 2173 3696 2162 3697 2177 3697 2158 3697 2159 3698 2178 3698 2174 3698 2163 3699 2178 3699 2159 3699 2166 3700 2178 3700 2163 3700 2164 3701 2179 3701 2176 3701 2165 3702 2180 3702 2162 3702 2162 3703 2180 3703 2177 3703 2166 3704 2181 3704 2178 3704 2164 3705 2182 3705 2179 3705 2167 3706 2182 3706 2164 3706 2168 3707 2183 3707 2165 3707 2165 3708 2183 3708 2180 3708 2169 3709 2184 3709 2166 3709 2172 3710 2184 3710 2169 3710 2166 3711 2184 3711 2181 3711 2167 3712 2185 3712 2182 3712 2170 3713 2185 3713 2167 3713 2171 3714 2186 3714 2168 3714 2174 3715 2186 3715 2171 3715 2168 3716 2186 3716 2183 3716 2172 3717 2187 3717 2184 3717 2173 3718 2188 3718 2170 3718 2170 3719 2188 3719 2185 3719 2174 3720 2189 3720 2186 3720 2172 3721 2190 3721 2187 3721 2175 3722 2190 3722 2172 3722 1266 3723 2190 3723 2175 3723 1268 3724 2190 3724 1266 3724 1267 3725 2190 3725 1268 3725 2176 3726 2191 3726 1829 3726 1829 3727 2191 3727 1830 3727 1830 3728 2191 3728 1831 3728 2177 3729 2192 3729 2173 3729 2173 3730 2192 3730 2188 3730 2181 3731 2193 3731 2178 3731 2174 3732 2193 3732 2189 3732 2178 3733 2193 3733 2174 3733 2179 3734 2194 3734 2176 3734 2176 3735 2194 3735 2191 3735 2180 3736 2195 3736 2177 3736 2183 3737 2195 3737 2180 3737 2177 3738 2195 3738 2192 3738 2181 3739 2196 3739 2193 3739 2182 3740 2197 3740 2179 3740 2185 3741 2197 3741 2182 3741 2179 3742 2197 3742 2194 3742 2183 3743 2198 3743 2195 3743 2184 3744 2199 3744 2181 3744 2187 3745 2199 3745 2184 3745 2181 3746 2199 3746 2196 3746 2185 3747 2200 3747 2197 3747 2188 3748 2200 3748 2185 3748 2186 3749 2201 3749 2183 3749 2189 3750 2201 3750 2186 3750 2183 3751 2201 3751 2198 3751 2187 3752 2202 3752 2199 3752 2188 3753 2203 3753 2200 3753 2189 3754 2204 3754 2201 3754 2187 3755 2205 3755 2202 3755 2190 3756 2205 3756 2187 3756 1267 3757 2205 3757 2190 3757 2191 3758 2206 3758 1831 3758 2188 3759 2207 3759 2203 3759 2192 3760 2207 3760 2188 3760 2189 3761 2208 3761 2204 3761 2193 3762 2208 3762 2189 3762 2196 3763 2208 3763 2193 3763 2194 3764 2209 3764 2191 3764 2191 3765 2209 3765 2206 3765 2192 3766 2210 3766 2207 3766 2195 3767 2210 3767 2192 3767 2198 3768 2210 3768 2195 3768 2196 3769 2211 3769 2208 3769 2194 3770 2212 3770 2209 3770 2197 3771 2212 3771 2194 3771 2198 3772 2213 3772 2210 3772 2199 3773 2214 3773 2196 3773 2196 3774 2214 3774 2211 3774 2197 3775 2215 3775 2212 3775 2200 3776 2215 3776 2197 3776 2204 3777 2216 3777 2201 3777 2198 3778 2216 3778 2213 3778 2201 3779 2216 3779 2198 3779 2202 3780 2217 3780 2199 3780 2205 3781 2217 3781 2202 3781 2199 3782 2217 3782 2214 3782 2203 3783 2218 3783 2200 3783 2200 3784 2218 3784 2215 3784 2204 3785 2219 3785 2216 3785 1267 3786 2220 3786 2205 3786 2205 3787 2220 3787 2217 3787 1269 3788 2220 3788 1267 3788 1271 3789 2220 3789 1269 3789 1831 3790 2221 3790 1832 3790 2206 3791 2221 3791 1831 3791 2207 3792 2222 3792 2203 3792 2203 3793 2222 3793 2218 3793 2208 3794 2223 3794 2204 3794 2211 3795 2223 3795 2208 3795 2204 3796 2223 3796 2219 3796 2209 3797 2224 3797 2206 3797 2206 3798 2224 3798 2221 3798 2207 3799 2225 3799 2222 3799 2210 3800 2225 3800 2207 3800 2211 3801 2226 3801 2223 3801 2212 3802 2227 3802 2209 3802 2215 3803 2227 3803 2212 3803 2209 3804 2227 3804 2224 3804 2210 3805 2228 3805 2225 3805 2213 3806 2228 3806 2210 3806 2214 3807 2229 3807 2211 3807 2217 3808 2229 3808 2214 3808 2211 3809 2229 3809 2226 3809 2215 3810 2230 3810 2227 3810 2216 3811 2231 3811 2213 3811 2213 3812 2231 3812 2228 3812 2220 3813 2232 3813 2217 3813 2217 3814 2232 3814 2229 3814 2218 3815 2233 3815 2215 3815 2222 3816 2233 3816 2218 3816 2215 3817 2233 3817 2230 3817 2219 3818 2234 3818 2216 3818 2216 3819 2234 3819 2231 3819 1271 3820 2235 3820 2220 3820 2220 3821 2235 3821 2232 3821 1832 3822 2236 3822 1833 3822 1833 3823 2236 3823 1834 3823 2221 3824 2236 3824 1832 3824 2222 3825 2237 3825 2233 3825 2223 3826 2238 3826 2219 3826 2219 3827 2238 3827 2234 3827 2224 3828 2239 3828 2221 3828 2221 3829 2239 3829 2236 3829 2228 3830 2240 3830 2225 3830 2225 3831 2240 3831 2222 3831 2222 3832 2240 3832 2237 3832 2223 3833 2241 3833 2238 3833 2226 3834 2241 3834 2223 3834 2227 3835 2242 3835 2224 3835 2224 3836 2242 3836 2239 3836 2230 3837 2242 3837 2227 3837 2228 3838 2243 3838 2240 3838 2226 3839 2244 3839 2241 3839 2229 3840 2244 3840 2226 3840 2230 3841 2245 3841 2242 3841 2228 3842 2246 3842 2243 3842 2231 3843 2246 3843 2228 3843 2232 3844 2247 3844 2229 3844 2229 3845 2247 3845 2244 3845 2233 3846 2248 3846 2230 3846 2230 3847 2248 3847 2245 3847 2234 3848 2249 3848 2231 3848 2231 3849 2249 3849 2246 3849 2235 3850 2250 3850 2232 3850 1271 3851 2250 3851 2235 3851 2232 3852 2250 3852 2247 3852 1270 3853 2250 3853 1271 3853 2236 3854 2251 3854 1834 3854 2239 3855 2251 3855 2236 3855 2233 3856 2252 3856 2248 3856 2237 3857 2252 3857 2233 3857 2238 3858 2253 3858 2234 3858 2234 3859 2253 3859 2249 3859 2241 3860 2253 3860 2238 3860 2239 3861 2254 3861 2251 3861 2243 3862 2255 3862 2240 3862 2240 3863 2255 3863 2237 3863 2237 3864 2255 3864 2252 3864 2241 3865 2256 3865 2253 3865 2242 3866 2257 3866 2239 3866 2239 3867 2257 3867 2254 3867 2243 3868 2258 3868 2255 3868 2241 3869 2259 3869 2256 3869 2244 3870 2259 3870 2241 3870 2247 3871 2259 3871 2244 3871 2245 3872 2260 3872 2242 3872 2242 3873 2260 3873 2257 3873 2246 3874 2261 3874 2243 3874 2249 3875 2261 3875 2246 3875 2243 3876 2261 3876 2258 3876 2247 3877 2262 3877 2259 3877 2248 3878 2263 3878 2245 3878 2245 3879 2263 3879 2260 3879 2249 3880 2264 3880 2261 3880 2250 3881 2265 3881 2247 3881 1270 3882 2265 3882 2250 3882 2247 3883 2265 3883 2262 3883 1273 3884 2265 3884 1270 3884 1834 3885 2266 3885 1835 3885 1835 3886 2266 3886 1836 3886 2251 3887 2266 3887 1834 3887 2252 3888 2267 3888 2248 3888 2248 3889 2267 3889 2263 3889 2253 3890 2268 3890 2249 3890 2249 3891 2268 3891 2264 3891 2254 3892 2269 3892 2251 3892 2251 3893 2269 3893 2266 3893 2255 3894 2270 3894 2252 3894 2252 3895 2270 3895 2267 3895 2253 3896 2271 3896 2268 3896 2256 3897 2271 3897 2253 3897 2259 3898 2271 3898 2256 3898 2254 3899 2272 3899 2269 3899 2257 3900 2272 3900 2254 3900 2258 3901 2273 3901 2255 3901 2255 3902 2273 3902 2270 3902 2259 3903 2274 3903 2271 3903 2257 3904 2275 3904 2272 3904 2260 3905 2275 3905 2257 3905 2258 3906 2276 3906 2273 3906 2261 3907 2276 3907 2258 3907 2262 3908 2277 3908 2259 3908 2259 3909 2277 3909 2274 3909 2265 3910 2277 3910 2262 3910 2260 3911 2278 3911 2275 3911 2263 3912 2278 3912 2260 3912 2261 3913 2279 3913 2276 3913 2264 3914 2279 3914 2261 3914 1273 3915 2280 3915 2265 3915 2265 3916 2280 3916 2277 3916 1272 3917 2280 3917 1273 3917 1274 3918 2280 3918 1272 3918 1836 3919 2281 3919 1837 3919 2266 3920 2281 3920 1836 3920 2263 3921 2282 3921 2278 3921 2267 3922 2282 3922 2263 3922 2268 3923 2283 3923 2264 3923 2264 3924 2283 3924 2279 3924 2266 3925 2284 3925 2281 3925 2269 3926 2284 3926 2266 3926 2270 3927 2285 3927 2267 3927 2267 3928 2285 3928 2282 3928 2268 3929 2286 3929 2283 3929 2271 3930 2286 3930 2268 3930 2269 3931 2287 3931 2284 3931 2272 3932 2287 3932 2269 3932 2273 3933 2288 3933 2270 3933 2270 3934 2288 3934 2285 3934 2274 3935 2289 3935 2271 3935 2271 3936 2289 3936 2286 3936 2275 3937 2290 3937 2272 3937 2272 3938 2290 3938 2287 3938 2276 3939 2291 3939 2273 3939 2273 3940 2291 3940 2288 3940 2277 3941 2292 3941 2274 3941 2274 3942 2292 3942 2289 3942 2278 3943 2293 3943 2275 3943 2282 3944 2293 3944 2278 3944 2275 3945 2293 3945 2290 3945 2276 3946 2294 3946 2291 3946 2279 3947 2294 3947 2276 3947 2280 3948 2295 3948 2277 3948 1274 3949 2295 3949 2280 3949 2277 3950 2295 3950 2292 3950 2284 3951 2296 3951 2281 3951 2281 3952 2296 3952 1837 3952 2285 3953 2297 3953 2282 3953 2282 3954 2297 3954 2293 3954 2283 3955 2298 3955 2279 3955 2279 3956 2298 3956 2294 3956 2284 3957 2299 3957 2296 3957 2285 3958 2300 3958 2297 3958 2286 3959 2301 3959 2283 3959 2283 3960 2301 3960 2298 3960 2287 3961 2302 3961 2284 3961 2284 3962 2302 3962 2299 3962 2290 3963 2302 3963 2287 3963 2285 3964 2303 3964 2300 3964 2288 3965 2303 3965 2285 3965 2289 3966 2304 3966 2286 3966 2292 3967 2304 3967 2289 3967 2286 3968 2304 3968 2301 3968 2290 3969 2305 3969 2302 3969 2288 3970 2306 3970 2303 3970 2291 3971 2306 3971 2288 3971 2292 3972 2307 3972 2304 3972 2293 3973 2308 3973 2290 3973 2290 3974 2308 3974 2305 3974 2297 3975 2308 3975 2293 3975 2291 3976 2309 3976 2306 3976 2294 3977 2309 3977 2291 3977 2292 3978 2310 3978 2307 3978 1274 3979 2310 3979 2295 3979 2295 3980 2310 3980 2292 3980 1276 3981 2310 3981 1274 3981 1275 3982 2310 3982 1276 3982 1837 3983 2311 3983 1838 3983 2296 3984 2311 3984 1837 3984 2299 3985 2311 3985 2296 3985 2297 3986 2312 3986 2308 3986 2294 3987 2313 3987 2309 3987 2298 3988 2313 3988 2294 3988 2299 3989 2314 3989 2311 3989 2297 3990 2315 3990 2312 3990 2300 3991 2315 3991 2297 3991 2301 3992 2316 3992 2298 3992 2298 3993 2316 3993 2313 3993 2299 3994 2317 3994 2314 3994 2302 3995 2317 3995 2299 3995 2303 3996 2318 3996 2300 3996 2300 3997 2318 3997 2315 3997 2301 3998 2319 3998 2316 3998 2304 3999 2319 3999 2301 3999 2305 4000 2320 4000 2302 4000 2302 4001 2320 4001 2317 4001 2303 4002 2321 4002 2318 4002 2306 4003 2321 4003 2303 4003 2307 4004 2322 4004 2304 4004 2304 4005 2322 4005 2319 4005 2305 4006 2323 4006 2320 4006 2312 4007 2323 4007 2308 4007 2308 4008 2323 4008 2305 4008 2309 4009 2324 4009 2306 4009 2306 4010 2324 4010 2321 4010 2307 4011 2325 4011 2322 4011 1275 4012 2325 4012 2310 4012 2310 4013 2325 4013 2307 4013 1838 4014 2326 4014 1839 4014 1839 4015 2326 4015 1198 4015 1198 4016 2326 4016 1199 4016 2311 4017 2326 4017 1838 4017 2315 4018 2327 4018 2312 4018 2312 4019 2327 4019 2323 4019 2316 4020 2328 4020 2313 4020 2309 4021 2328 4021 2324 4021 2313 4022 2328 4022 2309 4022 1199 4023 2329 4023 1200 4023 2326 4024 2329 4024 1199 4024 2311 4025 2329 4025 2326 4025 2314 4026 2329 4026 2311 4026 2318 4027 2330 4027 2315 4027 2315 4028 2330 4028 2327 4028 2316 4029 2331 4029 2328 4029 1200 4030 2332 4030 1201 4030 2314 4031 2332 4031 2329 4031 2317 4032 2332 4032 2314 4032 2329 4033 2332 4033 1200 4033 2318 4034 2333 4034 2330 4034 2319 4035 2334 4035 2316 4035 2316 4036 2334 4036 2331 4036 1201 4037 2335 4037 1202 4037 2317 4038 2335 4038 2332 4038 2332 4039 2335 4039 1201 4039 2320 4040 2335 4040 2317 4040 2321 4041 2336 4041 2318 4041 2318 4042 2336 4042 2333 4042 2324 4043 2336 4043 2321 4043 2319 4044 2337 4044 2334 4044 2322 4045 2337 4045 2319 4045 2335 4046 2338 4046 1202 4046 2320 4047 2338 4047 2335 4047 1202 4048 2338 4048 1203 4048 2323 4049 2338 4049 2320 4049 2324 4050 2339 4050 2336 4050 2328 4051 2339 4051 2324 4051 2322 4052 2340 4052 2337 4052 2325 4053 2340 4053 2322 4053 1275 4054 2340 4054 2325 4054 1278 4055 2340 4055 1275 4055 2323 4056 2341 4056 2338 4056 1203 4057 2341 4057 1204 4057 2327 4058 2341 4058 2323 4058 2338 4059 2341 4059 1203 4059 2328 4060 2342 4060 2339 4060 2327 4061 2343 4061 2341 4061 1204 4062 2343 4062 1205 4062 1205 4063 2343 4063 1206 4063 2341 4064 2343 4064 1204 4064 2330 4065 2343 4065 2327 4065 2328 4066 2344 4066 2342 4066 2331 4067 2344 4067 2328 4067 2333 4068 2345 4068 2330 4068 2343 4069 2345 4069 1206 4069 2330 4070 2345 4070 2343 4070 2337 4071 2346 4071 2334 4071 2334 4072 2346 4072 2331 4072 2331 4073 2346 4073 2344 4073 2336 4074 2347 4074 2333 4074 2345 4075 2347 4075 1206 4075 2333 4076 2347 4076 2345 4076 1206 4077 2347 4077 1207 4077 2340 4078 2348 4078 2337 4078 2337 4079 2348 4079 2346 4079 2339 4080 2349 4080 2336 4080 2347 4081 2349 4081 1207 4081 2336 4082 2349 4082 2347 4082 1207 4083 2349 4083 1208 4083 1208 4084 2349 4084 1209 4084 1278 4085 2350 4085 2340 4085 2340 4086 2350 4086 2348 4086 1277 4087 2350 4087 1278 4087 1279 4088 2350 4088 1277 4088 2339 4089 2351 4089 2349 4089 2349 4090 2351 4090 1209 4090 2342 4091 2351 4091 2339 4091 2351 4092 2352 4092 1209 4092 1209 4093 2352 4093 1210 4093 2342 4094 2352 4094 2351 4094 2344 4095 2352 4095 2342 4095 2346 4096 2353 4096 2344 4096 2352 4097 2353 4097 1210 4097 2344 4098 2353 4098 2352 4098 1210 4099 2353 4099 1211 4099 2348 4100 2354 4100 2346 4100 2346 4101 2354 4101 2353 4101 2353 4102 2354 4102 1211 4102 1211 4103 2354 4103 1212 4103 1212 4104 2354 4104 1213 4104 2350 4105 2355 4105 2348 4105 1279 4106 2355 4106 2350 4106 2348 4107 2355 4107 2354 4107 2354 4108 2355 4108 1213 4108 1213 4109 2355 4109 1279 4109 1870 4110 2356 4110 1871 4110 1280 4111 2357 4111 1281 4111 1281 4112 2357 4112 1840 4112 1282 4113 2358 4113 1280 4113 1280 4114 2358 4114 2357 4114 1283 4115 2359 4115 1282 4115 1282 4116 2359 4116 2358 4116 1284 4117 2360 4117 1283 4117 1283 4118 2360 4118 2359 4118 1285 4119 2361 4119 1284 4119 1284 4120 2361 4120 2360 4120 1840 4121 2362 4121 1841 4121 2357 4122 2362 4122 1840 4122 1286 4123 2363 4123 1285 4123 1285 4124 2363 4124 2361 4124 2358 4125 2364 4125 2357 4125 2357 4126 2364 4126 2362 4126 1287 4127 2365 4127 1286 4127 1286 4128 2365 4128 2363 4128 2359 4129 2366 4129 2358 4129 2358 4130 2366 4130 2364 4130 1288 4131 2367 4131 1287 4131 1287 4132 2367 4132 2365 4132 2359 4133 2368 4133 2366 4133 2360 4134 2368 4134 2359 4134 1289 4135 2369 4135 1288 4135 1288 4136 2369 4136 2367 4136 2360 4137 2370 4137 2368 4137 2361 4138 2370 4138 2360 4138 1290 4139 2371 4139 1289 4139 1289 4140 2371 4140 2369 4140 1841 4141 2372 4141 1842 4141 2362 4142 2372 4142 1841 4142 2363 4143 2373 4143 2361 4143 2361 4144 2373 4144 2370 4144 1291 4145 2374 4145 1290 4145 1290 4146 2374 4146 2371 4146 2364 4147 2375 4147 2362 4147 2362 4148 2375 4148 2372 4148 2365 4149 2376 4149 2363 4149 2363 4150 2376 4150 2373 4150 1291 4151 2377 4151 2374 4151 1292 4152 2377 4152 1291 4152 2366 4153 2378 4153 2364 4153 2364 4154 2378 4154 2375 4154 2365 4155 2379 4155 2376 4155 2367 4156 2379 4156 2365 4156 1293 4157 2380 4157 1292 4157 1292 4158 2380 4158 2377 4158 2366 4159 2381 4159 2378 4159 2368 4160 2381 4160 2366 4160 2367 4161 2382 4161 2379 4161 2369 4162 2382 4162 2367 4162 1294 4163 2383 4163 1293 4163 1293 4164 2383 4164 2380 4164 2370 4165 2384 4165 2368 4165 2368 4166 2384 4166 2381 4166 2369 4167 2385 4167 2382 4167 2371 4168 2385 4168 2369 4168 1295 4169 2386 4169 1294 4169 1245 4170 2386 4170 1295 4170 1294 4171 2386 4171 2383 4171 1244 4172 2386 4172 1245 4172 1842 4173 2387 4173 1843 4173 2372 4174 2387 4174 1842 4174 2370 4175 2388 4175 2384 4175 2373 4176 2388 4176 2370 4176 2374 4177 2389 4177 2371 4177 2371 4178 2389 4178 2385 4178 2372 4179 2390 4179 2387 4179 2375 4180 2390 4180 2372 4180 2373 4181 2391 4181 2388 4181 2376 4182 2391 4182 2373 4182 2377 4183 2392 4183 2374 4183 2374 4184 2392 4184 2389 4184 2375 4185 2393 4185 2390 4185 2378 4186 2393 4186 2375 4186 2379 4187 2394 4187 2376 4187 2376 4188 2394 4188 2391 4188 2377 4189 2395 4189 2392 4189 2380 4190 2395 4190 2377 4190 2381 4191 2396 4191 2378 4191 2378 4192 2396 4192 2393 4192 2385 4193 2397 4193 2382 4193 2382 4194 2397 4194 2379 4194 2379 4195 2397 4195 2394 4195 2380 4196 2398 4196 2395 4196 2383 4197 2398 4197 2380 4197 2384 4198 2399 4198 2381 4198 2381 4199 2399 4199 2396 4199 2385 4200 2400 4200 2397 4200 1244 4201 2401 4201 2386 4201 2383 4202 2401 4202 2398 4202 1240 4203 2401 4203 1244 4203 2386 4204 2401 4204 2383 4204 1843 4205 2402 4205 1844 4205 2387 4206 2402 4206 1843 4206 2388 4207 2403 4207 2384 4207 2384 4208 2403 4208 2399 4208 2389 4209 2404 4209 2385 4209 2385 4210 2404 4210 2400 4210 2387 4211 2405 4211 2402 4211 2390 4212 2405 4212 2387 4212 2393 4213 2405 4213 2390 4213 2388 4214 2406 4214 2403 4214 2391 4215 2406 4215 2388 4215 2389 4216 2407 4216 2404 4216 2392 4217 2407 4217 2389 4217 2393 4218 2408 4218 2405 4218 2391 4219 2409 4219 2406 4219 2394 4220 2409 4220 2391 4220 2392 4221 2410 4221 2407 4221 2395 4222 2410 4222 2392 4222 2398 4223 2410 4223 2395 4223 2396 4224 2411 4224 2393 4224 2393 4225 2411 4225 2408 4225 2397 4226 2412 4226 2394 4226 2394 4227 2412 4227 2409 4227 2398 4228 2413 4228 2410 4228 2396 4229 2414 4229 2411 4229 2399 4230 2414 4230 2396 4230 2400 4231 2415 4231 2397 4231 2404 4232 2415 4232 2400 4232 2397 4233 2415 4233 2412 4233 2398 4234 2416 4234 2413 4234 2401 4235 2416 4235 2398 4235 1240 4236 2416 4236 2401 4236 1239 4237 2416 4237 1240 4237 1237 4238 2416 4238 1239 4238 1844 4239 2417 4239 1845 4239 2402 4240 2417 4240 1844 4240 2399 4241 2418 4241 2414 4241 2403 4242 2418 4242 2399 4242 2404 4243 2419 4243 2415 4243 2405 4244 2420 4244 2402 4244 2402 4245 2420 4245 2417 4245 2406 4246 2421 4246 2403 4246 2403 4247 2421 4247 2418 4247 2407 4248 2422 4248 2404 4248 2404 4249 2422 4249 2419 4249 2408 4250 2423 4250 2405 4250 2405 4251 2423 4251 2420 4251 2409 4252 2424 4252 2406 4252 2406 4253 2424 4253 2421 4253 2407 4254 2425 4254 2422 4254 2410 4255 2425 4255 2407 4255 2414 4256 2426 4256 2411 4256 2411 4257 2426 4257 2408 4257 2408 4258 2426 4258 2423 4258 2412 4259 2427 4259 2409 4259 2415 4260 2427 4260 2412 4260 2409 4261 2427 4261 2424 4261 2413 4262 2428 4262 2410 4262 2410 4263 2428 4263 2425 4263 2414 4264 2429 4264 2426 4264 2415 4265 2430 4265 2427 4265 2416 4266 2431 4266 2413 4266 2413 4267 2431 4267 2428 4267 1237 4268 2431 4268 2416 4268 1845 4269 2432 4269 1846 4269 2417 4270 2432 4270 1845 4270 2420 4271 2432 4271 2417 4271 2418 4272 2433 4272 2414 4272 2414 4273 2433 4273 2429 4273 2421 4274 2433 4274 2418 4274 2419 4275 2434 4275 2415 4275 2415 4276 2434 4276 2430 4276 2420 4277 2435 4277 2432 4277 2421 4278 2436 4278 2433 4278 2419 4279 2437 4279 2434 4279 2422 4280 2437 4280 2419 4280 2420 4281 2438 4281 2435 4281 2426 4282 2438 4282 2423 4282 2423 4283 2438 4283 2420 4283 2421 4284 2439 4284 2436 4284 2424 4285 2439 4285 2421 4285 2422 4286 2440 4286 2437 4286 2425 4287 2440 4287 2422 4287 2426 4288 2441 4288 2438 4288 2424 4289 2442 4289 2439 4289 2427 4290 2442 4290 2424 4290 2428 4291 2443 4291 2425 4291 2425 4292 2443 4292 2440 4292 2429 4293 2444 4293 2426 4293 2426 4294 2444 4294 2441 4294 2427 4295 2445 4295 2442 4295 2430 4296 2445 4296 2427 4296 1237 4297 2446 4297 2431 4297 2428 4298 2446 4298 2443 4298 1236 4299 2446 4299 1237 4299 2431 4300 2446 4300 2428 4300 1846 4301 2447 4301 1847 4301 2432 4302 2447 4302 1846 4302 2433 4303 2448 4303 2429 4303 2429 4304 2448 4304 2444 4304 2434 4305 2449 4305 2430 4305 2430 4306 2449 4306 2445 4306 2437 4307 2449 4307 2434 4307 2432 4308 2450 4308 2447 4308 2435 4309 2450 4309 2432 4309 2436 4310 2451 4310 2433 4310 2433 4311 2451 4311 2448 4311 2440 4312 2452 4312 2437 4312 2437 4313 2452 4313 2449 4313 2438 4314 2453 4314 2435 4314 2435 4315 2453 4315 2450 4315 2439 4316 2454 4316 2436 4316 2436 4317 2454 4317 2451 4317 2440 4318 2455 4318 2452 4318 2441 4319 2456 4319 2438 4319 2438 4320 2456 4320 2453 4320 2442 4321 2457 4321 2439 4321 2439 4322 2457 4322 2454 4322 2443 4323 2458 4323 2440 4323 2440 4324 2458 4324 2455 4324 2444 4325 2459 4325 2441 4325 2441 4326 2459 4326 2456 4326 2445 4327 2460 4327 2442 4327 2442 4328 2460 4328 2457 4328 2446 4329 2461 4329 2443 4329 1236 4330 2461 4330 2446 4330 1238 4331 2461 4331 1236 4331 1231 4332 2461 4332 1238 4332 2443 4333 2461 4333 2458 4333 1847 4334 2462 4334 1848 4334 2450 4335 2462 4335 2447 4335 2447 4336 2462 4336 1847 4336 2448 4337 2463 4337 2444 4337 2444 4338 2463 4338 2459 4338 2449 4339 2464 4339 2445 4339 2445 4340 2464 4340 2460 4340 2450 4341 2465 4341 2462 4341 2454 4342 2466 4342 2451 4342 2451 4343 2466 4343 2448 4343 2448 4344 2466 4344 2463 4344 2452 4345 2467 4345 2449 4345 2449 4346 2467 4346 2464 4346 2450 4347 2468 4347 2465 4347 2453 4348 2468 4348 2450 4348 2454 4349 2469 4349 2466 4349 2455 4350 2470 4350 2452 4350 2452 4351 2470 4351 2467 4351 2458 4352 2470 4352 2455 4352 2453 4353 2471 4353 2468 4353 2456 4354 2471 4354 2453 4354 2454 4355 2472 4355 2469 4355 2460 4356 2472 4356 2457 4356 2457 4357 2472 4357 2454 4357 2458 4358 2473 4358 2470 4358 2456 4359 2474 4359 2471 4359 2459 4360 2474 4360 2456 4360 2460 4361 2475 4361 2472 4361 2458 4362 2476 4362 2473 4362 1231 4363 2476 4363 2461 4363 2461 4364 2476 4364 2458 4364 1848 4365 2477 4365 1849 4365 1849 4366 2477 4366 1850 4366 2462 4367 2477 4367 1848 4367 2463 4368 2478 4368 2459 4368 2459 4369 2478 4369 2474 4369 2464 4370 2479 4370 2460 4370 2467 4371 2479 4371 2464 4371 2460 4372 2479 4372 2475 4372 2465 4373 2480 4373 2462 4373 2462 4374 2480 4374 2477 4374 2463 4375 2481 4375 2478 4375 2466 4376 2481 4376 2463 4376 2467 4377 2482 4377 2479 4377 2465 4378 2483 4378 2480 4378 2468 4379 2483 4379 2465 4379 2469 4380 2484 4380 2466 4380 2466 4381 2484 4381 2481 4381 2470 4382 2485 4382 2467 4382 2467 4383 2485 4383 2482 4383 2471 4384 2486 4384 2468 4384 2468 4385 2486 4385 2483 4385 2472 4386 2487 4386 2469 4386 2475 4387 2487 4387 2472 4387 2469 4388 2487 4388 2484 4388 2473 4389 2488 4389 2470 4389 2470 4390 2488 4390 2485 4390 2474 4391 2489 4391 2471 4391 2471 4392 2489 4392 2486 4392 2479 4393 2490 4393 2475 4393 2475 4394 2490 4394 2487 4394 2476 4395 2491 4395 2473 4395 1231 4396 2491 4396 2476 4396 2473 4397 2491 4397 2488 4397 1230 4398 2491 4398 1231 4398 2477 4399 2492 4399 1850 4399 2478 4400 2493 4400 2474 4400 2474 4401 2493 4401 2489 4401 2479 4402 2494 4402 2490 4402 2480 4403 2495 4403 2477 4403 2477 4404 2495 4404 2492 4404 2478 4405 2496 4405 2493 4405 2481 4406 2496 4406 2478 4406 2482 4407 2497 4407 2479 4407 2479 4408 2497 4408 2494 4408 2483 4409 2498 4409 2480 4409 2480 4410 2498 4410 2495 4410 2484 4411 2499 4411 2481 4411 2481 4412 2499 4412 2496 4412 2485 4413 2500 4413 2482 4413 2488 4414 2500 4414 2485 4414 2482 4415 2500 4415 2497 4415 2489 4416 2501 4416 2486 4416 2486 4417 2501 4417 2483 4417 2483 4418 2501 4418 2498 4418 2487 4419 2502 4419 2484 4419 2484 4420 2502 4420 2499 4420 2488 4421 2503 4421 2500 4421 2489 4422 2504 4422 2501 4422 2490 4423 2505 4423 2487 4423 2487 4424 2505 4424 2502 4424 2488 4425 2506 4425 2503 4425 1232 4426 2506 4426 1230 4426 1226 4427 2506 4427 1232 4427 2491 4428 2506 4428 2488 4428 1230 4429 2506 4429 2491 4429 1850 4430 2507 4430 1851 4430 1851 4431 2507 4431 1852 4431 2492 4432 2507 4432 1850 4432 2493 4433 2508 4433 2489 4433 2489 4434 2508 4434 2504 4434 2490 4435 2509 4435 2505 4435 2494 4436 2509 4436 2490 4436 2498 4437 2510 4437 2495 4437 2492 4438 2510 4438 2507 4438 2495 4439 2510 4439 2492 4439 2496 4440 2511 4440 2493 4440 2499 4441 2511 4441 2496 4441 2493 4442 2511 4442 2508 4442 2494 4443 2512 4443 2509 4443 2497 4444 2512 4444 2494 4444 2498 4445 2513 4445 2510 4445 2499 4446 2514 4446 2511 4446 2500 4447 2515 4447 2497 4447 2497 4448 2515 4448 2512 4448 2501 4449 2516 4449 2498 4449 2498 4450 2516 4450 2513 4450 2505 4451 2517 4451 2502 4451 2502 4452 2517 4452 2499 4452 2499 4453 2517 4453 2514 4453 2503 4454 2518 4454 2500 4454 2500 4455 2518 4455 2515 4455 2504 4456 2519 4456 2501 4456 2501 4457 2519 4457 2516 4457 2505 4458 2520 4458 2517 4458 2506 4459 2521 4459 2503 4459 2503 4460 2521 4460 2518 4460 1226 4461 2521 4461 2506 4461 1852 4462 2522 4462 1853 4462 2507 4463 2522 4463 1852 4463 2508 4464 2523 4464 2504 4464 2504 4465 2523 4465 2519 4465 2505 4466 2524 4466 2520 4466 2509 4467 2524 4467 2505 4467 2510 4468 2525 4468 2507 4468 2507 4469 2525 4469 2522 4469 2511 4470 2526 4470 2508 4470 2508 4471 2526 4471 2523 4471 2512 4472 2527 4472 2509 4472 2515 4473 2527 4473 2512 4473 2509 4474 2527 4474 2524 4474 2513 4475 2528 4475 2510 4475 2510 4476 2528 4476 2525 4476 2514 4477 2529 4477 2511 4477 2511 4478 2529 4478 2526 4478 2517 4479 2529 4479 2514 4479 2515 4480 2530 4480 2527 4480 2516 4481 2531 4481 2513 4481 2513 4482 2531 4482 2528 4482 2517 4483 2532 4483 2529 4483 2518 4484 2533 4484 2515 4484 2515 4485 2533 4485 2530 4485 2519 4486 2534 4486 2516 4486 2516 4487 2534 4487 2531 4487 2517 4488 2535 4488 2532 4488 2520 4489 2535 4489 2517 4489 1225 4490 2536 4490 1226 4490 2521 4491 2536 4491 2518 4491 1218 4492 2536 4492 1225 4492 1226 4493 2536 4493 2521 4493 2518 4494 2536 4494 2533 4494 2522 4495 2537 4495 1853 4495 2523 4496 2538 4496 2519 4496 2519 4497 2538 4497 2534 4497 2520 4498 2539 4498 2535 4498 2524 4499 2539 4499 2520 4499 2522 4500 2540 4500 2537 4500 2525 4501 2540 4501 2522 4501 2528 4502 2540 4502 2525 4502 2526 4503 2541 4503 2523 4503 2523 4504 2541 4504 2538 4504 2530 4505 2542 4505 2527 4505 2524 4506 2542 4506 2539 4506 2527 4507 2542 4507 2524 4507 2531 4508 2543 4508 2528 4508 2528 4509 2543 4509 2540 4509 2526 4510 2544 4510 2541 4510 2529 4511 2544 4511 2526 4511 2533 4512 2545 4512 2530 4512 2530 4513 2545 4513 2542 4513 2531 4514 2546 4514 2543 4514 2529 4515 2547 4515 2544 4515 2532 4516 2547 4516 2529 4516 2533 4517 2548 4517 2545 4517 2531 4518 2549 4518 2546 4518 2534 4519 2549 4519 2531 4519 2532 4520 2550 4520 2547 4520 2535 4521 2550 4521 2532 4521 1218 4522 2551 4522 2536 4522 2536 4523 2551 4523 2533 4523 2533 4524 2551 4524 2548 4524 1853 4525 2552 4525 1854 4525 1854 4526 2552 4526 1855 4526 2537 4527 2552 4527 1853 4527 2538 4528 2553 4528 2534 4528 2534 4529 2553 4529 2549 4529 2541 4530 2553 4530 2538 4530 2539 4531 2554 4531 2535 4531 2535 4532 2554 4532 2550 4532 2540 4533 2555 4533 2537 4533 2537 4534 2555 4534 2552 4534 2541 4535 2556 4535 2553 4535 2542 4536 2557 4536 2539 4536 2539 4537 2557 4537 2554 4537 2543 4538 2558 4538 2540 4538 2540 4539 2558 4539 2555 4539 2546 4540 2558 4540 2543 4540 2544 4541 2559 4541 2541 4541 2547 4542 2559 4542 2544 4542 2541 4543 2559 4543 2556 4543 2545 4544 2560 4544 2542 4544 2542 4545 2560 4545 2557 4545 2546 4546 2561 4546 2558 4546 2547 4547 2562 4547 2559 4547 2548 4548 2563 4548 2545 4548 2545 4549 2563 4549 2560 4549 2549 4550 2564 4550 2546 4550 2546 4551 2564 4551 2561 4551 2554 4552 2565 4552 2550 4552 2550 4553 2565 4553 2547 4553 2547 4554 2565 4554 2562 4554 2551 4555 2566 4555 2548 4555 1218 4556 2566 4556 2551 4556 1216 4557 2566 4557 1218 4557 2548 4558 2566 4558 2563 4558 2552 4559 2567 4559 1855 4559 2553 4560 2568 4560 2549 4560 2549 4561 2568 4561 2564 4561 2557 4562 2569 4562 2554 4562 2554 4563 2569 4563 2565 4563 2552 4564 2570 4564 2567 4564 2555 4565 2570 4565 2552 4565 2558 4566 2570 4566 2555 4566 2556 4567 2571 4567 2553 4567 2553 4568 2571 4568 2568 4568 2557 4569 2572 4569 2569 4569 2558 4570 2573 4570 2570 4570 2556 4571 2574 4571 2571 4571 2559 4572 2574 4572 2556 4572 2563 4573 2575 4573 2560 4573 2557 4574 2575 4574 2572 4574 2560 4575 2575 4575 2557 4575 2561 4576 2576 4576 2558 4576 2558 4577 2576 4577 2573 4577 2559 4578 2577 4578 2574 4578 2562 4579 2577 4579 2559 4579 2563 4580 2578 4580 2575 4580 2561 4581 2579 4581 2576 4581 2564 4582 2579 4582 2561 4582 2562 4583 2580 4583 2577 4583 2565 4584 2580 4584 2562 4584 2566 4585 2581 4585 2563 4585 2563 4586 2581 4586 2578 4586 1216 4587 2581 4587 2566 4587 1215 4588 2581 4588 1216 4588 1855 4589 2582 4589 1856 4589 1856 4590 2582 4590 1857 4590 2567 4591 2582 4591 1855 4591 2568 4592 2583 4592 2564 4592 2564 4593 2583 4593 2579 4593 2569 4594 2584 4594 2565 4594 2565 4595 2584 4595 2580 4595 2567 4596 2585 4596 2582 4596 2570 4597 2585 4597 2567 4597 2571 4598 2586 4598 2568 4598 2568 4599 2586 4599 2583 4599 2572 4600 2587 4600 2569 4600 2569 4601 2587 4601 2584 4601 2573 4602 2588 4602 2570 4602 2570 4603 2588 4603 2585 4603 2577 4604 2589 4604 2574 4604 2571 4605 2589 4605 2586 4605 2574 4606 2589 4606 2571 4606 2575 4607 2590 4607 2572 4607 2572 4608 2590 4608 2587 4608 2576 4609 2591 4609 2573 4609 2573 4610 2591 4610 2588 4610 2577 4611 2592 4611 2589 4611 2575 4612 2593 4612 2590 4612 2578 4613 2593 4613 2575 4613 2576 4614 2594 4614 2591 4614 2579 4615 2594 4615 2576 4615 2584 4616 2595 4616 2580 4616 2580 4617 2595 4617 2577 4617 2577 4618 2595 4618 2592 4618 2581 4619 2596 4619 2578 4619 1215 4620 2596 4620 2581 4620 1217 4621 2596 4621 1215 4621 2578 4622 2596 4622 2593 4622 2582 4623 2597 4623 1857 4623 2579 4624 2598 4624 2594 4624 2583 4625 2598 4625 2579 4625 2587 4626 2599 4626 2584 4626 2584 4627 2599 4627 2595 4627 2585 4628 2600 4628 2582 4628 2582 4629 2600 4629 2597 4629 2583 4630 2601 4630 2598 4630 2586 4631 2601 4631 2583 4631 2587 4632 2602 4632 2599 4632 2585 4633 2603 4633 2600 4633 2588 4634 2603 4634 2585 4634 2589 4635 2604 4635 2586 4635 2586 4636 2604 4636 2601 4636 2587 4637 2605 4637 2602 4637 2593 4638 2605 4638 2590 4638 2590 4639 2605 4639 2587 4639 2588 4640 2606 4640 2603 4640 2591 4641 2606 4641 2588 4641 2589 4642 2607 4642 2604 4642 2592 4643 2607 4643 2589 4643 2593 4644 2608 4644 2605 4644 2591 4645 2609 4645 2606 4645 2594 4646 2609 4646 2591 4646 2595 4647 2610 4647 2592 4647 2592 4648 2610 4648 2607 4648 2596 4649 2611 4649 2593 4649 1219 4650 2611 4650 1217 4650 2593 4651 2611 4651 2608 4651 1217 4652 2611 4652 2596 4652 1857 4653 2612 4653 1858 4653 2597 4654 2612 4654 1857 4654 2601 4655 2613 4655 2598 4655 2594 4656 2613 4656 2609 4656 2598 4657 2613 4657 2594 4657 2599 4658 2614 4658 2595 4658 2595 4659 2614 4659 2610 4659 2600 4660 2615 4660 2597 4660 2597 4661 2615 4661 2612 4661 2603 4662 2615 4662 2600 4662 2601 4663 2616 4663 2613 4663 2602 4664 2617 4664 2599 4664 2599 4665 2617 4665 2614 4665 2603 4666 2618 4666 2615 4666 2601 4667 2619 4667 2616 4667 2604 4668 2619 4668 2601 4668 2602 4669 2620 4669 2617 4669 2605 4670 2620 4670 2602 4670 2606 4671 2621 4671 2603 4671 2603 4672 2621 4672 2618 4672 2609 4673 2621 4673 2606 4673 2607 4674 2622 4674 2604 4674 2604 4675 2622 4675 2619 4675 2610 4676 2622 4676 2607 4676 2605 4677 2623 4677 2620 4677 2608 4678 2623 4678 2605 4678 2609 4679 2624 4679 2621 4679 2610 4680 2625 4680 2622 4680 2608 4681 2626 4681 2623 4681 1219 4682 2626 4682 2611 4682 1220 4683 2626 4683 1219 4683 2611 4684 2626 4684 2608 4684 1858 4685 2627 4685 1859 4685 2612 4686 2627 4686 1858 4686 2613 4687 2628 4687 2609 4687 2609 4688 2628 4688 2624 4688 2614 4689 2629 4689 2610 4689 2610 4690 2629 4690 2625 4690 2612 4691 2630 4691 2627 4691 2615 4692 2630 4692 2612 4692 2616 4693 2631 4693 2613 4693 2613 4694 2631 4694 2628 4694 2617 4695 2632 4695 2614 4695 2614 4696 2632 4696 2629 4696 2621 4697 2633 4697 2618 4697 2615 4698 2633 4698 2630 4698 2618 4699 2633 4699 2615 4699 2619 4700 2634 4700 2616 4700 2616 4701 2634 4701 2631 4701 2617 4702 2635 4702 2632 4702 2620 4703 2635 4703 2617 4703 2621 4704 2636 4704 2633 4704 2619 4705 2637 4705 2634 4705 2622 4706 2637 4706 2619 4706 2623 4707 2638 4707 2620 4707 2620 4708 2638 4708 2635 4708 2621 4709 2639 4709 2636 4709 2624 4710 2639 4710 2621 4710 2628 4711 2639 4711 2624 4711 2625 4712 2640 4712 2622 4712 2622 4713 2640 4713 2637 4713 2623 4714 2641 4714 2638 4714 2626 4715 2641 4715 2623 4715 1221 4716 2641 4716 1220 4716 1220 4717 2641 4717 2626 4717 1859 4718 2642 4718 1860 4718 2627 4719 2642 4719 1859 4719 2628 4720 2643 4720 2639 4720 2625 4721 2644 4721 2640 4721 2629 4722 2644 4722 2625 4722 2627 4723 2645 4723 2642 4723 2630 4724 2645 4724 2627 4724 2628 4725 2646 4725 2643 4725 2631 4726 2646 4726 2628 4726 2629 4727 2647 4727 2644 4727 2632 4728 2647 4728 2629 4728 2630 4729 2648 4729 2645 4729 2633 4730 2648 4730 2630 4730 2634 4731 2649 4731 2631 4731 2631 4732 2649 4732 2646 4732 2632 4733 2650 4733 2647 4733 2635 4734 2650 4734 2632 4734 2633 4735 2651 4735 2648 4735 2636 4736 2651 4736 2633 4736 2640 4737 2652 4737 2637 4737 2637 4738 2652 4738 2634 4738 2634 4739 2652 4739 2649 4739 2638 4740 2653 4740 2635 4740 2635 4741 2653 4741 2650 4741 2641 4742 2653 4742 2638 4742 2639 4743 2654 4743 2636 4743 2636 4744 2654 4744 2651 4744 2640 4745 2655 4745 2652 4745 1221 4746 2656 4746 2641 4746 2641 4747 2656 4747 2653 4747 1222 4748 2656 4748 1221 4748 1224 4749 2656 4749 1222 4749 1860 4750 2657 4750 1861 4750 1861 4751 2657 4751 1862 4751 2642 4752 2657 4752 1860 4752 2643 4753 2658 4753 2639 4753 2639 4754 2658 4754 2654 4754 2644 4755 2659 4755 2640 4755 2640 4756 2659 4756 2655 4756 2645 4757 2660 4757 2642 4757 2642 4758 2660 4758 2657 4758 2646 4759 2661 4759 2643 4759 2643 4760 2661 4760 2658 4760 2647 4761 2662 4761 2644 4761 2644 4762 2662 4762 2659 4762 2648 4763 2663 4763 2645 4763 2651 4764 2663 4764 2648 4764 2645 4765 2663 4765 2660 4765 2649 4766 2664 4766 2646 4766 2646 4767 2664 4767 2661 4767 2650 4768 2665 4768 2647 4768 2647 4769 2665 4769 2662 4769 2651 4770 2666 4770 2663 4770 2654 4771 2666 4771 2651 4771 2649 4772 2667 4772 2664 4772 2652 4773 2667 4773 2649 4773 2653 4774 2668 4774 2650 4774 2650 4775 2668 4775 2665 4775 2654 4776 2669 4776 2666 4776 2652 4777 2670 4777 2667 4777 2655 4778 2670 4778 2652 4778 2656 4779 2671 4779 2653 4779 1224 4780 2671 4780 2656 4780 2653 4781 2671 4781 2668 4781 2657 4782 2672 4782 1862 4782 2661 4783 2673 4783 2658 4783 2658 4784 2673 4784 2654 4784 2654 4785 2673 4785 2669 4785 2659 4786 2674 4786 2655 4786 2655 4787 2674 4787 2670 4787 2660 4788 2675 4788 2657 4788 2657 4789 2675 4789 2672 4789 2661 4790 2676 4790 2673 4790 2659 4791 2677 4791 2674 4791 2662 4792 2677 4792 2659 4792 2660 4793 2678 4793 2675 4793 2663 4794 2678 4794 2660 4794 2664 4795 2679 4795 2661 4795 2661 4796 2679 4796 2676 4796 2662 4797 2680 4797 2677 4797 2665 4798 2680 4798 2662 4798 2663 4799 2681 4799 2678 4799 2666 4800 2681 4800 2663 4800 2664 4801 2682 4801 2679 4801 2667 4802 2682 4802 2664 4802 2670 4803 2682 4803 2667 4803 2668 4804 2683 4804 2665 4804 2665 4805 2683 4805 2680 4805 2669 4806 2684 4806 2666 4806 2673 4807 2684 4807 2669 4807 2666 4808 2684 4808 2681 4808 2670 4809 2685 4809 2682 4809 2671 4810 2686 4810 2668 4810 1224 4811 2686 4811 2671 4811 2668 4812 2686 4812 2683 4812 1223 4813 2686 4813 1224 4813 1228 4814 2686 4814 1223 4814 2672 4815 2687 4815 1862 4815 1862 4816 2687 4816 1863 4816 1863 4817 2687 4817 1864 4817 2676 4818 2688 4818 2673 4818 2673 4819 2688 4819 2684 4819 2677 4820 2689 4820 2674 4820 2674 4821 2689 4821 2670 4821 2670 4822 2689 4822 2685 4822 2675 4823 2690 4823 2672 4823 2672 4824 2690 4824 2687 4824 2676 4825 2691 4825 2688 4825 2677 4826 2692 4826 2689 4826 2680 4827 2692 4827 2677 4827 2678 4828 2693 4828 2675 4828 2675 4829 2693 4829 2690 4829 2676 4830 2694 4830 2691 4830 2679 4831 2694 4831 2676 4831 2680 4832 2695 4832 2692 4832 2681 4833 2696 4833 2678 4833 2678 4834 2696 4834 2693 4834 2682 4835 2697 4835 2679 4835 2679 4836 2697 4836 2694 4836 2683 4837 2698 4837 2680 4837 2686 4838 2698 4838 2683 4838 2680 4839 2698 4839 2695 4839 2684 4840 2699 4840 2681 4840 2681 4841 2699 4841 2696 4841 2685 4842 2700 4842 2682 4842 2682 4843 2700 4843 2697 4843 2686 4844 2701 4844 2698 4844 1228 4845 2701 4845 2686 4845 2687 4846 2702 4846 1864 4846 2688 4847 2703 4847 2684 4847 2684 4848 2703 4848 2699 4848 2689 4849 2704 4849 2685 4849 2685 4850 2704 4850 2700 4850 2692 4851 2704 4851 2689 4851 2690 4852 2705 4852 2687 4852 2687 4853 2705 4853 2702 4853 2691 4854 2706 4854 2688 4854 2688 4855 2706 4855 2703 4855 2692 4856 2707 4856 2704 4856 2690 4857 2708 4857 2705 4857 2693 4858 2708 4858 2690 4858 2691 4859 2709 4859 2706 4859 2694 4860 2709 4860 2691 4860 2695 4861 2710 4861 2692 4861 2692 4862 2710 4862 2707 4862 2693 4863 2711 4863 2708 4863 2696 4864 2711 4864 2693 4864 2700 4865 2712 4865 2697 4865 2694 4866 2712 4866 2709 4866 2697 4867 2712 4867 2694 4867 2698 4868 2713 4868 2695 4868 2695 4869 2713 4869 2710 4869 2699 4870 2714 4870 2696 4870 2696 4871 2714 4871 2711 4871 2700 4872 2715 4872 2712 4872 2701 4873 2716 4873 2698 4873 1228 4874 2716 4874 2701 4874 2698 4875 2716 4875 2713 4875 1229 4876 2716 4876 1228 4876 1227 4877 2716 4877 1229 4877 2702 4878 2717 4878 1864 4878 1864 4879 2717 4879 1865 4879 2703 4880 2718 4880 2699 4880 2699 4881 2718 4881 2714 4881 2700 4882 2719 4882 2715 4882 2704 4883 2719 4883 2700 4883 2705 4884 2720 4884 2702 4884 2702 4885 2720 4885 2717 4885 2706 4886 2721 4886 2703 4886 2703 4887 2721 4887 2718 4887 2707 4888 2722 4888 2704 4888 2704 4889 2722 4889 2719 4889 2708 4890 2723 4890 2705 4890 2705 4891 2723 4891 2720 4891 2711 4892 2723 4892 2708 4892 2706 4893 2724 4893 2721 4893 2709 4894 2724 4894 2706 4894 2710 4895 2725 4895 2707 4895 2707 4896 2725 4896 2722 4896 2711 4897 2726 4897 2723 4897 2712 4898 2727 4898 2709 4898 2709 4899 2727 4899 2724 4899 2713 4900 2728 4900 2710 4900 2716 4901 2728 4901 2713 4901 2710 4902 2728 4902 2725 4902 2714 4903 2729 4903 2711 4903 2718 4904 2729 4904 2714 4904 2711 4905 2729 4905 2726 4905 2715 4906 2730 4906 2712 4906 2712 4907 2730 4907 2727 4907 2716 4908 2731 4908 2728 4908 1227 4909 2731 4909 2716 4909 1865 4910 2732 4910 1866 4910 2717 4911 2732 4911 1865 4911 2720 4912 2732 4912 2717 4912 2718 4913 2733 4913 2729 4913 2719 4914 2734 4914 2715 4914 2715 4915 2734 4915 2730 4915 2720 4916 2735 4916 2732 4916 2718 4917 2736 4917 2733 4917 2721 4918 2736 4918 2718 4918 2722 4919 2737 4919 2719 4919 2719 4920 2737 4920 2734 4920 2725 4921 2737 4921 2722 4921 2720 4922 2738 4922 2735 4922 2726 4923 2738 4923 2723 4923 2723 4924 2738 4924 2720 4924 2721 4925 2739 4925 2736 4925 2724 4926 2739 4926 2721 4926 2725 4927 2740 4927 2737 4927 2728 4928 2740 4928 2725 4928 2726 4929 2741 4929 2738 4929 2727 4930 2742 4930 2724 4930 2730 4931 2742 4931 2727 4931 2724 4932 2742 4932 2739 4932 2728 4933 2743 4933 2740 4933 2726 4934 2744 4934 2741 4934 2733 4935 2744 4935 2729 4935 2729 4936 2744 4936 2726 4936 2730 4937 2745 4937 2742 4937 1227 4938 2746 4938 2731 4938 2728 4939 2746 4939 2743 4939 1234 4940 2746 4940 1227 4940 1235 4941 2746 4941 1234 4941 2731 4942 2746 4942 2728 4942 1866 4943 2747 4943 1867 4943 2732 4944 2747 4944 1866 4944 2736 4945 2748 4945 2733 4945 2733 4946 2748 4946 2744 4946 2730 4947 2749 4947 2745 4947 2734 4948 2749 4948 2730 4948 2732 4949 2750 4949 2747 4949 2735 4950 2750 4950 2732 4950 2736 4951 2751 4951 2748 4951 2739 4952 2751 4952 2736 4952 2734 4953 2752 4953 2749 4953 2737 4954 2752 4954 2734 4954 2738 4955 2753 4955 2735 4955 2735 4956 2753 4956 2750 4956 2739 4957 2754 4957 2751 4957 2737 4958 2755 4958 2752 4958 2740 4959 2755 4959 2737 4959 2741 4960 2756 4960 2738 4960 2738 4961 2756 4961 2753 4961 2742 4962 2757 4962 2739 4962 2745 4963 2757 4963 2742 4963 2739 4964 2757 4964 2754 4964 2743 4965 2758 4965 2740 4965 2740 4966 2758 4966 2755 4966 2744 4967 2759 4967 2741 4967 2741 4968 2759 4968 2756 4968 2749 4969 2760 4969 2745 4969 2745 4970 2760 4970 2757 4970 2746 4971 2761 4971 2743 4971 2743 4972 2761 4972 2758 4972 1235 4973 2761 4973 2746 4973 2750 4974 2762 4974 2747 4974 1867 4975 2762 4975 1868 4975 2747 4976 2762 4976 1867 4976 2748 4977 2763 4977 2744 4977 2744 4978 2763 4978 2759 4978 2749 4979 2764 4979 2760 4979 2750 4980 2765 4980 2762 4980 2751 4981 2766 4981 2748 4981 2748 4982 2766 4982 2763 4982 2752 4983 2767 4983 2749 4983 2749 4984 2767 4984 2764 4984 2753 4985 2768 4985 2750 4985 2750 4986 2768 4986 2765 4986 2754 4987 2769 4987 2751 4987 2751 4988 2769 4988 2766 4988 2752 4989 2770 4989 2767 4989 2755 4990 2770 4990 2752 4990 2758 4991 2770 4991 2755 4991 2756 4992 2771 4992 2753 4992 2753 4993 2771 4993 2768 4993 2760 4994 2772 4994 2757 4994 2757 4995 2772 4995 2754 4995 2754 4996 2772 4996 2769 4996 2758 4997 2773 4997 2770 4997 2761 4998 2773 4998 2758 4998 2759 4999 2774 4999 2756 4999 2763 5000 2774 5000 2759 5000 2756 5001 2774 5001 2771 5001 2760 5002 2775 5002 2772 5002 2761 5003 2776 5003 2773 5003 1235 5004 2776 5004 2761 5004 1233 5005 2776 5005 1235 5005 1242 5006 2776 5006 1233 5006 1868 5007 2777 5007 1869 5007 2762 5008 2777 5008 1868 5008 2765 5009 2777 5009 2762 5009 2766 5010 2778 5010 2763 5010 2763 5011 2778 5011 2774 5011 2760 5012 2779 5012 2775 5012 2764 5013 2779 5013 2760 5013 2765 5014 2780 5014 2777 5014 2766 5015 2781 5015 2778 5015 2769 5016 2781 5016 2766 5016 2764 5017 2782 5017 2779 5017 2767 5018 2782 5018 2764 5018 2771 5019 2783 5019 2768 5019 2765 5020 2783 5020 2780 5020 2768 5021 2783 5021 2765 5021 2769 5022 2784 5022 2781 5022 2770 5023 2785 5023 2767 5023 2767 5024 2785 5024 2782 5024 2771 5025 2786 5025 2783 5025 2772 5026 2787 5026 2769 5026 2775 5027 2787 5027 2772 5027 2769 5028 2787 5028 2784 5028 2773 5029 2788 5029 2770 5029 2770 5030 2788 5030 2785 5030 2778 5031 2789 5031 2774 5031 2771 5032 2789 5032 2786 5032 2774 5033 2789 5033 2771 5033 2779 5034 2790 5034 2775 5034 2775 5035 2790 5035 2787 5035 2776 5036 2791 5036 2773 5036 2773 5037 2791 5037 2788 5037 1242 5038 2791 5038 2776 5038 1243 5039 2791 5039 1242 5039 1869 5040 2792 5040 1870 5040 2356 5041 2792 5041 2793 5041 1870 5042 2792 5042 2356 5042 2777 5043 2792 5043 1869 5043 2781 5044 2794 5044 2778 5044 2778 5045 2794 5045 2789 5045 2779 5046 2795 5046 2790 5046 2780 5047 2796 5047 2777 5047 2777 5048 2796 5048 2792 5048 2792 5049 2796 5049 2793 5049 2781 5050 2797 5050 2794 5050 2782 5051 2798 5051 2779 5051 2779 5052 2798 5052 2795 5052 2783 5053 2799 5053 2780 5053 2793 5054 2799 5054 2800 5054 2796 5055 2799 5055 2793 5055 2780 5056 2799 5056 2796 5056 2784 5057 2801 5057 2781 5057 2781 5058 2801 5058 2797 5058 2785 5059 2802 5059 2782 5059 2788 5060 2802 5060 2785 5060 2782 5061 2802 5061 2798 5061 2786 5062 2803 5062 2783 5062 2800 5063 2803 5063 2804 5063 2799 5064 2803 5064 2800 5064 2783 5065 2803 5065 2799 5065 2787 5066 2805 5066 2784 5066 2784 5067 2805 5067 2801 5067 2788 5068 2806 5068 2802 5068 2804 5069 2807 5069 2808 5069 2803 5070 2807 5070 2804 5070 2789 5071 2807 5071 2786 5071 2786 5072 2807 5072 2803 5072 2790 5073 2809 5073 2787 5073 2795 5074 2809 5074 2790 5074 2787 5075 2809 5075 2805 5075 2788 5076 2810 5076 2806 5076 2791 5077 2810 5077 2788 5077 1243 5078 2810 5078 2791 5078 2807 5079 2811 5079 2808 5079 2789 5080 2811 5080 2807 5080 2808 5081 2811 5081 2812 5081 2812 5082 2811 5082 2813 5082 2794 5083 2811 5083 2789 5083 2795 5084 2814 5084 2809 5084 2811 5085 2815 5085 2813 5085 2794 5086 2815 5086 2811 5086 2797 5087 2815 5087 2794 5087 2795 5088 2816 5088 2814 5088 2798 5089 2816 5089 2795 5089 2815 5090 2817 5090 2813 5090 2797 5091 2817 5091 2815 5091 2813 5092 2817 5092 2818 5092 2801 5093 2817 5093 2797 5093 2806 5094 2819 5094 2802 5094 2802 5095 2819 5095 2798 5095 2798 5096 2819 5096 2816 5096 2817 5097 2820 5097 2818 5097 2801 5098 2820 5098 2817 5098 2818 5099 2820 5099 2821 5099 2805 5100 2820 5100 2801 5100 2810 5101 2822 5101 2806 5101 2806 5102 2822 5102 2819 5102 2805 5103 2823 5103 2820 5103 2809 5104 2823 5104 2805 5104 2820 5105 2823 5105 2821 5105 2821 5106 2823 5106 2824 5106 1243 5107 2825 5107 2810 5107 2810 5108 2825 5108 2822 5108 1241 5109 2825 5109 1243 5109 2814 5110 2826 5110 2809 5110 2809 5111 2826 5111 2823 5111 2824 5112 2826 5112 2827 5112 2827 5113 2826 5113 2828 5113 2823 5114 2826 5114 2824 5114 2816 5115 2829 5115 2814 5115 2814 5116 2829 5116 2826 5116 2826 5117 2829 5117 2828 5117 2819 5118 2830 5118 2816 5118 2816 5119 2830 5119 2829 5119 2829 5120 2830 5120 2828 5120 2828 5121 2830 5121 2831 5121 2822 5122 2832 5122 2819 5122 2819 5123 2832 5123 2830 5123 2830 5124 2832 5124 2831 5124 2831 5125 2832 5125 2833 5125 2833 5126 2832 5126 2834 5126 2825 5127 2835 5127 2822 5127 1241 5128 2835 5128 2825 5128 2822 5129 2835 5129 2832 5129 2834 5130 2835 5130 1246 5130 2832 5131 2835 5131 2834 5131 1247 5132 2835 5132 1241 5132 1246 5133 2835 5133 1247 5133 1876 5134 1871 5134 2356 5134 1876 5135 1808 5135 1871 5135 1878 5136 2356 5136 2793 5136 1878 5137 1876 5137 2356 5137 1880 5138 2793 5138 2800 5138 1880 5139 1878 5139 2793 5139 1882 5140 2800 5140 2804 5140 1882 5141 1880 5141 2800 5141 1884 5142 2804 5142 2808 5142 1884 5143 1882 5143 2804 5143 1887 5144 2808 5144 2812 5144 1887 5145 1884 5145 2808 5145 1890 5146 2812 5146 2813 5146 1890 5147 2813 5147 2818 5147 1890 5148 1887 5148 2812 5148 1893 5149 2818 5149 2821 5149 1893 5150 1890 5150 2818 5150 1896 5151 1893 5151 2821 5151 1899 5152 2821 5152 2824 5152 1899 5153 2824 5153 2827 5153 1899 5154 1896 5154 2821 5154 1903 5155 1899 5155 2827 5155 1907 5156 2827 5156 2828 5156 1907 5157 1903 5157 2827 5157 1911 5158 2828 5158 2831 5158 1911 5159 1907 5159 2828 5159 1915 5160 2831 5160 2833 5160 1915 5161 1911 5161 2831 5161 1917 5162 2833 5162 2834 5162 1917 5163 2834 5163 1246 5163 1917 5164 1915 5164 2833 5164 1248 5165 1917 5165 1246 5165 1297 5166 1298 5166 1296 5166 1425 5167 1298 5167 1297 5167 1457 5168 1459 5168 1392 5168 1392 5169 1459 5169 1393 5169 1393 5170 1460 5170 1394 5170 1459 5171 1460 5171 1393 5171 1394 5172 1461 5172 1395 5172 1460 5173 1461 5173 1394 5173 1395 5174 1462 5174 1396 5174 1396 5175 1462 5175 1397 5175 1461 5176 1462 5176 1395 5176 1462 5177 1463 5177 1397 5177 1397 5178 1464 5178 1398 5178 1398 5179 1464 5179 1399 5179 1463 5180 1464 5180 1397 5180 1464 5181 1465 5181 1399 5181 1399 5182 1466 5182 1400 5182 1465 5183 1466 5183 1399 5183 1400 5184 1467 5184 1401 5184 1466 5185 1467 5185 1400 5185 1401 5186 1468 5186 1402 5186 1467 5187 1468 5187 1401 5187 1468 5188 1469 5188 1402 5188 1402 5189 1469 5189 1403 5189 1469 5190 1470 5190 1403 5190 1403 5191 1470 5191 1404 5191 1470 5192 1471 5192 1404 5192 1404 5193 1471 5193 1405 5193 1471 5194 1472 5194 1405 5194 1405 5195 1472 5195 1406 5195 1406 5196 1472 5196 1407 5196 1472 5197 1473 5197 1407 5197 1473 5198 1474 5198 1407 5198 1407 5199 1474 5199 1408 5199 1474 5200 1475 5200 1408 5200 1408 5201 1475 5201 1409 5201 1409 5202 1475 5202 1410 5202 1475 5203 1476 5203 1410 5203 1476 5204 1477 5204 1410 5204 1410 5205 1477 5205 1411 5205 1411 5206 1477 5206 1412 5206 1477 5207 1478 5207 1412 5207 1478 5208 1479 5208 1412 5208 1412 5209 1479 5209 1413 5209 1479 5210 1501 5210 1413 5210 1413 5211 1501 5211 1414 5211 1414 5212 1503 5212 1415 5212 1501 5213 1503 5213 1414 5213 1415 5214 1505 5214 1416 5214 1503 5215 1505 5215 1415 5215 1416 5216 1507 5216 1417 5216 1417 5217 1507 5217 1418 5217 1505 5218 1507 5218 1416 5218 1507 5219 1509 5219 1418 5219 1418 5220 1511 5220 1419 5220 1419 5221 1511 5221 1420 5221 1509 5222 1511 5222 1418 5222 1511 5223 1513 5223 1420 5223 1420 5224 1515 5224 1421 5224 1513 5225 1515 5225 1420 5225 1421 5226 1517 5226 1422 5226 1422 5227 1517 5227 1424 5227 1515 5228 1517 5228 1421 5228 1517 5229 1550 5229 1424 5229 1424 5230 1551 5230 1423 5230 1550 5231 1551 5231 1424 5231 1423 5232 1520 5232 1390 5232 1551 5233 1520 5233 1423 5233 1390 5234 1521 5234 1388 5234 1388 5235 1521 5235 1386 5235 1520 5236 1521 5236 1390 5236 1521 5237 1522 5237 1386 5237 1522 5238 1523 5238 1386 5238 1386 5239 1523 5239 1384 5239 1523 5240 1524 5240 1384 5240 1384 5241 1524 5241 1382 5241 1524 5242 1525 5242 1382 5242 1382 5243 1525 5243 1380 5243 1380 5244 1525 5244 1378 5244 1525 5245 1526 5245 1378 5245 1526 5246 1527 5246 1378 5246 1378 5247 1527 5247 1376 5247 1376 5248 1527 5248 1374 5248 1527 5249 1528 5249 1374 5249 1528 5250 1529 5250 1374 5250 1374 5251 1529 5251 1372 5251 1529 5252 1530 5252 1372 5252 1372 5253 1530 5253 1350 5253 1530 5254 1531 5254 1350 5254 1350 5255 1531 5255 1349 5255 1531 5256 1532 5256 1349 5256 1349 5257 1532 5257 1348 5257 1532 5258 1533 5258 1348 5258 1348 5259 1533 5259 1347 5259 1533 5260 1534 5260 1347 5260 1347 5261 1534 5261 1346 5261 1534 5262 1535 5262 1346 5262 1346 5263 1535 5263 1345 5263 1345 5264 1535 5264 1344 5264 1535 5265 1536 5265 1344 5265 1536 5266 1537 5266 1344 5266 1344 5267 1537 5267 1343 5267 1537 5268 1538 5268 1343 5268 1343 5269 1538 5269 1342 5269 1342 5270 1538 5270 1332 5270 1538 5271 1539 5271 1332 5271 1539 5272 1540 5272 1332 5272 1332 5273 1540 5273 1331 5273 1540 5274 1541 5274 1331 5274 1331 5275 1541 5275 1333 5275 1541 5276 1542 5276 1333 5276 1333 5277 1542 5277 1334 5277 1542 5278 1543 5278 1334 5278 1334 5279 1543 5279 1335 5279 1543 5280 1544 5280 1335 5280 1335 5281 1544 5281 1336 5281 1336 5282 1545 5282 1337 5282 1544 5283 1545 5283 1336 5283 1337 5284 1546 5284 1338 5284 1545 5285 1546 5285 1337 5285 1338 5286 1547 5286 1339 5286 1546 5287 1547 5287 1338 5287 1339 5288 1548 5288 1340 5288 1547 5289 1548 5289 1339 5289 1548 5290 1549 5290 1340 5290 1340 5291 1549 5291 1341 5291 1549 5292 1519 5292 1341 5292 1341 5293 1519 5293 1330 5293 1519 5294 1518 5294 1330 5294 1330 5295 1518 5295 1328 5295 1518 5296 1516 5296 1328 5296 1328 5297 1516 5297 1326 5297 1516 5298 1514 5298 1326 5298 1326 5299 1514 5299 1324 5299 1514 5300 1512 5300 1324 5300 1324 5301 1512 5301 1322 5301 1512 5302 1510 5302 1322 5302 1322 5303 1510 5303 1320 5303 1320 5304 1510 5304 1318 5304 1510 5305 1508 5305 1318 5305 1508 5306 1506 5306 1318 5306 1318 5307 1506 5307 1316 5307 1506 5308 1504 5308 1316 5308 1316 5309 1504 5309 1314 5309 1504 5310 1502 5310 1314 5310 1314 5311 1502 5311 1312 5311 1502 5312 1500 5312 1312 5312 1312 5313 1500 5313 1310 5313 1310 5314 1500 5314 1308 5314 1308 5315 1480 5315 1306 5315 1500 5316 1480 5316 1308 5316 1306 5317 1481 5317 1304 5317 1480 5318 1481 5318 1306 5318 1481 5319 1482 5319 1304 5319 1304 5320 1483 5320 1302 5320 1482 5321 1483 5321 1304 5321 1302 5322 1484 5322 1299 5322 1483 5323 1484 5323 1302 5323 1299 5324 1485 5324 1300 5324 1300 5325 1485 5325 1301 5325 1484 5326 1485 5326 1299 5326 1485 5327 1486 5327 1301 5327 1301 5328 1487 5328 1303 5328 1303 5329 1487 5329 1305 5329 1486 5330 1487 5330 1301 5330 1487 5331 1488 5331 1305 5331 1305 5332 1489 5332 1307 5332 1488 5333 1489 5333 1305 5333 1307 5334 1490 5334 1309 5334 1489 5335 1490 5335 1307 5335 1309 5336 1491 5336 1311 5336 1490 5337 1491 5337 1309 5337 1311 5338 1492 5338 1313 5338 1313 5339 1492 5339 1315 5339 1491 5340 1492 5340 1311 5340 1492 5341 1493 5341 1315 5341 1493 5342 1494 5342 1315 5342 1315 5343 1494 5343 1317 5343 1317 5344 1494 5344 1319 5344 1494 5345 1495 5345 1319 5345 1495 5346 1496 5346 1319 5346 1319 5347 1496 5347 1321 5347 1496 5348 1497 5348 1321 5348 1321 5349 1497 5349 1323 5349 1323 5350 1498 5350 1325 5350 1497 5351 1498 5351 1323 5351 1325 5352 1499 5352 1327 5352 1327 5353 1499 5353 1329 5353 1498 5354 1499 5354 1325 5354 1499 5355 1458 5355 1329 5355 1329 5356 1456 5356 1371 5356 1458 5357 1456 5357 1329 5357 1371 5358 1454 5358 1352 5358 1456 5359 1454 5359 1371 5359 1352 5360 1452 5360 1351 5360 1454 5361 1452 5361 1352 5361 1351 5362 1450 5362 1353 5362 1452 5363 1450 5363 1351 5363 1353 5364 1448 5364 1354 5364 1450 5365 1448 5365 1353 5365 1354 5366 1446 5366 1355 5366 1448 5367 1446 5367 1354 5367 1355 5368 1444 5368 1356 5368 1446 5369 1444 5369 1355 5369 1356 5370 1442 5370 1357 5370 1357 5371 1442 5371 1358 5371 1444 5372 1442 5372 1356 5372 1442 5373 1440 5373 1358 5373 1358 5374 1438 5374 1359 5374 1440 5375 1438 5375 1358 5375 1359 5376 1436 5376 1360 5376 1360 5377 1436 5377 1361 5377 1438 5378 1436 5378 1359 5378 1436 5379 1434 5379 1361 5379 1361 5380 1432 5380 1362 5380 1434 5381 1432 5381 1361 5381 1362 5382 1430 5382 1363 5382 1432 5383 1430 5383 1362 5383 1363 5384 1428 5384 1364 5384 1430 5385 1428 5385 1363 5385 1364 5386 1427 5386 1365 5386 1428 5387 1427 5387 1364 5387 1365 5388 1426 5388 1366 5388 1427 5389 1426 5389 1365 5389 1366 5390 1429 5390 1367 5390 1426 5391 1429 5391 1366 5391 1429 5392 1431 5392 1367 5392 1367 5393 1431 5393 1368 5393 1368 5394 1431 5394 1369 5394 1431 5395 1433 5395 1369 5395 1369 5396 1433 5396 1370 5396 1433 5397 1435 5397 1370 5397 1435 5398 1437 5398 1370 5398 1370 5399 1437 5399 1373 5399 1373 5400 1437 5400 1375 5400 1437 5401 1439 5401 1375 5401 1375 5402 1439 5402 1377 5402 1439 5403 1441 5403 1377 5403 1441 5404 1443 5404 1377 5404 1377 5405 1443 5405 1379 5405 1443 5406 1445 5406 1379 5406 1379 5407 1445 5407 1381 5407 1381 5408 1445 5408 1383 5408 1445 5409 1447 5409 1383 5409 1447 5410 1449 5410 1383 5410 1383 5411 1449 5411 1385 5411 1449 5412 1451 5412 1385 5412 1385 5413 1451 5413 1387 5413 1387 5414 1451 5414 1389 5414 1451 5415 1453 5415 1389 5415 1389 5416 1453 5416 1391 5416 1453 5417 1455 5417 1391 5417 1391 5418 1455 5418 1392 5418 1455 5419 1457 5419 1392 5419 1681 5420 1552 5420 1553 5420 1681 5421 1554 5421 1552 5421 1713 5422 1714 5422 1648 5422 1648 5423 1714 5423 1649 5423 1649 5424 1715 5424 1650 5424 1714 5425 1715 5425 1649 5425 1650 5426 1716 5426 1651 5426 1651 5427 1716 5427 1652 5427 1715 5428 1716 5428 1650 5428 1716 5429 1717 5429 1652 5429 1652 5430 1718 5430 1653 5430 1717 5431 1718 5431 1652 5431 1653 5432 1719 5432 1654 5432 1718 5433 1719 5433 1653 5433 1654 5434 1720 5434 1655 5434 1655 5435 1720 5435 1656 5435 1719 5436 1720 5436 1654 5436 1720 5437 1721 5437 1656 5437 1656 5438 1722 5438 1657 5438 1721 5439 1722 5439 1656 5439 1657 5440 1723 5440 1658 5440 1722 5441 1723 5441 1657 5441 1723 5442 1724 5442 1658 5442 1658 5443 1724 5443 1659 5443 1724 5444 1725 5444 1659 5444 1659 5445 1725 5445 1660 5445 1660 5446 1725 5446 1661 5446 1725 5447 1726 5447 1661 5447 1726 5448 1727 5448 1661 5448 1661 5449 1727 5449 1662 5449 1727 5450 1728 5450 1662 5450 1662 5451 1728 5451 1663 5451 1728 5452 1729 5452 1663 5452 1663 5453 1729 5453 1664 5453 1729 5454 1730 5454 1664 5454 1664 5455 1730 5455 1665 5455 1665 5456 1730 5456 1666 5456 1730 5457 1731 5457 1666 5457 1731 5458 1732 5458 1666 5458 1666 5459 1732 5459 1667 5459 1732 5460 1733 5460 1667 5460 1667 5461 1733 5461 1668 5461 1733 5462 1734 5462 1668 5462 1668 5463 1734 5463 1669 5463 1734 5464 1735 5464 1669 5464 1669 5465 1735 5465 1670 5465 1670 5466 1736 5466 1671 5466 1735 5467 1736 5467 1670 5467 1671 5468 1736 5468 1672 5468 1672 5469 1737 5469 1673 5469 1736 5470 1737 5470 1672 5470 1737 5471 1763 5471 1673 5471 1673 5472 1765 5472 1674 5472 1674 5473 1765 5473 1675 5473 1763 5474 1765 5474 1673 5474 1765 5475 1767 5475 1675 5475 1675 5476 1769 5476 1676 5476 1676 5477 1769 5477 1677 5477 1767 5478 1769 5478 1675 5478 1677 5479 1771 5479 1678 5479 1769 5480 1771 5480 1677 5480 1771 5481 1773 5481 1678 5481 1678 5482 1806 5482 1680 5482 1680 5483 1806 5483 1679 5483 1773 5484 1806 5484 1678 5484 1679 5485 1807 5485 1646 5485 1806 5486 1807 5486 1679 5486 1807 5487 1776 5487 1646 5487 1646 5488 1777 5488 1644 5488 1644 5489 1777 5489 1642 5489 1776 5490 1777 5490 1646 5490 1777 5491 1778 5491 1642 5491 1778 5492 1779 5492 1642 5492 1642 5493 1779 5493 1640 5493 1779 5494 1780 5494 1640 5494 1640 5495 1780 5495 1638 5495 1780 5496 1781 5496 1638 5496 1638 5497 1781 5497 1612 5497 1781 5498 1782 5498 1612 5498 1612 5499 1782 5499 1611 5499 1782 5500 1783 5500 1611 5500 1611 5501 1783 5501 1610 5501 1783 5502 1784 5502 1610 5502 1610 5503 1784 5503 1609 5503 1784 5504 1785 5504 1609 5504 1609 5505 1785 5505 1608 5505 1608 5506 1785 5506 1607 5506 1785 5507 1786 5507 1607 5507 1786 5508 1787 5508 1607 5508 1607 5509 1787 5509 1606 5509 1787 5510 1788 5510 1606 5510 1606 5511 1788 5511 1605 5511 1788 5512 1789 5512 1605 5512 1605 5513 1789 5513 1604 5513 1789 5514 1790 5514 1604 5514 1604 5515 1790 5515 1603 5515 1790 5516 1791 5516 1603 5516 1603 5517 1791 5517 1602 5517 1791 5518 1792 5518 1602 5518 1602 5519 1792 5519 1601 5519 1792 5520 1793 5520 1601 5520 1601 5521 1793 5521 1600 5521 1793 5522 1794 5522 1600 5522 1600 5523 1794 5523 1599 5523 1794 5524 1795 5524 1599 5524 1599 5525 1795 5525 1598 5525 1795 5526 1796 5526 1598 5526 1598 5527 1796 5527 1597 5527 1796 5528 1797 5528 1597 5528 1597 5529 1797 5529 1596 5529 1797 5530 1798 5530 1596 5530 1596 5531 1798 5531 1589 5531 1798 5532 1799 5532 1589 5532 1589 5533 1799 5533 1588 5533 1799 5534 1800 5534 1588 5534 1588 5535 1800 5535 1590 5535 1590 5536 1801 5536 1591 5536 1800 5537 1801 5537 1590 5537 1591 5538 1802 5538 1592 5538 1801 5539 1802 5539 1591 5539 1592 5540 1803 5540 1593 5540 1802 5541 1803 5541 1592 5541 1593 5542 1804 5542 1594 5542 1803 5543 1804 5543 1593 5543 1804 5544 1805 5544 1594 5544 1594 5545 1805 5545 1595 5545 1805 5546 1775 5546 1595 5546 1595 5547 1775 5547 1586 5547 1775 5548 1774 5548 1586 5548 1586 5549 1774 5549 1584 5549 1774 5550 1772 5550 1584 5550 1584 5551 1772 5551 1582 5551 1772 5552 1770 5552 1582 5552 1582 5553 1770 5553 1580 5553 1770 5554 1768 5554 1580 5554 1580 5555 1768 5555 1578 5555 1578 5556 1768 5556 1576 5556 1768 5557 1766 5557 1576 5557 1766 5558 1764 5558 1576 5558 1576 5559 1764 5559 1574 5559 1764 5560 1762 5560 1574 5560 1574 5561 1762 5561 1572 5561 1762 5562 1738 5562 1572 5562 1572 5563 1738 5563 1570 5563 1738 5564 1739 5564 1570 5564 1570 5565 1739 5565 1568 5565 1739 5566 1740 5566 1568 5566 1568 5567 1740 5567 1566 5567 1564 5568 1741 5568 1562 5568 1740 5569 1741 5569 1566 5569 1566 5570 1741 5570 1564 5570 1741 5571 1742 5571 1562 5571 1562 5572 1743 5572 1560 5572 1742 5573 1743 5573 1562 5573 1560 5574 1744 5574 1558 5574 1558 5575 1744 5575 1555 5575 1743 5576 1744 5576 1560 5576 1744 5577 1745 5577 1555 5577 1555 5578 1746 5578 1556 5578 1556 5579 1746 5579 1557 5579 1745 5580 1746 5580 1555 5580 1746 5581 1747 5581 1557 5581 1557 5582 1748 5582 1559 5582 1559 5583 1748 5583 1561 5583 1747 5584 1748 5584 1557 5584 1748 5585 1749 5585 1561 5585 1561 5586 1750 5586 1563 5586 1749 5587 1750 5587 1561 5587 1563 5588 1751 5588 1565 5588 1750 5589 1751 5589 1563 5589 1565 5590 1752 5590 1567 5590 1751 5591 1752 5591 1565 5591 1567 5592 1753 5592 1569 5592 1752 5593 1753 5593 1567 5593 1569 5594 1754 5594 1571 5594 1571 5595 1754 5595 1573 5595 1753 5596 1754 5596 1569 5596 1754 5597 1755 5597 1573 5597 1755 5598 1756 5598 1573 5598 1573 5599 1756 5599 1575 5599 1756 5600 1757 5600 1575 5600 1575 5601 1757 5601 1577 5601 1757 5602 1758 5602 1577 5602 1577 5603 1758 5603 1579 5603 1579 5604 1759 5604 1581 5604 1581 5605 1759 5605 1583 5605 1758 5606 1759 5606 1579 5606 1759 5607 1760 5607 1583 5607 1583 5608 1761 5608 1585 5608 1760 5609 1761 5609 1583 5609 1585 5610 1712 5610 1587 5610 1761 5611 1712 5611 1585 5611 1587 5612 1710 5612 1614 5612 1712 5613 1710 5613 1587 5613 1614 5614 1708 5614 1613 5614 1710 5615 1708 5615 1614 5615 1613 5616 1706 5616 1615 5616 1708 5617 1706 5617 1613 5617 1615 5618 1704 5618 1616 5618 1706 5619 1704 5619 1615 5619 1616 5620 1702 5620 1617 5620 1704 5621 1702 5621 1616 5621 1617 5622 1700 5622 1618 5622 1702 5623 1700 5623 1617 5623 1618 5624 1698 5624 1619 5624 1700 5625 1698 5625 1618 5625 1619 5626 1696 5626 1620 5626 1698 5627 1696 5627 1619 5627 1620 5628 1694 5628 1621 5628 1696 5629 1694 5629 1620 5629 1621 5630 1692 5630 1622 5630 1694 5631 1692 5631 1621 5631 1622 5632 1690 5632 1623 5632 1692 5633 1690 5633 1622 5633 1623 5634 1688 5634 1624 5634 1690 5635 1688 5635 1623 5635 1624 5636 1686 5636 1625 5636 1688 5637 1686 5637 1624 5637 1625 5638 1684 5638 1626 5638 1686 5639 1684 5639 1625 5639 1626 5640 1683 5640 1627 5640 1684 5641 1683 5641 1626 5641 1627 5642 1682 5642 1628 5642 1683 5643 1682 5643 1627 5643 1682 5644 1685 5644 1628 5644 1628 5645 1685 5645 1629 5645 1685 5646 1687 5646 1629 5646 1629 5647 1687 5647 1630 5647 1630 5648 1687 5648 1631 5648 1687 5649 1689 5649 1631 5649 1689 5650 1691 5650 1631 5650 1631 5651 1691 5651 1632 5651 1691 5652 1693 5652 1632 5652 1632 5653 1693 5653 1633 5653 1693 5654 1695 5654 1633 5654 1633 5655 1695 5655 1634 5655 1695 5656 1697 5656 1634 5656 1634 5657 1697 5657 1635 5657 1697 5658 1699 5658 1635 5658 1635 5659 1699 5659 1636 5659 1699 5660 1701 5660 1636 5660 1636 5661 1701 5661 1637 5661 1701 5662 1703 5662 1637 5662 1637 5663 1703 5663 1639 5663 1703 5664 1705 5664 1639 5664 1639 5665 1705 5665 1641 5665 1705 5666 1707 5666 1641 5666 1641 5667 1707 5667 1643 5667 1643 5668 1707 5668 1645 5668 1707 5669 1709 5669 1645 5669 1645 5670 1711 5670 1647 5670 1709 5671 1711 5671 1645 5671 1647 5672 1713 5672 1648 5672 1711 5673 1713 5673 1647 5673 1874 5674 1872 5674 2836 5674 2836 5675 1872 5675 2837 5675 1872 5676 1873 5676 2837 5676 2837 5677 1873 5677 2838 5677 1873 5678 1875 5678 2838 5678 2838 5679 1875 5679 2839 5679 1875 5680 1874 5680 2839 5680 2839 5681 1874 5681 2836 5681 2838 5682 2840 5682 2837 5682 2841 5683 2840 5683 2838 5683 2836 5684 2837 5684 2840 5684 2842 5685 2836 5685 2840 5685 2839 5686 2842 5686 2843 5686 2839 5687 2843 5687 2841 5687 2839 5688 2841 5688 2838 5688 2839 5689 2836 5689 2842 5689 2844 5690 2845 5690 2842 5690 2844 5691 2842 5691 2840 5691 2846 5692 2844 5692 2840 5692 2846 5693 2840 5693 2841 5693 2847 5694 2846 5694 2841 5694 2847 5695 2841 5695 2843 5695 2845 5696 2847 5696 2843 5696 2845 5697 2843 5697 2842 5697 2847 5698 2845 5698 2844 5698 2847 5699 2844 5699 2846 5699</p>
        </triangles>
      </mesh>
    </geometry>
  </library_geometries>
  <library_materials>
    <material id="mat_Body002" name="Body002">
      <instance_effect url="#effect_Body002"/>
    </material>
  </library_materials>
  <library_visual_scenes>
    <visual_scene id="myscene">
      <node id="node0" name="node0">
        <instance_geometry url="#geometry0">
          <bind_material>
            <technique_common>
              <instance_material symbol="ref_Body002" target="#mat_Body002"/>
            </technique_common>
          </bind_material>
        </instance_geometry>
      </node>
    </visual_scene>
  </library_visual_scenes>
  <scene>
    <instance_visual_scene url="#myscene"/>
  </scene>
</COLLADA>
